Workbook

Sheet Recap Commande Inventaire
B1: Nord mobile 1 | C1: Nord 1 | D1: Nord 2 | E1: Nord mobile 2 | F1: Esplanade | G1: Est mobile 1 | H1: Est 1 | I1: Est mobile 2 | J1: Est mobile 3 | K1: Est 2 | L1: Est mobile 4 | M1: Sud 1 | N1: Sud2 | O1: Principale Modible 1 | P1: Principale 1 | Q1: Principale Modible 2 | R1: Principale Modible 3 | S1: Principale 2 | T1: Principale Modible 4 | U1: Visiteur | V1: Total | W1: Commande
A2: Aligal 2 7kg
A3: Aligal vide
A4: Aligal 2 7kg
A5: Brooklyn EIPA 30lt Fût
A6: Cardinal Blonde 20lt Fût
A7: Servettienne 20lt Fût
A8: Bonde la piece bouteille
A9: Blanche la piece bouteille
A10: IPA la piece bouteille
A11: Grimbergen blanche 20lt Fût
A12: Magners 30lt Fût
A13: Cardinal Blonde Citernes lt
... A231: Consigne Bouteille de gaz de ville

Sheet START

Sheet Inventaire Patinoire & Stade
A1: INVENTAIRE STADE
A4: Catégories | B4: Valeur d'inventaire
A5: Bières | B5: ='Inventaire Generale'!C5 -> 65516.45
A6: Consignes | B6: ='Inventaire Generale'!C6 -> 0
A7: Vins | B7: ='Inventaire Generale'!C7 -> 2310
A8: Boissons avec alcool / Spiritueux | B8: ='Inventaire Generale'!C8 -> 0
A9: Boissons sans alcool | B9: ='Inventaire Generale'!C9 -> 18846.89
A10: Caféterie | B10: ='Inventaire Generale'!C10 -> 0
A11: Negoce | B11: ='Inventaire Generale'!C11 -> 993.12
A12: Boulangerie | B12: ='Inventaire Generale'!C12 -> 0
A13: Sauce & Condiments | B13: ='Inventaire Generale'!C13 -> 1100.91
A14: Surgelés | B14: ='Inventaire Generale'!C14 -> 9168.26
A15: Viandes | B15: ='Inventaire Generale'!C15 -> 0
A16: Graisse & Huile | B16: ='Inventaire Generale'!C16 -> 416
... A19: Divers | B19: ='Inventaire Generale'!C19 -> 0
A20: TOTAL | B20: =B5+B7+B6+B8+B9+B10+B11+B12+B13+B14+B15+B16+B17+B18+B19 -> 103286.08
A22: INVENTAIRE PATINOIRE
A25: Catégories | B25: Valeur d'inventaire
A26: Bières | B26: ='Inventaire General Patinoire'!C5 -> 13977.86
A27: Consignes | B27: ='Inventaire General Patinoire'!C6 -> 200
A28: Vins | B28: ='Inventaire General Patinoire'!C7 -> 2293.475
A29: Boissons avec alcool / Spiritueux | B29: ='Inventaire General Patinoire'!C8 -> 293.15
A30: Boissons sans alcool | B30: ='Inventaire General Patinoire'!C9 -> 6144.54
A31: Caféterie | B31: ='Inventaire General Patinoire'!C10 -> 0
A32: Negoce | B32: ='Inventaire General Patinoire'!C11 -> 1769.72
A33: Boulangerie | B33: ='Inventaire General Patinoire'!C12 -> 0
A34: Sauce & Condiments | B34: ='Inventaire General Patinoire'!C13 -> 951.97
A35: Surgelés | B35: ='Inventaire General Patinoire'!C14 -> 0
A36: Produis Laitiers | B36: ='Inventaire General Patinoire'!C15 -> 0
A37: Graisse & Huile | B37: ='Inventaire General Patinoire'!C16 -> 0
... A40: Divers | B40: ='Inventaire General Patinoire'!C19 -> 270.25
A41: TOTAL | B41: =B26+B27+B28+B29+B30+B31+B32+B33+B34+B35+B36+B37+B38+B39+B40 -> 27425.025
A44: Stade | B44: =B20 -> 103286.08
A45: Patinoire | B45: =B41 -> 27425.025
A46: Total : | B46: =B44+B45 -> 130711.1

Sheet Inventaire Generale
B1: TOTAL PRODUIT CONSOLIDE
B4: Catégories | C4: Valeur d'inventaire
B5: Bières | C5: =J23 -> 65516.45
B6: Consignes | C6: =J4 -> 0
B7: Vins | C7: =J50 -> 2310
B8: Boissons avec alcool / Spiritueux | C8: =J78 -> 0
B9: Boissons sans alcool | C9: =J122 -> 18846.89
B10: Caféterie | C10: =J176 -> 0
B11: Negoce | C11: =J187 -> 993.12
B12: Boulangerie | C12: =J193 -> 0
B13: Sauce & Condiments | C13: =J195 -> 1100.91
B14: Surgelés | C14: =J208 -> 9168.26
B15: Viandes | C15: =J214 -> 0
B16: Graisse & Huile | C16: =J222 -> 416
B17: Mono-usages | C17: =J224 -> 3677.27
B18: Produit de nettoyage | C18: =J245 -> 1257.18
B19: Divers | C19: =J257 -> 0
B20: TOTAL | C20: =C5+C7+C6+C8+C9+C10+C11+C12+C13+C14+C15+C16+C17+C18+C19 -> 103286.08
A21: INVENTAIRES PATINOIRE
B22: Catégorie | C22: Article d'inventaire | D22: MIN. REQUIS | E22: STOCKS | F22: QUANTITE A REMETTRE | G22: MANQUE / RUPTURE | H22: UNITE | I22: PRIX | J22: Valeur d'inventaire
A23: Catégorie :Bières | I23: TOTAL : | J23: =SUM(J24:J40) -> 65516.45
B24: Bières | C24: Aligal 2 7kg | E24: ='Nord 1'!E24+'Nord 2'!E24+'Nord Mobile 1'!E24+'Nord Mobile 2'!E24+Esplanade!E24+'Est mobile 1'!E24+'Est 1'!E24+'Est mobile 2'!E24+'Est Mobile 3'!E24+'Est 2'!E24+'Est mobile 4'!E24+'Réserve Sud'!E24+'Sud 1'!E24+'Sud 2'!E24+Visiteurs!E24+'Principale mobile 1'!E24+'Principale 1 '!E24+'Principale mobile 2'!E24+'Principale mobile 3'!E24+'Principale 2'!E24+'Principale mobile 4'!E24 -> 53 | G24: =SUM('Nord Mobile 1'!G24,'Nord 1'!G24,'Nord 2'!G24,'Nord Mobile 2'!G24,Esplanade!G24,'Est mobile 1'!G24,'Est 1'!G24,'Est mobile 2'!G24,'Est Mobile 3'!G24,'Est 2'!G24,'Est mobile 4'!G24,'Sud 1'!G24,'Sud 2'!G24,Visiteurs!G24,'Principale mobile 1'!G24,'Principale mobile 2'!G24,'Principale mobile 3'!G24,'Principale 2'!G24,'Principale mobile 4'!G24) -> 8 | H24: EA | I24: 55.95 | J24: =E24*I24 -> 2965.35
B25: Bières | C25: Brooklyn EIPA 30lt Fût | E25: ='Nord 1'!E25+'Nord 2'!E25+'Nord Mobile 1'!E25+'Nord Mobile 2'!E25+Esplanade!E25+'Est mobile 1'!E25+'Est 1'!E25+'Est mobile 2'!E25+'Est Mobile 3'!E25+'Est 2'!E25+'Est mobile 4'!E25+'Réserve Sud'!E25+'Sud 1'!E25+'Sud 2'!E25+Visiteurs!E25+'Principale mobile 1'!E25+'Principale 1 '!E25+'Principale mobile 2'!E25+'Principale mobile 3'!E25+'Principale 2'!E25+'Principale mobile 4'!E25 -> 0 | G25: =SUM('Nord Mobile 1'!G25,'Nord 1'!G25,'Nord 2'!G25,'Nord Mobile 2'!G25,Esplanade!G25,'Est mobile 1'!G25,'Est 1'!G25,'Est mobile 2'!G25,'Est Mobile 3'!G25,'Est 2'!G25,'Est mobile 4'!G25,'Sud 1'!G25,'Sud 2'!G25,Visiteurs!G25,'Principale mobile 1'!G25,'Principale mobile 2'!G25,'Principale mobile 3'!G25,'Principale 2'!G25,'Principale mobile 4'!G25) -> 0 | H25: EA | I25: 173.1 | J25: =E25*I25 -> 0
B26: Bières | C26: Cardinal Blonde 20lt Fût | E26: ='Nord 1'!E26+'Nord 2'!E26+'Nord Mobile 1'!E26+'Nord Mobile 2'!E26+Esplanade!E26+'Est mobile 1'!E26+'Est 1'!E26+'Est mobile 2'!E26+'Est Mobile 3'!E26+'Est 2'!E26+'Est mobile 4'!E26+'Réserve Sud'!E26+'Sud 1'!E26+'Sud 2'!E26+Visiteurs!E26+'Principale mobile 1'!E26+'Principale 1 '!E26+'Principale mobile 2'!E26+'Principale mobile 3'!E26+'Principale 2'!E26+'Principale mobile 4'!E26 -> 527 | G26: =SUM('Nord Mobile 1'!G26,'Nord 1'!G26,'Nord 2'!G26,'Nord Mobile 2'!G26,Esplanade!G26,'Est mobile 1'!G26,'Est 1'!G26,'Est mobile 2'!G26,'Est Mobile 3'!G26,'Est 2'!G26,'Est mobile 4'!G26,'Sud 1'!G26,'Sud 2'!G26,Visiteurs!G26,'Principale mobile 1'!G26,'Principale mobile 2'!G26,'Principale mobile 3'!G26,'Principale 2'!G26,'Principale mobile 4'!G26) -> 45 | H26: EA | I26: 75.4 | J26: =E26*I26 -> 39735.8
B27: Bières | C27: Servettienne 20lt Fût | E27: ='Nord 1'!E27+'Nord 2'!E27+'Nord Mobile 1'!E27+'Nord Mobile 2'!E27+Esplanade!E27+'Est mobile 1'!E27+'Est 1'!E27+'Est mobile 2'!E27+'Est Mobile 3'!E27+'Est 2'!E27+'Est mobile 4'!E27+'Réserve Sud'!E27+'Sud 1'!E27+'Sud 2'!E27+Visiteurs!E27+'Principale mobile 1'!E27+'Principale 1 '!E27+'Principale mobile 2'!E27+'Principale mobile 3'!E27+'Principale 2'!E27+'Principale mobile 4'!E27 -> 215 | G27: =SUM('Nord Mobile 1'!G27,'Nord 1'!G27,'Nord 2'!G27,'Nord Mobile 2'!G27,Esplanade!G27,'Est mobile 1'!G27,'Est 1'!G27,'Est mobile 2'!G27,'Est Mobile 3'!G27,'Est 2'!G27,'Est mobile 4'!G27,'Sud 1'!G27,'Sud 2'!G27,Visiteurs!G27,'Principale mobile 1'!G27,'Principale mobile 2'!G27,'Principale mobile 3'!G27,'Principale 2'!G27,'Principale mobile 4'!G27) -> 28 | H27: EA | I27: 84.9 | J27: =E27*I27 -> 18253.5
B28: Bières | C28: Bonde la piece bouteille | E28: ='Nord 1'!E28+'Nord 2'!E28+'Nord Mobile 1'!E28+'Nord Mobile 2'!E28+Esplanade!E28+'Est mobile 1'!E28+'Est 1'!E28+'Est mobile 2'!E28+'Est Mobile 3'!E28+'Est 2'!E28+'Est mobile 4'!E28+'Réserve Sud'!E28+'Sud 1'!E28+'Sud 2'!E28+Visiteurs!E28+'Principale mobile 1'!E28+'Principale 1 '!E28+'Principale mobile 2'!E28+'Principale mobile 3'!E28+'Principale 2'!E28+'Principale mobile 4'!E28 -> 0 | G28: =SUM('Nord Mobile 1'!G28,'Nord 1'!G28,'Nord 2'!G28,'Nord Mobile 2'!G28,Esplanade!G28,'Est mobile 1'!G28,'Est 1'!G28,'Est mobile 2'!G28,'Est Mobile 3'!G28,'Est 2'!G28,'Est mobile 4'!G28,'Sud 1'!G28,'Sud 2'!G28,Visiteurs!G28,'Principale mobile 1'!G28,'Principale mobile 2'!G28,'Principale mobile 3'!G28,'Principale 2'!G28,'Principale mobile 4'!G28) -> 0 | H28: EA | I28: 2.96 | J28: =E28*I28 -> 0
B29: Bières | C29: Blanche la piece bouteille | E29: ='Nord 1'!E29+'Nord 2'!E29+'Nord Mobile 1'!E29+'Nord Mobile 2'!E29+Esplanade!E29+'Est mobile 1'!E29+'Est 1'!E29+'Est mobile 2'!E29+'Est Mobile 3'!E29+'Est 2'!E29+'Est mobile 4'!E29+'Réserve Sud'!E29+'Sud 1'!E29+'Sud 2'!E29+Visiteurs!E29+'Principale mobile 1'!E29+'Principale 1 '!E29+'Principale mobile 2'!E29+'Principale mobile 3'!E29+'Principale 2'!E29+'Principale mobile 4'!E29 -> 0 | G29: =SUM('Nord Mobile 1'!G29,'Nord 1'!G29,'Nord 2'!G29,'Nord Mobile 2'!G29,Esplanade!G29,'Est mobile 1'!G29,'Est 1'!G29,'Est mobile 2'!G29,'Est Mobile 3'!G29,'Est 2'!G29,'Est mobile 4'!G29,'Sud 1'!G29,'Sud 2'!G29,Visiteurs!G29,'Principale mobile 1'!G29,'Principale mobile 2'!G29,'Principale mobile 3'!G29,'Principale 2'!G29,'Principale mobile 4'!G29) -> 0 | H29: EA | I29: 2.96 | J29: =E29*I29 -> 0
B30: Bières | C30: IPA la piece bouteille | E30: ='Nord 1'!E30+'Nord 2'!E30+'Nord Mobile 1'!E30+'Nord Mobile 2'!E30+Esplanade!E30+'Est mobile 1'!E30+'Est 1'!E30+'Est mobile 2'!E30+'Est Mobile 3'!E30+'Est 2'!E30+'Est mobile 4'!E30+'Réserve Sud'!E30+'Sud 1'!E30+'Sud 2'!E30+Visiteurs!E30+'Principale mobile 1'!E30+'Principale 1 '!E30+'Principale mobile 2'!E30+'Principale mobile 3'!E30+'Principale 2'!E30+'Principale mobile 4'!E30 -> 0 | G30: =SUM('Nord Mobile 1'!G30,'Nord 1'!G30,'Nord 2'!G30,'Nord Mobile 2'!G30,Esplanade!G30,'Est mobile 1'!G30,'Est 1'!G30,'Est mobile 2'!G30,'Est Mobile 3'!G30,'Est 2'!G30,'Est mobile 4'!G30,'Sud 1'!G30,'Sud 2'!G30,Visiteurs!G30,'Principale mobile 1'!G30,'Principale mobile 2'!G30,'Principale mobile 3'!G30,'Principale 2'!G30,'Principale mobile 4'!G30) -> 0 | H30: EA | I30: 2.96 | J30: =E30*I30 -> 0
B31: Bières | C31: Grimbergen blanche 20lt Fût | E31: ='Nord 1'!E31+'Nord 2'!E31+'Nord Mobile 1'!E31+'Nord Mobile 2'!E31+Esplanade!E31+'Est mobile 1'!E31+'Est 1'!E31+'Est mobile 2'!E31+'Est Mobile 3'!E31+'Est 2'!E31+'Est mobile 4'!E31+'Réserve Sud'!E31+'Sud 1'!E31+'Sud 2'!E31+Visiteurs!E31+'Principale mobile 1'!E31+'Principale 1 '!E31+'Principale mobile 2'!E31+'Principale mobile 3'!E31+'Principale 2'!E31+'Principale mobile 4'!E31 -> 33 | G31: =SUM('Nord Mobile 1'!G31,'Nord 1'!G31,'Nord 2'!G31,'Nord Mobile 2'!G31,Esplanade!G31,'Est mobile 1'!G31,'Est 1'!G31,'Est mobile 2'!G31,'Est Mobile 3'!G31,'Est 2'!G31,'Est mobile 4'!G31,'Sud 1'!G31,'Sud 2'!G31,Visiteurs!G31,'Principale mobile 1'!G31,'Principale mobile 2'!G31,'Principale mobile 3'!G31,'Principale 2'!G31,'Principale mobile 4'!G31) -> 0 | H31: EA | I31: 107.2 | J31: =E31*I31 -> 3537.6
B32: Bières | C32: Magners 30lt Fût | E32: ='Nord 1'!E32+'Nord 2'!E32+'Nord Mobile 1'!E32+'Nord Mobile 2'!E32+Esplanade!E32+'Est mobile 1'!E32+'Est 1'!E32+'Est mobile 2'!E32+'Est Mobile 3'!E32+'Est 2'!E32+'Est mobile 4'!E32+'Réserve Sud'!E32+'Sud 1'!E32+'Sud 2'!E32+Visiteurs!E32+'Principale mobile 1'!E32+'Principale 1 '!E32+'Principale mobile 2'!E32+'Principale mobile 3'!E32+'Principale 2'!E32+'Principale mobile 4'!E32 -> 6 | G32: =SUM('Nord Mobile 1'!G32,'Nord 1'!G32,'Nord 2'!G32,'Nord Mobile 2'!G32,Esplanade!G32,'Est mobile 1'!G32,'Est 1'!G32,'Est mobile 2'!G32,'Est Mobile 3'!G32,'Est 2'!G32,'Est mobile 4'!G32,'Sud 1'!G32,'Sud 2'!G32,Visiteurs!G32,'Principale mobile 1'!G32,'Principale mobile 2'!G32,'Principale mobile 3'!G32,'Principale 2'!G32,'Principale mobile 4'!G32) -> 0 | H32: EA | I32: 170.7 | J32: =E32*I32 -> 1024.2
B33: Bières | C33: Cardinal Blonde Citernes lt | E33: ='Nord 1'!E33+'Nord 2'!E33+'Nord Mobile 1'!E33+'Nord Mobile 2'!E33+Esplanade!E33+'Est mobile 1'!E33+'Est 1'!E33+'Est mobile 2'!E33+'Est Mobile 3'!E33+'Est 2'!E33+'Est mobile 4'!E33+'Réserve Sud'!E33+'Sud 1'!E33+'Sud 2'!E33+Visiteurs!E33+'Principale mobile 1'!E33+'Principale 1 '!E33+'Principale mobile 2'!E33+'Principale mobile 3'!E33+'Principale 2'!E33+'Principale mobile 4'!E33 -> 0 | G33: =SUM('Nord Mobile 1'!G33,'Nord 1'!G33,'Nord 2'!G33,'Nord Mobile 2'!G33,Esplanade!G33,'Est mobile 1'!G33,'Est 1'!G33,'Est mobile 2'!G33,'Est Mobile 3'!G33,'Est 2'!G33,'Est mobile 4'!G33,'Sud 1'!G33,'Sud 2'!G33,Visiteurs!G33,'Principale mobile 1'!G33,'Principale mobile 2'!G33,'Principale mobile 3'!G33,'Principale 2'!G33,'Principale mobile 4'!G33) -> 0 | H33: lt | I33: 3.77 | J33: =E33*I33 -> 0
B34: Bières | C34: Valaisanne Bière de Cave - Bière bouteille | E34: ='Nord 1'!E34+'Nord 2'!E34+'Nord Mobile 1'!E34+'Nord Mobile 2'!E34+Esplanade!E34+'Est mobile 1'!E34+'Est 1'!E34+'Est mobile 2'!E34+'Est Mobile 3'!E34+'Est 2'!E34+'Est mobile 4'!E34+'Réserve Sud'!E34+'Sud 1'!E34+'Sud 2'!E34+Visiteurs!E34+'Principale mobile 1'!E34+'Principale 1 '!E34+'Principale mobile 2'!E34+'Principale mobile 3'!E34+'Principale 2'!E34+'Principale mobile 4'!E34 -> 0 | G34: =SUM('Nord Mobile 1'!G34,'Nord 1'!G34,'Nord 2'!G34,'Nord Mobile 2'!G34,Esplanade!G34,'Est mobile 1'!G34,'Est 1'!G34,'Est mobile 2'!G34,'Est Mobile 3'!G34,'Est 2'!G34,'Est mobile 4'!G34,'Sud 1'!G34,'Sud 2'!G34,Visiteurs!G34,'Principale mobile 1'!G34,'Principale mobile 2'!G34,'Principale mobile 3'!G34,'Principale 2'!G34,'Principale mobile 4'!G34) -> 0 | H34: EA | I34: 2.56 | J34: =E34*I34 -> 0
B35: Bières | C35: Valaisanne IPA - Bière bouteille | E35: ='Nord 1'!E35+'Nord 2'!E35+'Nord Mobile 1'!E35+'Nord Mobile 2'!E35+Esplanade!E35+'Est mobile 1'!E35+'Est 1'!E35+'Est mobile 2'!E35+'Est Mobile 3'!E35+'Est 2'!E35+'Est mobile 4'!E35+'Réserve Sud'!E35+'Sud 1'!E35+'Sud 2'!E35+Visiteurs!E35+'Principale mobile 1'!E35+'Principale 1 '!E35+'Principale mobile 2'!E35+'Principale mobile 3'!E35+'Principale 2'!E35+'Principale mobile 4'!E35 -> 0 | G35: =SUM('Nord Mobile 1'!G35,'Nord 1'!G35,'Nord 2'!G35,'Nord Mobile 2'!G35,Esplanade!G35,'Est mobile 1'!G35,'Est 1'!G35,'Est mobile 2'!G35,'Est Mobile 3'!G35,'Est 2'!G35,'Est mobile 4'!G35,'Sud 1'!G35,'Sud 2'!G35,Visiteurs!G35,'Principale mobile 1'!G35,'Principale mobile 2'!G35,'Principale mobile 3'!G35,'Principale 2'!G35,'Principale mobile 4'!G35) -> 0 | H35: EA | I35: 3.08 | J35: =E35*I35 -> 0
... B40: Bières | C40: Cidre 33cl "La Genevoise du Terroir" | E40: ='Nord 1'!E40+'Nord 2'!E40+'Nord Mobile 1'!E40+'Nord Mobile 2'!E40+Esplanade!E40+'Est mobile 1'!E40+'Est 1'!E40+'Est mobile 2'!E40+'Est Mobile 3'!E40+'Est 2'!E40+'Est mobile 4'!E40+'Réserve Sud'!E40+'Sud 1'!E40+'Sud 2'!E40+Visiteurs!E40+'Principale mobile 1'!E40+'Principale 1 '!E40+'Principale mobile 2'!E40+'Principale mobile 3'!E40+'Principale 2'!E40+'Principale mobile 4'!E40 -> 0 | G40: =SUM('Nord Mobile 1'!G40,'Nord 1'!G40,'Nord 2'!G40,'Nord Mobile 2'!G40,Esplanade!G40,'Est mobile 1'!G40,'Est 1'!G40,'Est mobile 2'!G40,'Est Mobile 3'!G40,'Est 2'!G40,'Est mobile 4'!G40,'Sud 1'!G40,'Sud 2'!G40,Visiteurs!G40,'Principale mobile 1'!G40,'Principale mobile 2'!G40,'Principale mobile 3'!G40,'Principale 2'!G40,'Principale mobile 4'!G40) -> 0 | H40: EA | I40: 3.45 | J40: =E40*I40 -> 0
A41: Catégorie : Consignes | E41: ='Nord 1'!E41+'Nord 2'!E41+'Nord Mobile 1'!E41+'Nord Mobile 2'!E41+Esplanade!E41+'Est mobile 1'!E41+'Est 1'!E41+'Est mobile 2'!E41+'Est Mobile 3'!E41+'Est 2'!E41+'Est mobile 4'!E41+'Réserve Sud'!E41+'Sud 1'!E41+'Sud 2'!E41+Visiteurs!E41+'Principale mobile 1'!E41+'Principale 1 '!E41+'Principale mobile 2'!E41+'Principale mobile 3'!E41+'Principale 2'!E41+'Principale mobile 4'!E41 -> 0 | G41: =SUM('Nord Mobile 1'!G41,'Nord 1'!G41,'Nord 2'!G41,'Nord Mobile 2'!G41,Esplanade!G41,'Est mobile 1'!G41,'Est 1'!G41,'Est mobile 2'!G41,'Est Mobile 3'!G41,'Est 2'!G41,'Est mobile 4'!G41,'Sud 1'!G41,'Sud 2'!G41,Visiteurs!G41,'Principale mobile 1'!G41,'Principale mobile 2'!G41,'Principale mobile 3'!G41,'Principale 2'!G41,'Principale mobile 4'!G41) -> 0 | I41: TOTAL : | J41: =SUM(J42:J49) -> 41515
B42: Consignes | C42: Bouteille / Aligal consignée | E42: ='Nord 1'!E42+'Nord 2'!E42+'Nord Mobile 1'!E42+'Nord Mobile 2'!E42+Esplanade!E42+'Est mobile 1'!E42+'Est 1'!E42+'Est mobile 2'!E42+'Est Mobile 3'!E42+'Est 2'!E42+'Est mobile 4'!E42+'Réserve Sud'!E42+'Sud 1'!E42+'Sud 2'!E42+Visiteurs!E42+'Principale mobile 1'!E42+'Principale 1 '!E42+'Principale mobile 2'!E42+'Principale mobile 3'!E42+'Principale 2'!E42+'Principale mobile 4'!E42 -> 46 | G42: =SUM('Nord Mobile 1'!G42,'Nord 1'!G42,'Nord 2'!G42,'Nord Mobile 2'!G42,Esplanade!G42,'Est mobile 1'!G42,'Est 1'!G42,'Est mobile 2'!G42,'Est Mobile 3'!G42,'Est 2'!G42,'Est mobile 4'!G42,'Sud 1'!G42,'Sud 2'!G42,Visiteurs!G42,'Principale mobile 1'!G42,'Principale mobile 2'!G42,'Principale mobile 3'!G42,'Principale 2'!G42,'Principale mobile 4'!G42) -> 0 | H42: EA | I42: 100 | J42: =E42*I42 -> 4600
B43: Consignes | C43: Caisse 24bt vides consignées (Sodas) | E43: ='Nord 1'!E43+'Nord 2'!E43+'Nord Mobile 1'!E43+'Nord Mobile 2'!E43+Esplanade!E43+'Est mobile 1'!E43+'Est 1'!E43+'Est mobile 2'!E43+'Est Mobile 3'!E43+'Est 2'!E43+'Est mobile 4'!E43+'Réserve Sud'!E43+'Sud 1'!E43+'Sud 2'!E43+Visiteurs!E43+'Principale mobile 1'!E43+'Principale 1 '!E43+'Principale mobile 2'!E43+'Principale mobile 3'!E43+'Principale 2'!E43+'Principale mobile 4'!E43 -> 0 | G43: =SUM('Nord Mobile 1'!G43,'Nord 1'!G43,'Nord 2'!G43,'Nord Mobile 2'!G43,Esplanade!G43,'Est mobile 1'!G43,'Est 1'!G43,'Est mobile 2'!G43,'Est Mobile 3'!G43,'Est 2'!G43,'Est mobile 4'!G43,'Sud 1'!G43,'Sud 2'!G43,Visiteurs!G43,'Principale mobile 1'!G43,'Principale mobile 2'!G43,'Principale mobile 3'!G43,'Principale 2'!G43,'Principale mobile 4'!G43) -> 0 | H43: EA | I43: 12.2 | J43: =E43*I43 -> 0
B44: Consignes | C44: Caisse 20bt vides consignées (Valser) | E44: ='Nord 1'!E44+'Nord 2'!E44+'Nord Mobile 1'!E44+'Nord Mobile 2'!E44+Esplanade!E44+'Est mobile 1'!E44+'Est 1'!E44+'Est mobile 2'!E44+'Est Mobile 3'!E44+'Est 2'!E44+'Est mobile 4'!E44+'Réserve Sud'!E44+'Sud 1'!E44+'Sud 2'!E44+Visiteurs!E44+'Principale mobile 1'!E44+'Principale 1 '!E44+'Principale mobile 2'!E44+'Principale mobile 3'!E44+'Principale 2'!E44+'Principale mobile 4'!E44 -> 0 | G44: =SUM('Nord Mobile 1'!G44,'Nord 1'!G44,'Nord 2'!G44,'Nord Mobile 2'!G44,Esplanade!G44,'Est mobile 1'!G44,'Est 1'!G44,'Est mobile 2'!G44,'Est Mobile 3'!G44,'Est 2'!G44,'Est mobile 4'!G44,'Sud 1'!G44,'Sud 2'!G44,Visiteurs!G44,'Principale mobile 1'!G44,'Principale mobile 2'!G44,'Principale mobile 3'!G44,'Principale 2'!G44,'Principale mobile 4'!G44) -> 0 | H44: EA | I44: 11 | J44: =E44*I44 -> 0
B45: Consignes | C45: Caisse verres consignés (Bières) | E45: ='Nord 1'!E45+'Nord 2'!E45+'Nord Mobile 1'!E45+'Nord Mobile 2'!E45+Esplanade!E45+'Est mobile 1'!E45+'Est 1'!E45+'Est mobile 2'!E45+'Est Mobile 3'!E45+'Est 2'!E45+'Est mobile 4'!E45+'Réserve Sud'!E45+'Sud 1'!E45+'Sud 2'!E45+Visiteurs!E45+'Principale mobile 1'!E45+'Principale 1 '!E45+'Principale mobile 2'!E45+'Principale mobile 3'!E45+'Principale 2'!E45+'Principale mobile 4'!E45 -> 0 | G45: =SUM('Nord Mobile 1'!G45,'Nord 1'!G45,'Nord 2'!G45,'Nord Mobile 2'!G45,Esplanade!G45,'Est mobile 1'!G45,'Est 1'!G45,'Est mobile 2'!G45,'Est Mobile 3'!G45,'Est 2'!G45,'Est mobile 4'!G45,'Sud 1'!G45,'Sud 2'!G45,Visiteurs!G45,'Principale mobile 1'!G45,'Principale mobile 2'!G45,'Principale mobile 3'!G45,'Principale 2'!G45,'Principale mobile 4'!G45) -> 0 | H45: EA | I45: 5 | J45: =E45*I45 -> 0
B46: Consignes | C46: Caisse BT 1,5L PET consignée | E46: ='Nord 1'!E46+'Nord 2'!E46+'Nord Mobile 1'!E46+'Nord Mobile 2'!E46+Esplanade!E46+'Est mobile 1'!E46+'Est 1'!E46+'Est mobile 2'!E46+'Est Mobile 3'!E46+'Est 2'!E46+'Est mobile 4'!E46+'Réserve Sud'!E46+'Sud 1'!E46+'Sud 2'!E46+Visiteurs!E46+'Principale mobile 1'!E46+'Principale 1 '!E46+'Principale mobile 2'!E46+'Principale mobile 3'!E46+'Principale 2'!E46+'Principale mobile 4'!E46 -> 163 | G46: =SUM('Nord Mobile 1'!G46,'Nord 1'!G46,'Nord 2'!G46,'Nord Mobile 2'!G46,Esplanade!G46,'Est mobile 1'!G46,'Est 1'!G46,'Est mobile 2'!G46,'Est Mobile 3'!G46,'Est 2'!G46,'Est mobile 4'!G46,'Sud 1'!G46,'Sud 2'!G46,Visiteurs!G46,'Principale mobile 1'!G46,'Principale mobile 2'!G46,'Principale mobile 3'!G46,'Principale 2'!G46,'Principale mobile 4'!G46) -> 0 | H46: EA | I46: 5 | J46: =E46*I46 -> 815
B47: Consignes | C47: Caisse 24bt vides consignées (Bières sans alcool) | E47: ='Nord 1'!E47+'Nord 2'!E47+'Nord Mobile 1'!E47+'Nord Mobile 2'!E47+Esplanade!E47+'Est mobile 1'!E47+'Est 1'!E47+'Est mobile 2'!E47+'Est Mobile 3'!E47+'Est 2'!E47+'Est mobile 4'!E47+'Réserve Sud'!E47+'Sud 1'!E47+'Sud 2'!E47+Visiteurs!E47+'Principale mobile 1'!E47+'Principale 1 '!E47+'Principale mobile 2'!E47+'Principale mobile 3'!E47+'Principale 2'!E47+'Principale mobile 4'!E47 -> 0 | G47: =SUM('Nord Mobile 1'!G47,'Nord 1'!G47,'Nord 2'!G47,'Nord Mobile 2'!G47,Esplanade!G47,'Est mobile 1'!G47,'Est 1'!G47,'Est mobile 2'!G47,'Est Mobile 3'!G47,'Est 2'!G47,'Est mobile 4'!G47,'Sud 1'!G47,'Sud 2'!G47,Visiteurs!G47,'Principale mobile 1'!G47,'Principale mobile 2'!G47,'Principale mobile 3'!G47,'Principale 2'!G47,'Principale mobile 4'!G47) -> 0 | H47: EA | I47: 11 | J47: =E47*I47 -> 0
B48: Consignes | C48: Container / Fûts consignés | E48: ='Nord 1'!E48+'Nord 2'!E48+'Nord Mobile 1'!E48+'Nord Mobile 2'!E48+Esplanade!E48+'Est mobile 1'!E48+'Est 1'!E48+'Est mobile 2'!E48+'Est Mobile 3'!E48+'Est 2'!E48+'Est mobile 4'!E48+'Réserve Sud'!E48+'Sud 1'!E48+'Sud 2'!E48+Visiteurs!E48+'Principale mobile 1'!E48+'Principale 1 '!E48+'Principale mobile 2'!E48+'Principale mobile 3'!E48+'Principale 2'!E48+'Principale mobile 4'!E48 -> 722 | G48: =SUM('Nord Mobile 1'!G48,'Nord 1'!G48,'Nord 2'!G48,'Nord Mobile 2'!G48,Esplanade!G48,'Est mobile 1'!G48,'Est 1'!G48,'Est mobile 2'!G48,'Est Mobile 3'!G48,'Est 2'!G48,'Est mobile 4'!G48,'Sud 1'!G48,'Sud 2'!G48,Visiteurs!G48,'Principale mobile 1'!G48,'Principale mobile 2'!G48,'Principale mobile 3'!G48,'Principale 2'!G48,'Principale mobile 4'!G48) -> 0 | H48: EA | I48: 50 | J48: =E48*I48 -> 36100
B49: Consignes | C49: Caisse de 20bt Brasserie de la pièce | E49: ='Nord 1'!E49+'Nord 2'!E49+'Nord Mobile 1'!E49+'Nord Mobile 2'!E49+Esplanade!E49+'Est mobile 1'!E49+'Est 1'!E49+'Est mobile 2'!E49+'Est Mobile 3'!E49+'Est 2'!E49+'Est mobile 4'!E49+'Réserve Sud'!E49+'Sud 1'!E49+'Sud 2'!E49+Visiteurs!E49+'Principale mobile 1'!E49+'Principale 1 '!E49+'Principale mobile 2'!E49+'Principale mobile 3'!E49+'Principale 2'!E49+'Principale mobile 4'!E49 -> 0 | G49: =SUM('Nord Mobile 1'!G49,'Nord 1'!G49,'Nord 2'!G49,'Nord Mobile 2'!G49,Esplanade!G49,'Est mobile 1'!G49,'Est 1'!G49,'Est mobile 2'!G49,'Est Mobile 3'!G49,'Est 2'!G49,'Est mobile 4'!G49,'Sud 1'!G49,'Sud 2'!G49,Visiteurs!G49,'Principale mobile 1'!G49,'Principale mobile 2'!G49,'Principale mobile 3'!G49,'Principale 2'!G49,'Principale mobile 4'!G49) -> 0 | H49: EA | I49: 5 | J49: =E49*I49 -> 0
B50: Catégorie : Vins | E50: ='Nord 1'!E50+'Nord 2'!E50+'Nord Mobile 1'!E50+'Nord Mobile 2'!E50+Esplanade!E50+'Est mobile 1'!E50+'Est 1'!E50+'Est mobile 2'!E50+'Est Mobile 3'!E50+'Est 2'!E50+'Est mobile 4'!E50+'Réserve Sud'!E50+'Sud 1'!E50+'Sud 2'!E50+Visiteurs!E50+'Principale mobile 1'!E50+'Principale 1 '!E50+'Principale mobile 2'!E50+'Principale mobile 3'!E50+'Principale 2'!E50+'Principale mobile 4'!E50 -> 0 | G50: =SUM('Nord Mobile 1'!G50,'Nord 1'!G50,'Nord 2'!G50,'Nord Mobile 2'!G50,Esplanade!G50,'Est mobile 1'!G50,'Est 1'!G50,'Est mobile 2'!G50,'Est Mobile 3'!G50,'Est 2'!G50,'Est mobile 4'!G50,'Sud 1'!G50,'Sud 2'!G50,Visiteurs!G50,'Principale mobile 1'!G50,'Principale mobile 2'!G50,'Principale mobile 3'!G50,'Principale 2'!G50,'Principale mobile 4'!G50) -> 0 | I50: TOTAL : | J50: =SUM(J52:J77) -> 2310
B51: LA CAVE DE GENÉVE | E51: ='Nord 1'!E51+'Nord 2'!E51+'Nord Mobile 1'!E51+'Nord Mobile 2'!E51+Esplanade!E51+'Est mobile 1'!E51+'Est 1'!E51+'Est mobile 2'!E51+'Est Mobile 3'!E51+'Est 2'!E51+'Est mobile 4'!E51+'Réserve Sud'!E51+'Sud 1'!E51+'Sud 2'!E51+Visiteurs!E51+'Principale mobile 1'!E51+'Principale 1 '!E51+'Principale mobile 2'!E51+'Principale mobile 3'!E51+'Principale 2'!E51+'Principale mobile 4'!E51 -> 0 | G51: =SUM('Nord Mobile 1'!G51,'Nord 1'!G51,'Nord 2'!G51,'Nord Mobile 2'!G51,Esplanade!G51,'Est mobile 1'!G51,'Est 1'!G51,'Est mobile 2'!G51,'Est Mobile 3'!G51,'Est 2'!G51,'Est mobile 4'!G51,'Sud 1'!G51,'Sud 2'!G51,Visiteurs!G51,'Principale mobile 1'!G51,'Principale mobile 2'!G51,'Principale mobile 3'!G51,'Principale 2'!G51,'Principale mobile 4'!G51) -> 0
B52: Vins | C52: Baccarat brut, Blanc chardonnay 75cl | E52: ='Nord 1'!E52+'Nord 2'!E52+'Nord Mobile 1'!E52+'Nord Mobile 2'!E52+Esplanade!E52+'Est mobile 1'!E52+'Est 1'!E52+'Est mobile 2'!E52+'Est Mobile 3'!E52+'Est 2'!E52+'Est mobile 4'!E52+'Réserve Sud'!E52+'Sud 1'!E52+'Sud 2'!E52+Visiteurs!E52+'Principale mobile 1'!E52+'Principale 1 '!E52+'Principale mobile 2'!E52+'Principale mobile 3'!E52+'Principale 2'!E52+'Principale mobile 4'!E52 -> 0 | G52: =SUM('Nord Mobile 1'!G52,'Nord 1'!G52,'Nord 2'!G52,'Nord Mobile 2'!G52,Esplanade!G52,'Est mobile 1'!G52,'Est 1'!G52,'Est mobile 2'!G52,'Est Mobile 3'!G52,'Est 2'!G52,'Est mobile 4'!G52,'Sud 1'!G52,'Sud 2'!G52,Visiteurs!G52,'Principale mobile 1'!G52,'Principale mobile 2'!G52,'Principale mobile 3'!G52,'Principale 2'!G52,'Principale mobile 4'!G52) -> 0 | H52: EA | I52: 13 | J52: =E52*I52 -> 0
B53: Vins | C53: Baccarat rosé 75cl | E53: ='Nord 1'!E53+'Nord 2'!E53+'Nord Mobile 1'!E53+'Nord Mobile 2'!E53+Esplanade!E53+'Est mobile 1'!E53+'Est 1'!E53+'Est mobile 2'!E53+'Est Mobile 3'!E53+'Est 2'!E53+'Est mobile 4'!E53+'Réserve Sud'!E53+'Sud 1'!E53+'Sud 2'!E53+Visiteurs!E53+'Principale mobile 1'!E53+'Principale 1 '!E53+'Principale mobile 2'!E53+'Principale mobile 3'!E53+'Principale 2'!E53+'Principale mobile 4'!E53 -> 0 | G53: =SUM('Nord Mobile 1'!G53,'Nord 1'!G53,'Nord 2'!G53,'Nord Mobile 2'!G53,Esplanade!G53,'Est mobile 1'!G53,'Est 1'!G53,'Est mobile 2'!G53,'Est Mobile 3'!G53,'Est 2'!G53,'Est mobile 4'!G53,'Sud 1'!G53,'Sud 2'!G53,Visiteurs!G53,'Principale mobile 1'!G53,'Principale mobile 2'!G53,'Principale mobile 3'!G53,'Principale 2'!G53,'Principale mobile 4'!G53) -> 0 | H53: EA | I53: 13 | J53: =E53*I53 -> 0
B54: Vins | C54: Baccarat Club 75cl | E54: ='Nord 1'!E54+'Nord 2'!E54+'Nord Mobile 1'!E54+'Nord Mobile 2'!E54+Esplanade!E54+'Est mobile 1'!E54+'Est 1'!E54+'Est mobile 2'!E54+'Est Mobile 3'!E54+'Est 2'!E54+'Est mobile 4'!E54+'Réserve Sud'!E54+'Sud 1'!E54+'Sud 2'!E54+Visiteurs!E54+'Principale mobile 1'!E54+'Principale 1 '!E54+'Principale mobile 2'!E54+'Principale mobile 3'!E54+'Principale 2'!E54+'Principale mobile 4'!E54 -> 0 | G54: =SUM('Nord Mobile 1'!G54,'Nord 1'!G54,'Nord 2'!G54,'Nord Mobile 2'!G54,Esplanade!G54,'Est mobile 1'!G54,'Est 1'!G54,'Est mobile 2'!G54,'Est Mobile 3'!G54,'Est 2'!G54,'Est mobile 4'!G54,'Sud 1'!G54,'Sud 2'!G54,Visiteurs!G54,'Principale mobile 1'!G54,'Principale mobile 2'!G54,'Principale mobile 3'!G54,'Principale 2'!G54,'Principale mobile 4'!G54) -> 0 | H54: EA | I54: 8.9 | J54: =E54*I54 -> 0
B55: Vins | C55: Belles filles Chasselas AOC Geneve 2019 75cl | E55: ='Nord 1'!E55+'Nord 2'!E55+'Nord Mobile 1'!E55+'Nord Mobile 2'!E55+Esplanade!E55+'Est mobile 1'!E55+'Est 1'!E55+'Est mobile 2'!E55+'Est Mobile 3'!E55+'Est 2'!E55+'Est mobile 4'!E55+'Réserve Sud'!E55+'Sud 1'!E55+'Sud 2'!E55+Visiteurs!E55+'Principale mobile 1'!E55+'Principale 1 '!E55+'Principale mobile 2'!E55+'Principale mobile 3'!E55+'Principale 2'!E55+'Principale mobile 4'!E55 -> 64 | G55: =SUM('Nord Mobile 1'!G55,'Nord 1'!G55,'Nord 2'!G55,'Nord Mobile 2'!G55,Esplanade!G55,'Est mobile 1'!G55,'Est 1'!G55,'Est mobile 2'!G55,'Est Mobile 3'!G55,'Est 2'!G55,'Est mobile 4'!G55,'Sud 1'!G55,'Sud 2'!G55,Visiteurs!G55,'Principale mobile 1'!G55,'Principale mobile 2'!G55,'Principale mobile 3'!G55,'Principale 2'!G55,'Principale mobile 4'!G55) -> 20 | H55: EA | I55: 8.35 | J55: =E55*I55 -> 534.4
B56: Vins | C56: Belles filles Gamay AOC Geneve 2019 75cl | E56: ='Nord 1'!E56+'Nord 2'!E56+'Nord Mobile 1'!E56+'Nord Mobile 2'!E56+Esplanade!E56+'Est mobile 1'!E56+'Est 1'!E56+'Est mobile 2'!E56+'Est Mobile 3'!E56+'Est 2'!E56+'Est mobile 4'!E56+'Réserve Sud'!E56+'Sud 1'!E56+'Sud 2'!E56+Visiteurs!E56+'Principale mobile 1'!E56+'Principale 1 '!E56+'Principale mobile 2'!E56+'Principale mobile 3'!E56+'Principale 2'!E56+'Principale mobile 4'!E56 -> 178 | G56: =SUM('Nord Mobile 1'!G56,'Nord 1'!G56,'Nord 2'!G56,'Nord Mobile 2'!G56,Esplanade!G56,'Est mobile 1'!G56,'Est 1'!G56,'Est mobile 2'!G56,'Est Mobile 3'!G56,'Est 2'!G56,'Est mobile 4'!G56,'Sud 1'!G56,'Sud 2'!G56,Visiteurs!G56,'Principale mobile 1'!G56,'Principale mobile 2'!G56,'Principale mobile 3'!G56,'Principale 2'!G56,'Principale mobile 4'!G56) -> 8 | H56: EA | I56: 8.9 | J56: =E56*I56 -> 1584.2
B57: Vins | C57: Belles Filles, Rosé de Gamay | E57: ='Nord 1'!E57+'Nord 2'!E57+'Nord Mobile 1'!E57+'Nord Mobile 2'!E57+Esplanade!E57+'Est mobile 1'!E57+'Est 1'!E57+'Est mobile 2'!E57+'Est Mobile 3'!E57+'Est 2'!E57+'Est mobile 4'!E57+'Réserve Sud'!E57+'Sud 1'!E57+'Sud 2'!E57+Visiteurs!E57+'Principale mobile 1'!E57+'Principale 1 '!E57+'Principale mobile 2'!E57+'Principale mobile 3'!E57+'Principale 2'!E57+'Principale mobile 4'!E57 -> 22 | G57: =SUM('Nord Mobile 1'!G57,'Nord 1'!G57,'Nord 2'!G57,'Nord Mobile 2'!G57,Esplanade!G57,'Est mobile 1'!G57,'Est 1'!G57,'Est mobile 2'!G57,'Est Mobile 3'!G57,'Est 2'!G57,'Est mobile 4'!G57,'Sud 1'!G57,'Sud 2'!G57,Visiteurs!G57,'Principale mobile 1'!G57,'Principale mobile 2'!G57,'Principale mobile 3'!G57,'Principale 2'!G57,'Principale mobile 4'!G57) -> 13 | H57: EA | I57: 8.7 | J57: =E57*I57 -> 191.4
B58: Vins | C58: Belles Filles, Pinot Noir | E58: ='Nord 1'!E58+'Nord 2'!E58+'Nord Mobile 1'!E58+'Nord Mobile 2'!E58+Esplanade!E58+'Est mobile 1'!E58+'Est 1'!E58+'Est mobile 2'!E58+'Est Mobile 3'!E58+'Est 2'!E58+'Est mobile 4'!E58+'Réserve Sud'!E58+'Sud 1'!E58+'Sud 2'!E58+Visiteurs!E58+'Principale mobile 1'!E58+'Principale 1 '!E58+'Principale mobile 2'!E58+'Principale mobile 3'!E58+'Principale 2'!E58+'Principale mobile 4'!E58 -> 0 | G58: =SUM('Nord Mobile 1'!G58,'Nord 1'!G58,'Nord 2'!G58,'Nord Mobile 2'!G58,Esplanade!G58,'Est mobile 1'!G58,'Est 1'!G58,'Est mobile 2'!G58,'Est Mobile 3'!G58,'Est 2'!G58,'Est mobile 4'!G58,'Sud 1'!G58,'Sud 2'!G58,Visiteurs!G58,'Principale mobile 1'!G58,'Principale mobile 2'!G58,'Principale mobile 3'!G58,'Principale 2'!G58,'Principale mobile 4'!G58) -> 0 | H58: EA | I58: 12.15 | J58: =E58*I58 -> 0
B59: Vins | C59: Clémence, Chasselas Vieilles Vignes | E59: ='Nord 1'!E59+'Nord 2'!E59+'Nord Mobile 1'!E59+'Nord Mobile 2'!E59+Esplanade!E59+'Est mobile 1'!E59+'Est 1'!E59+'Est mobile 2'!E59+'Est Mobile 3'!E59+'Est 2'!E59+'Est mobile 4'!E59+'Réserve Sud'!E59+'Sud 1'!E59+'Sud 2'!E59+Visiteurs!E59+'Principale mobile 1'!E59+'Principale 1 '!E59+'Principale mobile 2'!E59+'Principale mobile 3'!E59+'Principale 2'!E59+'Principale mobile 4'!E59 -> 0 | G59: =SUM('Nord Mobile 1'!G59,'Nord 1'!G59,'Nord 2'!G59,'Nord Mobile 2'!G59,Esplanade!G59,'Est mobile 1'!G59,'Est 1'!G59,'Est mobile 2'!G59,'Est Mobile 3'!G59,'Est 2'!G59,'Est mobile 4'!G59,'Sud 1'!G59,'Sud 2'!G59,Visiteurs!G59,'Principale mobile 1'!G59,'Principale mobile 2'!G59,'Principale mobile 3'!G59,'Principale 2'!G59,'Principale mobile 4'!G59) -> 0 | H59: EA | I59: 11.35 | J59: =E59*I59 -> 0
B60: Vins | C60: Clémence, Divicot | E60: ='Nord 1'!E60+'Nord 2'!E60+'Nord Mobile 1'!E60+'Nord Mobile 2'!E60+Esplanade!E60+'Est mobile 1'!E60+'Est 1'!E60+'Est mobile 2'!E60+'Est Mobile 3'!E60+'Est 2'!E60+'Est mobile 4'!E60+'Réserve Sud'!E60+'Sud 1'!E60+'Sud 2'!E60+Visiteurs!E60+'Principale mobile 1'!E60+'Principale 1 '!E60+'Principale mobile 2'!E60+'Principale mobile 3'!E60+'Principale 2'!E60+'Principale mobile 4'!E60 -> 0 | G60: =SUM('Nord Mobile 1'!G60,'Nord 1'!G60,'Nord 2'!G60,'Nord Mobile 2'!G60,Esplanade!G60,'Est mobile 1'!G60,'Est 1'!G60,'Est mobile 2'!G60,'Est Mobile 3'!G60,'Est 2'!G60,'Est mobile 4'!G60,'Sud 1'!G60,'Sud 2'!G60,Visiteurs!G60,'Principale mobile 1'!G60,'Principale mobile 2'!G60,'Principale mobile 3'!G60,'Principale 2'!G60,'Principale mobile 4'!G60) -> 0 | H60: EA | I60: 14.65 | J60: =E60*I60 -> 0
B61: Vins | C61: Clémence, Chardonnay | E61: ='Nord 1'!E61+'Nord 2'!E61+'Nord Mobile 1'!E61+'Nord Mobile 2'!E61+Esplanade!E61+'Est mobile 1'!E61+'Est 1'!E61+'Est mobile 2'!E61+'Est Mobile 3'!E61+'Est 2'!E61+'Est mobile 4'!E61+'Réserve Sud'!E61+'Sud 1'!E61+'Sud 2'!E61+Visiteurs!E61+'Principale mobile 1'!E61+'Principale 1 '!E61+'Principale mobile 2'!E61+'Principale mobile 3'!E61+'Principale 2'!E61+'Principale mobile 4'!E61 -> 0 | G61: =SUM('Nord Mobile 1'!G61,'Nord 1'!G61,'Nord 2'!G61,'Nord Mobile 2'!G61,Esplanade!G61,'Est mobile 1'!G61,'Est 1'!G61,'Est mobile 2'!G61,'Est Mobile 3'!G61,'Est 2'!G61,'Est mobile 4'!G61,'Sud 1'!G61,'Sud 2'!G61,Visiteurs!G61,'Principale mobile 1'!G61,'Principale mobile 2'!G61,'Principale mobile 3'!G61,'Principale 2'!G61,'Principale mobile 4'!G61) -> 0 | H61: EA | I61: 16.25 | J61: =E61*I61 -> 0
B62: Vins | C62: Clémence, Merlot | E62: ='Nord 1'!E62+'Nord 2'!E62+'Nord Mobile 1'!E62+'Nord Mobile 2'!E62+Esplanade!E62+'Est mobile 1'!E62+'Est 1'!E62+'Est mobile 2'!E62+'Est Mobile 3'!E62+'Est 2'!E62+'Est mobile 4'!E62+'Réserve Sud'!E62+'Sud 1'!E62+'Sud 2'!E62+Visiteurs!E62+'Principale mobile 1'!E62+'Principale 1 '!E62+'Principale mobile 2'!E62+'Principale mobile 3'!E62+'Principale 2'!E62+'Principale mobile 4'!E62 -> 0 | G62: =SUM('Nord Mobile 1'!G62,'Nord 1'!G62,'Nord 2'!G62,'Nord Mobile 2'!G62,Esplanade!G62,'Est mobile 1'!G62,'Est 1'!G62,'Est mobile 2'!G62,'Est Mobile 3'!G62,'Est 2'!G62,'Est mobile 4'!G62,'Sud 1'!G62,'Sud 2'!G62,Visiteurs!G62,'Principale mobile 1'!G62,'Principale mobile 2'!G62,'Principale mobile 3'!G62,'Principale 2'!G62,'Principale mobile 4'!G62) -> 0 | H62: EA | I62: 17.9 | J62: =E62*I62 -> 0
B63: Vins | C63: Clémence, Gamaret 75cl | E63: ='Nord 1'!E63+'Nord 2'!E63+'Nord Mobile 1'!E63+'Nord Mobile 2'!E63+Esplanade!E63+'Est mobile 1'!E63+'Est 1'!E63+'Est mobile 2'!E63+'Est Mobile 3'!E63+'Est 2'!E63+'Est mobile 4'!E63+'Réserve Sud'!E63+'Sud 1'!E63+'Sud 2'!E63+Visiteurs!E63+'Principale mobile 1'!E63+'Principale 1 '!E63+'Principale mobile 2'!E63+'Principale mobile 3'!E63+'Principale 2'!E63+'Principale mobile 4'!E63 -> 0 | G63: =SUM('Nord Mobile 1'!G63,'Nord 1'!G63,'Nord 2'!G63,'Nord Mobile 2'!G63,Esplanade!G63,'Est mobile 1'!G63,'Est 1'!G63,'Est mobile 2'!G63,'Est Mobile 3'!G63,'Est 2'!G63,'Est mobile 4'!G63,'Sud 1'!G63,'Sud 2'!G63,Visiteurs!G63,'Principale mobile 1'!G63,'Principale mobile 2'!G63,'Principale mobile 3'!G63,'Principale 2'!G63,'Principale mobile 4'!G63) -> 0 | H63: EA | I63: 15.95 | J63: =E63*I63 -> 0
B64: Vins | C64: Clémence, Sauvignon 75cl | E64: ='Nord 1'!E64+'Nord 2'!E64+'Nord Mobile 1'!E64+'Nord Mobile 2'!E64+Esplanade!E64+'Est mobile 1'!E64+'Est 1'!E64+'Est mobile 2'!E64+'Est Mobile 3'!E64+'Est 2'!E64+'Est mobile 4'!E64+'Réserve Sud'!E64+'Sud 1'!E64+'Sud 2'!E64+Visiteurs!E64+'Principale mobile 1'!E64+'Principale 1 '!E64+'Principale mobile 2'!E64+'Principale mobile 3'!E64+'Principale 2'!E64+'Principale mobile 4'!E64 -> 0 | G64: =SUM('Nord Mobile 1'!G64,'Nord 1'!G64,'Nord 2'!G64,'Nord Mobile 2'!G64,Esplanade!G64,'Est mobile 1'!G64,'Est 1'!G64,'Est mobile 2'!G64,'Est Mobile 3'!G64,'Est 2'!G64,'Est mobile 4'!G64,'Sud 1'!G64,'Sud 2'!G64,Visiteurs!G64,'Principale mobile 1'!G64,'Principale mobile 2'!G64,'Principale mobile 3'!G64,'Principale 2'!G64,'Principale mobile 4'!G64) -> 0 | H64: EA | I64: 15.45 | J64: =E64*I64 -> 0
B65: LAURENT PERRIER | E65: ='Nord 1'!E65+'Nord 2'!E65+'Nord Mobile 1'!E65+'Nord Mobile 2'!E65+Esplanade!E65+'Est mobile 1'!E65+'Est 1'!E65+'Est mobile 2'!E65+'Est Mobile 3'!E65+'Est 2'!E65+'Est mobile 4'!E65+'Réserve Sud'!E65+'Sud 1'!E65+'Sud 2'!E65+Visiteurs!E65+'Principale mobile 1'!E65+'Principale 1 '!E65+'Principale mobile 2'!E65+'Principale mobile 3'!E65+'Principale 2'!E65+'Principale mobile 4'!E65 -> 0 | G65: =SUM('Nord Mobile 1'!G65,'Nord 1'!G65,'Nord 2'!G65,'Nord Mobile 2'!G65,Esplanade!G65,'Est mobile 1'!G65,'Est 1'!G65,'Est mobile 2'!G65,'Est Mobile 3'!G65,'Est 2'!G65,'Est mobile 4'!G65,'Sud 1'!G65,'Sud 2'!G65,Visiteurs!G65,'Principale mobile 1'!G65,'Principale mobile 2'!G65,'Principale mobile 3'!G65,'Principale 2'!G65,'Principale mobile 4'!G65) -> 0 | J65: =E65*I65 -> 0
B66: Vins | C66: Champagne, Laurent Perrier Brut la Cuvée 75cl | E66: ='Nord 1'!E66+'Nord 2'!E66+'Nord Mobile 1'!E66+'Nord Mobile 2'!E66+Esplanade!E66+'Est mobile 1'!E66+'Est 1'!E66+'Est mobile 2'!E66+'Est Mobile 3'!E66+'Est 2'!E66+'Est mobile 4'!E66+'Réserve Sud'!E66+'Sud 1'!E66+'Sud 2'!E66+Visiteurs!E66+'Principale mobile 1'!E66+'Principale 1 '!E66+'Principale mobile 2'!E66+'Principale mobile 3'!E66+'Principale 2'!E66+'Principale mobile 4'!E66 -> 0 | G66: =SUM('Nord Mobile 1'!G66,'Nord 1'!G66,'Nord 2'!G66,'Nord Mobile 2'!G66,Esplanade!G66,'Est mobile 1'!G66,'Est 1'!G66,'Est mobile 2'!G66,'Est Mobile 3'!G66,'Est 2'!G66,'Est mobile 4'!G66,'Sud 1'!G66,'Sud 2'!G66,Visiteurs!G66,'Principale mobile 1'!G66,'Principale mobile 2'!G66,'Principale mobile 3'!G66,'Principale 2'!G66,'Principale mobile 4'!G66) -> 0 | H66: EA | I66: 31.05 | J66: =E66*I66 -> 0
B67: Vins | C67: Champagne, Laurent Perrier Brut la Cuvée 150cl | E67: ='Nord 1'!E67+'Nord 2'!E67+'Nord Mobile 1'!E67+'Nord Mobile 2'!E67+Esplanade!E67+'Est mobile 1'!E67+'Est 1'!E67+'Est mobile 2'!E67+'Est Mobile 3'!E67+'Est 2'!E67+'Est mobile 4'!E67+'Réserve Sud'!E67+'Sud 1'!E67+'Sud 2'!E67+Visiteurs!E67+'Principale mobile 1'!E67+'Principale 1 '!E67+'Principale mobile 2'!E67+'Principale mobile 3'!E67+'Principale 2'!E67+'Principale mobile 4'!E67 -> 0 | G67: =SUM('Nord Mobile 1'!G67,'Nord 1'!G67,'Nord 2'!G67,'Nord Mobile 2'!G67,Esplanade!G67,'Est mobile 1'!G67,'Est 1'!G67,'Est mobile 2'!G67,'Est Mobile 3'!G67,'Est 2'!G67,'Est mobile 4'!G67,'Sud 1'!G67,'Sud 2'!G67,Visiteurs!G67,'Principale mobile 1'!G67,'Principale mobile 2'!G67,'Principale mobile 3'!G67,'Principale 2'!G67,'Principale mobile 4'!G67) -> 0 | H67: EA | I67: 60.79 | J67: =E67*I67 -> 0
B68: Vins | C68: Champagne, Laurent Perrier Rosé 75cl | E68: ='Nord 1'!E68+'Nord 2'!E68+'Nord Mobile 1'!E68+'Nord Mobile 2'!E68+Esplanade!E68+'Est mobile 1'!E68+'Est 1'!E68+'Est mobile 2'!E68+'Est Mobile 3'!E68+'Est 2'!E68+'Est mobile 4'!E68+'Réserve Sud'!E68+'Sud 1'!E68+'Sud 2'!E68+Visiteurs!E68+'Principale mobile 1'!E68+'Principale 1 '!E68+'Principale mobile 2'!E68+'Principale mobile 3'!E68+'Principale 2'!E68+'Principale mobile 4'!E68 -> 0 | G68: =SUM('Nord Mobile 1'!G68,'Nord 1'!G68,'Nord 2'!G68,'Nord Mobile 2'!G68,Esplanade!G68,'Est mobile 1'!G68,'Est 1'!G68,'Est mobile 2'!G68,'Est Mobile 3'!G68,'Est 2'!G68,'Est mobile 4'!G68,'Sud 1'!G68,'Sud 2'!G68,Visiteurs!G68,'Principale mobile 1'!G68,'Principale mobile 2'!G68,'Principale mobile 3'!G68,'Principale 2'!G68,'Principale mobile 4'!G68) -> 0 | H68: EA | I68: 56.55 | J68: =E68*I68 -> 0
B69: Vins | C69: Champagne, Laurent Perrier Rosé 150cl | E69: ='Nord 1'!E69+'Nord 2'!E69+'Nord Mobile 1'!E69+'Nord Mobile 2'!E69+Esplanade!E69+'Est mobile 1'!E69+'Est 1'!E69+'Est mobile 2'!E69+'Est Mobile 3'!E69+'Est 2'!E69+'Est mobile 4'!E69+'Réserve Sud'!E69+'Sud 1'!E69+'Sud 2'!E69+Visiteurs!E69+'Principale mobile 1'!E69+'Principale 1 '!E69+'Principale mobile 2'!E69+'Principale mobile 3'!E69+'Principale 2'!E69+'Principale mobile 4'!E69 -> 0 | G69: =SUM('Nord Mobile 1'!G69,'Nord 1'!G69,'Nord 2'!G69,'Nord Mobile 2'!G69,Esplanade!G69,'Est mobile 1'!G69,'Est 1'!G69,'Est mobile 2'!G69,'Est Mobile 3'!G69,'Est 2'!G69,'Est mobile 4'!G69,'Sud 1'!G69,'Sud 2'!G69,Visiteurs!G69,'Principale mobile 1'!G69,'Principale mobile 2'!G69,'Principale mobile 3'!G69,'Principale 2'!G69,'Principale mobile 4'!G69) -> 0 | H69: EA | I69: 107.44 | J69: =E69*I69 -> 0
B70: Vins | C70: Champagne, Laurent Perrier Ultra Brut 75cl | E70: ='Nord 1'!E70+'Nord 2'!E70+'Nord Mobile 1'!E70+'Nord Mobile 2'!E70+Esplanade!E70+'Est mobile 1'!E70+'Est 1'!E70+'Est mobile 2'!E70+'Est Mobile 3'!E70+'Est 2'!E70+'Est mobile 4'!E70+'Réserve Sud'!E70+'Sud 1'!E70+'Sud 2'!E70+Visiteurs!E70+'Principale mobile 1'!E70+'Principale 1 '!E70+'Principale mobile 2'!E70+'Principale mobile 3'!E70+'Principale 2'!E70+'Principale mobile 4'!E70 -> 0 | G70: =SUM('Nord Mobile 1'!G70,'Nord 1'!G70,'Nord 2'!G70,'Nord Mobile 2'!G70,Esplanade!G70,'Est mobile 1'!G70,'Est 1'!G70,'Est mobile 2'!G70,'Est Mobile 3'!G70,'Est 2'!G70,'Est mobile 4'!G70,'Sud 1'!G70,'Sud 2'!G70,Visiteurs!G70,'Principale mobile 1'!G70,'Principale mobile 2'!G70,'Principale mobile 3'!G70,'Principale 2'!G70,'Principale mobile 4'!G70) -> 0 | H70: EA | I70: 47.4 | J70: =E70*I70 -> 0
B71: Vins | C71: Champagne, Laurent Perrier Grand Siècle 75CL | E71: ='Nord 1'!E71+'Nord 2'!E71+'Nord Mobile 1'!E71+'Nord Mobile 2'!E71+Esplanade!E71+'Est mobile 1'!E71+'Est 1'!E71+'Est mobile 2'!E71+'Est Mobile 3'!E71+'Est 2'!E71+'Est mobile 4'!E71+'Réserve Sud'!E71+'Sud 1'!E71+'Sud 2'!E71+Visiteurs!E71+'Principale mobile 1'!E71+'Principale 1 '!E71+'Principale mobile 2'!E71+'Principale mobile 3'!E71+'Principale 2'!E71+'Principale mobile 4'!E71 -> 0 | G71: =SUM('Nord Mobile 1'!G71,'Nord 1'!G71,'Nord 2'!G71,'Nord Mobile 2'!G71,Esplanade!G71,'Est mobile 1'!G71,'Est 1'!G71,'Est mobile 2'!G71,'Est Mobile 3'!G71,'Est 2'!G71,'Est mobile 4'!G71,'Sud 1'!G71,'Sud 2'!G71,Visiteurs!G71,'Principale mobile 1'!G71,'Principale mobile 2'!G71,'Principale mobile 3'!G71,'Principale 2'!G71,'Principale mobile 4'!G71) -> 0 | H71: EA | I71: 87.63 | J71: =E71*I71 -> 0
B72: Vins | C72: Champagne, Laurent Perrier Blanc de Blanc 75CL | E72: ='Nord 1'!E72+'Nord 2'!E72+'Nord Mobile 1'!E72+'Nord Mobile 2'!E72+Esplanade!E72+'Est mobile 1'!E72+'Est 1'!E72+'Est mobile 2'!E72+'Est Mobile 3'!E72+'Est 2'!E72+'Est mobile 4'!E72+'Réserve Sud'!E72+'Sud 1'!E72+'Sud 2'!E72+Visiteurs!E72+'Principale mobile 1'!E72+'Principale 1 '!E72+'Principale mobile 2'!E72+'Principale mobile 3'!E72+'Principale 2'!E72+'Principale mobile 4'!E72 -> 0 | G72: =SUM('Nord Mobile 1'!G72,'Nord 1'!G72,'Nord 2'!G72,'Nord Mobile 2'!G72,Esplanade!G72,'Est mobile 1'!G72,'Est 1'!G72,'Est mobile 2'!G72,'Est Mobile 3'!G72,'Est 2'!G72,'Est mobile 4'!G72,'Sud 1'!G72,'Sud 2'!G72,Visiteurs!G72,'Principale mobile 1'!G72,'Principale mobile 2'!G72,'Principale mobile 3'!G72,'Principale 2'!G72,'Principale mobile 4'!G72) -> 0 | H72: EA | I72: 52.31 | J72: =E72*I72 -> 0
B73: AUTRES VINS | E73: ='Nord 1'!E73+'Nord 2'!E73+'Nord Mobile 1'!E73+'Nord Mobile 2'!E73+Esplanade!E73+'Est mobile 1'!E73+'Est 1'!E73+'Est mobile 2'!E73+'Est Mobile 3'!E73+'Est 2'!E73+'Est mobile 4'!E73+'Réserve Sud'!E73+'Sud 1'!E73+'Sud 2'!E73+Visiteurs!E73+'Principale mobile 1'!E73+'Principale 1 '!E73+'Principale mobile 2'!E73+'Principale mobile 3'!E73+'Principale 2'!E73+'Principale mobile 4'!E73 -> 0 | G73: =SUM('Nord Mobile 1'!G73,'Nord 1'!G73,'Nord 2'!G73,'Nord Mobile 2'!G73,Esplanade!G73,'Est mobile 1'!G73,'Est 1'!G73,'Est mobile 2'!G73,'Est Mobile 3'!G73,'Est 2'!G73,'Est mobile 4'!G73,'Sud 1'!G73,'Sud 2'!G73,Visiteurs!G73,'Principale mobile 1'!G73,'Principale mobile 2'!G73,'Principale mobile 3'!G73,'Principale 2'!G73,'Principale mobile 4'!G73) -> 0 | J73: =E73*I73 -> 0
B74: Vins | C74: Domaine du Centaure - Aligoté | E74: ='Nord 1'!E74+'Nord 2'!E74+'Nord Mobile 1'!E74+'Nord Mobile 2'!E74+Esplanade!E74+'Est mobile 1'!E74+'Est 1'!E74+'Est mobile 2'!E74+'Est Mobile 3'!E74+'Est 2'!E74+'Est mobile 4'!E74+'Réserve Sud'!E74+'Sud 1'!E74+'Sud 2'!E74+Visiteurs!E74+'Principale mobile 1'!E74+'Principale 1 '!E74+'Principale mobile 2'!E74+'Principale mobile 3'!E74+'Principale 2'!E74+'Principale mobile 4'!E74 -> 0 | G74: =SUM('Nord Mobile 1'!G74,'Nord 1'!G74,'Nord 2'!G74,'Nord Mobile 2'!G74,Esplanade!G74,'Est mobile 1'!G74,'Est 1'!G74,'Est mobile 2'!G74,'Est Mobile 3'!G74,'Est 2'!G74,'Est mobile 4'!G74,'Sud 1'!G74,'Sud 2'!G74,Visiteurs!G74,'Principale mobile 1'!G74,'Principale mobile 2'!G74,'Principale mobile 3'!G74,'Principale 2'!G74,'Principale mobile 4'!G74) -> 0 | H74: EA | I74: 10.8 | J74: =E74*I74 -> 0
B75: Vins | C75: Domaine du Centaure - Pinot noir | E75: ='Nord 1'!E75+'Nord 2'!E75+'Nord Mobile 1'!E75+'Nord Mobile 2'!E75+Esplanade!E75+'Est mobile 1'!E75+'Est 1'!E75+'Est mobile 2'!E75+'Est Mobile 3'!E75+'Est 2'!E75+'Est mobile 4'!E75+'Réserve Sud'!E75+'Sud 1'!E75+'Sud 2'!E75+Visiteurs!E75+'Principale mobile 1'!E75+'Principale 1 '!E75+'Principale mobile 2'!E75+'Principale mobile 3'!E75+'Principale 2'!E75+'Principale mobile 4'!E75 -> 0 | G75: =SUM('Nord Mobile 1'!G75,'Nord 1'!G75,'Nord 2'!G75,'Nord Mobile 2'!G75,Esplanade!G75,'Est mobile 1'!G75,'Est 1'!G75,'Est mobile 2'!G75,'Est Mobile 3'!G75,'Est 2'!G75,'Est mobile 4'!G75,'Sud 1'!G75,'Sud 2'!G75,Visiteurs!G75,'Principale mobile 1'!G75,'Principale mobile 2'!G75,'Principale mobile 3'!G75,'Principale 2'!G75,'Principale mobile 4'!G75) -> 0 | H75: EA | I75: 11.2 | J75: =E75*I75 -> 0
B76: Vins | C76: Vin chaud 1lt | E76: ='Nord 1'!E76+'Nord 2'!E76+'Nord Mobile 1'!E76+'Nord Mobile 2'!E76+Esplanade!E76+'Est mobile 1'!E76+'Est 1'!E76+'Est mobile 2'!E76+'Est Mobile 3'!E76+'Est 2'!E76+'Est mobile 4'!E76+'Réserve Sud'!E76+'Sud 1'!E76+'Sud 2'!E76+Visiteurs!E76+'Principale mobile 1'!E76+'Principale 1 '!E76+'Principale mobile 2'!E76+'Principale mobile 3'!E76+'Principale 2'!E76+'Principale mobile 4'!E76 -> 0 | G76: =SUM('Nord Mobile 1'!G76,'Nord 1'!G76,'Nord 2'!G76,'Nord Mobile 2'!G76,Esplanade!G76,'Est mobile 1'!G76,'Est 1'!G76,'Est mobile 2'!G76,'Est Mobile 3'!G76,'Est 2'!G76,'Est mobile 4'!G76,'Sud 1'!G76,'Sud 2'!G76,Visiteurs!G76,'Principale mobile 1'!G76,'Principale mobile 2'!G76,'Principale mobile 3'!G76,'Principale 2'!G76,'Principale mobile 4'!G76) -> 0 | H76: L | I76: 4.56 | J76: =E76*I76 -> 0
B77: Vins | C77: Vin chaud TRANSGOURMET 10lt | E77: ='Nord 1'!E77+'Nord 2'!E77+'Nord Mobile 1'!E77+'Nord Mobile 2'!E77+Esplanade!E77+'Est mobile 1'!E77+'Est 1'!E77+'Est mobile 2'!E77+'Est Mobile 3'!E77+'Est 2'!E77+'Est mobile 4'!E77+'Réserve Sud'!E77+'Sud 1'!E77+'Sud 2'!E77+Visiteurs!E77+'Principale mobile 1'!E77+'Principale 1 '!E77+'Principale mobile 2'!E77+'Principale mobile 3'!E77+'Principale 2'!E77+'Principale mobile 4'!E77 -> 0 | G77: =SUM('Nord Mobile 1'!G77,'Nord 1'!G77,'Nord 2'!G77,'Nord Mobile 2'!G77,Esplanade!G77,'Est mobile 1'!G77,'Est 1'!G77,'Est mobile 2'!G77,'Est Mobile 3'!G77,'Est 2'!G77,'Est mobile 4'!G77,'Sud 1'!G77,'Sud 2'!G77,Visiteurs!G77,'Principale mobile 1'!G77,'Principale mobile 2'!G77,'Principale mobile 3'!G77,'Principale 2'!G77,'Principale mobile 4'!G77) -> 0 | H77: L | I77: 37.7 | J77: =E77*I77 -> 0
A78: Catégorie :Boissons avec alcool / Spiritueux | E78: ='Nord 1'!E78+'Nord 2'!E78+'Nord Mobile 1'!E78+'Nord Mobile 2'!E78+Esplanade!E78+'Est mobile 1'!E78+'Est 1'!E78+'Est mobile 2'!E78+'Est Mobile 3'!E78+'Est 2'!E78+'Est mobile 4'!E78+'Réserve Sud'!E78+'Sud 1'!E78+'Sud 2'!E78+Visiteurs!E78+'Principale mobile 1'!E78+'Principale 1 '!E78+'Principale mobile 2'!E78+'Principale mobile 3'!E78+'Principale 2'!E78+'Principale mobile 4'!E78 -> 0 | G78: =SUM('Nord Mobile 1'!G78,'Nord 1'!G78,'Nord 2'!G78,'Nord Mobile 2'!G78,Esplanade!G78,'Est mobile 1'!G78,'Est 1'!G78,'Est mobile 2'!G78,'Est Mobile 3'!G78,'Est 2'!G78,'Est mobile 4'!G78,'Sud 1'!G78,'Sud 2'!G78,Visiteurs!G78,'Principale mobile 1'!G78,'Principale mobile 2'!G78,'Principale mobile 3'!G78,'Principale 2'!G78,'Principale mobile 4'!G78) -> 0 | I78: TOTAL : | J78: =SUM(J80:J121) -> 0
B79: WHISKY | E79: ='Nord 1'!E79+'Nord 2'!E79+'Nord Mobile 1'!E79+'Nord Mobile 2'!E79+Esplanade!E79+'Est mobile 1'!E79+'Est 1'!E79+'Est mobile 2'!E79+'Est Mobile 3'!E79+'Est 2'!E79+'Est mobile 4'!E79+'Réserve Sud'!E79+'Sud 1'!E79+'Sud 2'!E79+Visiteurs!E79+'Principale mobile 1'!E79+'Principale 1 '!E79+'Principale mobile 2'!E79+'Principale mobile 3'!E79+'Principale 2'!E79+'Principale mobile 4'!E79 -> 0 | G79: =SUM('Nord Mobile 1'!G79,'Nord 1'!G79,'Nord 2'!G79,'Nord Mobile 2'!G79,Esplanade!G79,'Est mobile 1'!G79,'Est 1'!G79,'Est mobile 2'!G79,'Est Mobile 3'!G79,'Est 2'!G79,'Est mobile 4'!G79,'Sud 1'!G79,'Sud 2'!G79,Visiteurs!G79,'Principale mobile 1'!G79,'Principale mobile 2'!G79,'Principale mobile 3'!G79,'Principale 2'!G79,'Principale mobile 4'!G79) -> 0 | J79: =E79*I79 -> 0
B80: Boissons avec alcool / Spiritueux | C80: Johnnie Walker - Black Label 70cl | E80: ='Nord 1'!E80+'Nord 2'!E80+'Nord Mobile 1'!E80+'Nord Mobile 2'!E80+Esplanade!E80+'Est mobile 1'!E80+'Est 1'!E80+'Est mobile 2'!E80+'Est Mobile 3'!E80+'Est 2'!E80+'Est mobile 4'!E80+'Réserve Sud'!E80+'Sud 1'!E80+'Sud 2'!E80+Visiteurs!E80+'Principale mobile 1'!E80+'Principale 1 '!E80+'Principale mobile 2'!E80+'Principale mobile 3'!E80+'Principale 2'!E80+'Principale mobile 4'!E80 -> 0 | G80: =SUM('Nord Mobile 1'!G80,'Nord 1'!G80,'Nord 2'!G80,'Nord Mobile 2'!G80,Esplanade!G80,'Est mobile 1'!G80,'Est 1'!G80,'Est mobile 2'!G80,'Est Mobile 3'!G80,'Est 2'!G80,'Est mobile 4'!G80,'Sud 1'!G80,'Sud 2'!G80,Visiteurs!G80,'Principale mobile 1'!G80,'Principale mobile 2'!G80,'Principale mobile 3'!G80,'Principale 2'!G80,'Principale mobile 4'!G80) -> 0 | H80: EA | I80: 32.95 | J80: =E80*I80 -> 0
B81: Boissons avec alcool / Spiritueux | C81: Chivas 70cl | E81: ='Nord 1'!E81+'Nord 2'!E81+'Nord Mobile 1'!E81+'Nord Mobile 2'!E81+Esplanade!E81+'Est mobile 1'!E81+'Est 1'!E81+'Est mobile 2'!E81+'Est Mobile 3'!E81+'Est 2'!E81+'Est mobile 4'!E81+'Réserve Sud'!E81+'Sud 1'!E81+'Sud 2'!E81+Visiteurs!E81+'Principale mobile 1'!E81+'Principale 1 '!E81+'Principale mobile 2'!E81+'Principale mobile 3'!E81+'Principale 2'!E81+'Principale mobile 4'!E81 -> 0 | G81: =SUM('Nord Mobile 1'!G81,'Nord 1'!G81,'Nord 2'!G81,'Nord Mobile 2'!G81,Esplanade!G81,'Est mobile 1'!G81,'Est 1'!G81,'Est mobile 2'!G81,'Est Mobile 3'!G81,'Est 2'!G81,'Est mobile 4'!G81,'Sud 1'!G81,'Sud 2'!G81,Visiteurs!G81,'Principale mobile 1'!G81,'Principale mobile 2'!G81,'Principale mobile 3'!G81,'Principale 2'!G81,'Principale mobile 4'!G81) -> 0 | H81: EA | I81: 56.95 | J81: =E81*I81 -> 0
B82: Boissons avec alcool / Spiritueux | C82: William Lawson 70cl | E82: ='Nord 1'!E82+'Nord 2'!E82+'Nord Mobile 1'!E82+'Nord Mobile 2'!E82+Esplanade!E82+'Est mobile 1'!E82+'Est 1'!E82+'Est mobile 2'!E82+'Est Mobile 3'!E82+'Est 2'!E82+'Est mobile 4'!E82+'Réserve Sud'!E82+'Sud 1'!E82+'Sud 2'!E82+Visiteurs!E82+'Principale mobile 1'!E82+'Principale 1 '!E82+'Principale mobile 2'!E82+'Principale mobile 3'!E82+'Principale 2'!E82+'Principale mobile 4'!E82 -> 0 | G82: =SUM('Nord Mobile 1'!G82,'Nord 1'!G82,'Nord 2'!G82,'Nord Mobile 2'!G82,Esplanade!G82,'Est mobile 1'!G82,'Est 1'!G82,'Est mobile 2'!G82,'Est Mobile 3'!G82,'Est 2'!G82,'Est mobile 4'!G82,'Sud 1'!G82,'Sud 2'!G82,Visiteurs!G82,'Principale mobile 1'!G82,'Principale mobile 2'!G82,'Principale mobile 3'!G82,'Principale 2'!G82,'Principale mobile 4'!G82) -> 0 | H82: EA | I82: 15.95 | J82: =E82*I82 -> 0
B83: Boissons avec alcool / Spiritueux | C83: Johnnie Walker - Red label 70cl | E83: ='Nord 1'!E83+'Nord 2'!E83+'Nord Mobile 1'!E83+'Nord Mobile 2'!E83+Esplanade!E83+'Est mobile 1'!E83+'Est 1'!E83+'Est mobile 2'!E83+'Est Mobile 3'!E83+'Est 2'!E83+'Est mobile 4'!E83+'Réserve Sud'!E83+'Sud 1'!E83+'Sud 2'!E83+Visiteurs!E83+'Principale mobile 1'!E83+'Principale 1 '!E83+'Principale mobile 2'!E83+'Principale mobile 3'!E83+'Principale 2'!E83+'Principale mobile 4'!E83 -> 0 | G83: =SUM('Nord Mobile 1'!G83,'Nord 1'!G83,'Nord 2'!G83,'Nord Mobile 2'!G83,Esplanade!G83,'Est mobile 1'!G83,'Est 1'!G83,'Est mobile 2'!G83,'Est Mobile 3'!G83,'Est 2'!G83,'Est mobile 4'!G83,'Sud 1'!G83,'Sud 2'!G83,Visiteurs!G83,'Principale mobile 1'!G83,'Principale mobile 2'!G83,'Principale mobile 3'!G83,'Principale 2'!G83,'Principale mobile 4'!G83) -> 0 | H83: EA | I83: 19.95 | J83: =E83*I83 -> 0
B84: Boissons avec alcool / Spiritueux | C84: Talisker 70cl | E84: ='Nord 1'!E84+'Nord 2'!E84+'Nord Mobile 1'!E84+'Nord Mobile 2'!E84+Esplanade!E84+'Est mobile 1'!E84+'Est 1'!E84+'Est mobile 2'!E84+'Est Mobile 3'!E84+'Est 2'!E84+'Est mobile 4'!E84+'Réserve Sud'!E84+'Sud 1'!E84+'Sud 2'!E84+Visiteurs!E84+'Principale mobile 1'!E84+'Principale 1 '!E84+'Principale mobile 2'!E84+'Principale mobile 3'!E84+'Principale 2'!E84+'Principale mobile 4'!E84 -> 0 | G84: =SUM('Nord Mobile 1'!G84,'Nord 1'!G84,'Nord 2'!G84,'Nord Mobile 2'!G84,Esplanade!G84,'Est mobile 1'!G84,'Est 1'!G84,'Est mobile 2'!G84,'Est Mobile 3'!G84,'Est 2'!G84,'Est mobile 4'!G84,'Sud 1'!G84,'Sud 2'!G84,Visiteurs!G84,'Principale mobile 1'!G84,'Principale mobile 2'!G84,'Principale mobile 3'!G84,'Principale 2'!G84,'Principale mobile 4'!G84) -> 0 | H84: EA | I84: 46.95 | J84: =E84*I84 -> 0
B85: Boissons avec alcool / Spiritueux | C85: Dewar's 70cl | E85: ='Nord 1'!E85+'Nord 2'!E85+'Nord Mobile 1'!E85+'Nord Mobile 2'!E85+Esplanade!E85+'Est mobile 1'!E85+'Est 1'!E85+'Est mobile 2'!E85+'Est Mobile 3'!E85+'Est 2'!E85+'Est mobile 4'!E85+'Réserve Sud'!E85+'Sud 1'!E85+'Sud 2'!E85+Visiteurs!E85+'Principale mobile 1'!E85+'Principale 1 '!E85+'Principale mobile 2'!E85+'Principale mobile 3'!E85+'Principale 2'!E85+'Principale mobile 4'!E85 -> 0 | G85: =SUM('Nord Mobile 1'!G85,'Nord 1'!G85,'Nord 2'!G85,'Nord Mobile 2'!G85,Esplanade!G85,'Est mobile 1'!G85,'Est 1'!G85,'Est mobile 2'!G85,'Est Mobile 3'!G85,'Est 2'!G85,'Est mobile 4'!G85,'Sud 1'!G85,'Sud 2'!G85,Visiteurs!G85,'Principale mobile 1'!G85,'Principale mobile 2'!G85,'Principale mobile 3'!G85,'Principale 2'!G85,'Principale mobile 4'!G85) -> 0 | H85: EA | I85: 34.95 | J85: =E85*I85 -> 0
B86: Boissons avec alcool / Spiritueux | C86: Jack Daniel's Old n7 70cl | E86: ='Nord 1'!E86+'Nord 2'!E86+'Nord Mobile 1'!E86+'Nord Mobile 2'!E86+Esplanade!E86+'Est mobile 1'!E86+'Est 1'!E86+'Est mobile 2'!E86+'Est Mobile 3'!E86+'Est 2'!E86+'Est mobile 4'!E86+'Réserve Sud'!E86+'Sud 1'!E86+'Sud 2'!E86+Visiteurs!E86+'Principale mobile 1'!E86+'Principale 1 '!E86+'Principale mobile 2'!E86+'Principale mobile 3'!E86+'Principale 2'!E86+'Principale mobile 4'!E86 -> 0 | G86: =SUM('Nord Mobile 1'!G86,'Nord 1'!G86,'Nord 2'!G86,'Nord Mobile 2'!G86,Esplanade!G86,'Est mobile 1'!G86,'Est 1'!G86,'Est mobile 2'!G86,'Est Mobile 3'!G86,'Est 2'!G86,'Est mobile 4'!G86,'Sud 1'!G86,'Sud 2'!G86,Visiteurs!G86,'Principale mobile 1'!G86,'Principale mobile 2'!G86,'Principale mobile 3'!G86,'Principale 2'!G86,'Principale mobile 4'!G86) -> 0 | H86: EA | I86: 24.95 | J86: =E86*I86 -> 0
B87: VODKA | E87: ='Nord 1'!E87+'Nord 2'!E87+'Nord Mobile 1'!E87+'Nord Mobile 2'!E87+Esplanade!E87+'Est mobile 1'!E87+'Est 1'!E87+'Est mobile 2'!E87+'Est Mobile 3'!E87+'Est 2'!E87+'Est mobile 4'!E87+'Réserve Sud'!E87+'Sud 1'!E87+'Sud 2'!E87+Visiteurs!E87+'Principale mobile 1'!E87+'Principale 1 '!E87+'Principale mobile 2'!E87+'Principale mobile 3'!E87+'Principale 2'!E87+'Principale mobile 4'!E87 -> 0 | G87: =SUM('Nord Mobile 1'!G87,'Nord 1'!G87,'Nord 2'!G87,'Nord Mobile 2'!G87,Esplanade!G87,'Est mobile 1'!G87,'Est 1'!G87,'Est mobile 2'!G87,'Est Mobile 3'!G87,'Est 2'!G87,'Est mobile 4'!G87,'Sud 1'!G87,'Sud 2'!G87,Visiteurs!G87,'Principale mobile 1'!G87,'Principale mobile 2'!G87,'Principale mobile 3'!G87,'Principale 2'!G87,'Principale mobile 4'!G87) -> 0 | J87: =E87*I87 -> 0
B88: Boissons avec alcool / Spiritueux | C88: Absolut 70cl | E88: ='Nord 1'!E88+'Nord 2'!E88+'Nord Mobile 1'!E88+'Nord Mobile 2'!E88+Esplanade!E88+'Est mobile 1'!E88+'Est 1'!E88+'Est mobile 2'!E88+'Est Mobile 3'!E88+'Est 2'!E88+'Est mobile 4'!E88+'Réserve Sud'!E88+'Sud 1'!E88+'Sud 2'!E88+Visiteurs!E88+'Principale mobile 1'!E88+'Principale 1 '!E88+'Principale mobile 2'!E88+'Principale mobile 3'!E88+'Principale 2'!E88+'Principale mobile 4'!E88 -> 0 | G88: =SUM('Nord Mobile 1'!G88,'Nord 1'!G88,'Nord 2'!G88,'Nord Mobile 2'!G88,Esplanade!G88,'Est mobile 1'!G88,'Est 1'!G88,'Est mobile 2'!G88,'Est Mobile 3'!G88,'Est 2'!G88,'Est mobile 4'!G88,'Sud 1'!G88,'Sud 2'!G88,Visiteurs!G88,'Principale mobile 1'!G88,'Principale mobile 2'!G88,'Principale mobile 3'!G88,'Principale 2'!G88,'Principale mobile 4'!G88) -> 0 | H88: EA | I88: 19.5 | J88: =E88*I88 -> 0
B89: Boissons avec alcool / Spiritueux | C89: Wyborowa 70cl | E89: ='Nord 1'!E89+'Nord 2'!E89+'Nord Mobile 1'!E89+'Nord Mobile 2'!E89+Esplanade!E89+'Est mobile 1'!E89+'Est 1'!E89+'Est mobile 2'!E89+'Est Mobile 3'!E89+'Est 2'!E89+'Est mobile 4'!E89+'Réserve Sud'!E89+'Sud 1'!E89+'Sud 2'!E89+Visiteurs!E89+'Principale mobile 1'!E89+'Principale 1 '!E89+'Principale mobile 2'!E89+'Principale mobile 3'!E89+'Principale 2'!E89+'Principale mobile 4'!E89 -> 0 | G89: =SUM('Nord Mobile 1'!G89,'Nord 1'!G89,'Nord 2'!G89,'Nord Mobile 2'!G89,Esplanade!G89,'Est mobile 1'!G89,'Est 1'!G89,'Est mobile 2'!G89,'Est Mobile 3'!G89,'Est 2'!G89,'Est mobile 4'!G89,'Sud 1'!G89,'Sud 2'!G89,Visiteurs!G89,'Principale mobile 1'!G89,'Principale mobile 2'!G89,'Principale mobile 3'!G89,'Principale 2'!G89,'Principale mobile 4'!G89) -> 0 | H89: EA | I89: 16.95 | J89: =E89*I89 -> 0
B90: Boissons avec alcool / Spiritueux | C90: Smirnoff 70cl | E90: ='Nord 1'!E90+'Nord 2'!E90+'Nord Mobile 1'!E90+'Nord Mobile 2'!E90+Esplanade!E90+'Est mobile 1'!E90+'Est 1'!E90+'Est mobile 2'!E90+'Est Mobile 3'!E90+'Est 2'!E90+'Est mobile 4'!E90+'Réserve Sud'!E90+'Sud 1'!E90+'Sud 2'!E90+Visiteurs!E90+'Principale mobile 1'!E90+'Principale 1 '!E90+'Principale mobile 2'!E90+'Principale mobile 3'!E90+'Principale 2'!E90+'Principale mobile 4'!E90 -> 0 | G90: =SUM('Nord Mobile 1'!G90,'Nord 1'!G90,'Nord 2'!G90,'Nord Mobile 2'!G90,Esplanade!G90,'Est mobile 1'!G90,'Est 1'!G90,'Est mobile 2'!G90,'Est Mobile 3'!G90,'Est 2'!G90,'Est mobile 4'!G90,'Sud 1'!G90,'Sud 2'!G90,Visiteurs!G90,'Principale mobile 1'!G90,'Principale mobile 2'!G90,'Principale mobile 3'!G90,'Principale 2'!G90,'Principale mobile 4'!G90) -> 0 | H90: EA | I90: 17.95 | J90: =E90*I90 -> 0
B91: Boissons avec alcool / Spiritueux | C91: Eristoff 70cl | E91: ='Nord 1'!E91+'Nord 2'!E91+'Nord Mobile 1'!E91+'Nord Mobile 2'!E91+Esplanade!E91+'Est mobile 1'!E91+'Est 1'!E91+'Est mobile 2'!E91+'Est Mobile 3'!E91+'Est 2'!E91+'Est mobile 4'!E91+'Réserve Sud'!E91+'Sud 1'!E91+'Sud 2'!E91+Visiteurs!E91+'Principale mobile 1'!E91+'Principale 1 '!E91+'Principale mobile 2'!E91+'Principale mobile 3'!E91+'Principale 2'!E91+'Principale mobile 4'!E91 -> 0 | G91: =SUM('Nord Mobile 1'!G91,'Nord 1'!G91,'Nord 2'!G91,'Nord Mobile 2'!G91,Esplanade!G91,'Est mobile 1'!G91,'Est 1'!G91,'Est mobile 2'!G91,'Est Mobile 3'!G91,'Est 2'!G91,'Est mobile 4'!G91,'Sud 1'!G91,'Sud 2'!G91,Visiteurs!G91,'Principale mobile 1'!G91,'Principale mobile 2'!G91,'Principale mobile 3'!G91,'Principale 2'!G91,'Principale mobile 4'!G91) -> 0 | H91: EA | I91: 15.95 | J91: =E91*I91 -> 0
B92: Boissons avec alcool / Spiritueux | C92: 42 Below | E92: ='Nord 1'!E92+'Nord 2'!E92+'Nord Mobile 1'!E92+'Nord Mobile 2'!E92+Esplanade!E92+'Est mobile 1'!E92+'Est 1'!E92+'Est mobile 2'!E92+'Est Mobile 3'!E92+'Est 2'!E92+'Est mobile 4'!E92+'Réserve Sud'!E92+'Sud 1'!E92+'Sud 2'!E92+Visiteurs!E92+'Principale mobile 1'!E92+'Principale 1 '!E92+'Principale mobile 2'!E92+'Principale mobile 3'!E92+'Principale 2'!E92+'Principale mobile 4'!E92 -> 0 | G92: =SUM('Nord Mobile 1'!G92,'Nord 1'!G92,'Nord 2'!G92,'Nord Mobile 2'!G92,Esplanade!G92,'Est mobile 1'!G92,'Est 1'!G92,'Est mobile 2'!G92,'Est Mobile 3'!G92,'Est 2'!G92,'Est mobile 4'!G92,'Sud 1'!G92,'Sud 2'!G92,Visiteurs!G92,'Principale mobile 1'!G92,'Principale mobile 2'!G92,'Principale mobile 3'!G92,'Principale 2'!G92,'Principale mobile 4'!G92) -> 0 | H92: EA | I92: 20.95 | J92: =E92*I92 -> 0
B93: Boissons avec alcool / Spiritueux | C93: Ketel One 70cl | E93: ='Nord 1'!E93+'Nord 2'!E93+'Nord Mobile 1'!E93+'Nord Mobile 2'!E93+Esplanade!E93+'Est mobile 1'!E93+'Est 1'!E93+'Est mobile 2'!E93+'Est Mobile 3'!E93+'Est 2'!E93+'Est mobile 4'!E93+'Réserve Sud'!E93+'Sud 1'!E93+'Sud 2'!E93+Visiteurs!E93+'Principale mobile 1'!E93+'Principale 1 '!E93+'Principale mobile 2'!E93+'Principale mobile 3'!E93+'Principale 2'!E93+'Principale mobile 4'!E93 -> 0 | G93: =SUM('Nord Mobile 1'!G93,'Nord 1'!G93,'Nord 2'!G93,'Nord Mobile 2'!G93,Esplanade!G93,'Est mobile 1'!G93,'Est 1'!G93,'Est mobile 2'!G93,'Est Mobile 3'!G93,'Est 2'!G93,'Est mobile 4'!G93,'Sud 1'!G93,'Sud 2'!G93,Visiteurs!G93,'Principale mobile 1'!G93,'Principale mobile 2'!G93,'Principale mobile 3'!G93,'Principale 2'!G93,'Principale mobile 4'!G93) -> 0 | H93: EA | I93: 26.95 | J93: =E93*I93 -> 0
B94: Boissons avec alcool / Spiritueux | C94: Grey Goose 70cl | E94: ='Nord 1'!E94+'Nord 2'!E94+'Nord Mobile 1'!E94+'Nord Mobile 2'!E94+Esplanade!E94+'Est mobile 1'!E94+'Est 1'!E94+'Est mobile 2'!E94+'Est Mobile 3'!E94+'Est 2'!E94+'Est mobile 4'!E94+'Réserve Sud'!E94+'Sud 1'!E94+'Sud 2'!E94+Visiteurs!E94+'Principale mobile 1'!E94+'Principale 1 '!E94+'Principale mobile 2'!E94+'Principale mobile 3'!E94+'Principale 2'!E94+'Principale mobile 4'!E94 -> 0 | G94: =SUM('Nord Mobile 1'!G94,'Nord 1'!G94,'Nord 2'!G94,'Nord Mobile 2'!G94,Esplanade!G94,'Est mobile 1'!G94,'Est 1'!G94,'Est mobile 2'!G94,'Est Mobile 3'!G94,'Est 2'!G94,'Est mobile 4'!G94,'Sud 1'!G94,'Sud 2'!G94,Visiteurs!G94,'Principale mobile 1'!G94,'Principale mobile 2'!G94,'Principale mobile 3'!G94,'Principale 2'!G94,'Principale mobile 4'!G94) -> 0 | H94: EA | I94: 26.95 | J94: =E94*I94 -> 0
B95: GIN | E95: ='Nord 1'!E95+'Nord 2'!E95+'Nord Mobile 1'!E95+'Nord Mobile 2'!E95+Esplanade!E95+'Est mobile 1'!E95+'Est 1'!E95+'Est mobile 2'!E95+'Est Mobile 3'!E95+'Est 2'!E95+'Est mobile 4'!E95+'Réserve Sud'!E95+'Sud 1'!E95+'Sud 2'!E95+Visiteurs!E95+'Principale mobile 1'!E95+'Principale 1 '!E95+'Principale mobile 2'!E95+'Principale mobile 3'!E95+'Principale 2'!E95+'Principale mobile 4'!E95 -> 0 | G95: =SUM('Nord Mobile 1'!G95,'Nord 1'!G95,'Nord 2'!G95,'Nord Mobile 2'!G95,Esplanade!G95,'Est mobile 1'!G95,'Est 1'!G95,'Est mobile 2'!G95,'Est Mobile 3'!G95,'Est 2'!G95,'Est mobile 4'!G95,'Sud 1'!G95,'Sud 2'!G95,Visiteurs!G95,'Principale mobile 1'!G95,'Principale mobile 2'!G95,'Principale mobile 3'!G95,'Principale 2'!G95,'Principale mobile 4'!G95) -> 0 | J95: =E95*I95 -> 0
B96: Boissons avec alcool / Spiritueux | C96: Beefeater 70cl | E96: ='Nord 1'!E96+'Nord 2'!E96+'Nord Mobile 1'!E96+'Nord Mobile 2'!E96+Esplanade!E96+'Est mobile 1'!E96+'Est 1'!E96+'Est mobile 2'!E96+'Est Mobile 3'!E96+'Est 2'!E96+'Est mobile 4'!E96+'Réserve Sud'!E96+'Sud 1'!E96+'Sud 2'!E96+Visiteurs!E96+'Principale mobile 1'!E96+'Principale 1 '!E96+'Principale mobile 2'!E96+'Principale mobile 3'!E96+'Principale 2'!E96+'Principale mobile 4'!E96 -> 0 | G96: =SUM('Nord Mobile 1'!G96,'Nord 1'!G96,'Nord 2'!G96,'Nord Mobile 2'!G96,Esplanade!G96,'Est mobile 1'!G96,'Est 1'!G96,'Est mobile 2'!G96,'Est Mobile 3'!G96,'Est 2'!G96,'Est mobile 4'!G96,'Sud 1'!G96,'Sud 2'!G96,Visiteurs!G96,'Principale mobile 1'!G96,'Principale mobile 2'!G96,'Principale mobile 3'!G96,'Principale 2'!G96,'Principale mobile 4'!G96) -> 0 | H96: EA | I96: 20.95 | J96: =E96*I96 -> 0
B97: Boissons avec alcool / Spiritueux | C97: Bombay Sapphire 70cl | E97: ='Nord 1'!E97+'Nord 2'!E97+'Nord Mobile 1'!E97+'Nord Mobile 2'!E97+Esplanade!E97+'Est mobile 1'!E97+'Est 1'!E97+'Est mobile 2'!E97+'Est Mobile 3'!E97+'Est 2'!E97+'Est mobile 4'!E97+'Réserve Sud'!E97+'Sud 1'!E97+'Sud 2'!E97+Visiteurs!E97+'Principale mobile 1'!E97+'Principale 1 '!E97+'Principale mobile 2'!E97+'Principale mobile 3'!E97+'Principale 2'!E97+'Principale mobile 4'!E97 -> 0 | G97: =SUM('Nord Mobile 1'!G97,'Nord 1'!G97,'Nord 2'!G97,'Nord Mobile 2'!G97,Esplanade!G97,'Est mobile 1'!G97,'Est 1'!G97,'Est mobile 2'!G97,'Est Mobile 3'!G97,'Est 2'!G97,'Est mobile 4'!G97,'Sud 1'!G97,'Sud 2'!G97,Visiteurs!G97,'Principale mobile 1'!G97,'Principale mobile 2'!G97,'Principale mobile 3'!G97,'Principale 2'!G97,'Principale mobile 4'!G97) -> 0 | H97: EA | I97: 23.95 | J97: =E97*I97 -> 0
B98: Boissons avec alcool / Spiritueux | C98: Tanqueray 70cl | E98: ='Nord 1'!E98+'Nord 2'!E98+'Nord Mobile 1'!E98+'Nord Mobile 2'!E98+Esplanade!E98+'Est mobile 1'!E98+'Est 1'!E98+'Est mobile 2'!E98+'Est Mobile 3'!E98+'Est 2'!E98+'Est mobile 4'!E98+'Réserve Sud'!E98+'Sud 1'!E98+'Sud 2'!E98+Visiteurs!E98+'Principale mobile 1'!E98+'Principale 1 '!E98+'Principale mobile 2'!E98+'Principale mobile 3'!E98+'Principale 2'!E98+'Principale mobile 4'!E98 -> 0 | G98: =SUM('Nord Mobile 1'!G98,'Nord 1'!G98,'Nord 2'!G98,'Nord Mobile 2'!G98,Esplanade!G98,'Est mobile 1'!G98,'Est 1'!G98,'Est mobile 2'!G98,'Est Mobile 3'!G98,'Est 2'!G98,'Est mobile 4'!G98,'Sud 1'!G98,'Sud 2'!G98,Visiteurs!G98,'Principale mobile 1'!G98,'Principale mobile 2'!G98,'Principale mobile 3'!G98,'Principale 2'!G98,'Principale mobile 4'!G98) -> 0 | H98: EA | I98: 22.5 | J98: =E98*I98 -> 0
B99: Boissons avec alcool / Spiritueux | C99: Tanqueray cassis 70cl | E99: ='Nord 1'!E99+'Nord 2'!E99+'Nord Mobile 1'!E99+'Nord Mobile 2'!E99+Esplanade!E99+'Est mobile 1'!E99+'Est 1'!E99+'Est mobile 2'!E99+'Est Mobile 3'!E99+'Est 2'!E99+'Est mobile 4'!E99+'Réserve Sud'!E99+'Sud 1'!E99+'Sud 2'!E99+Visiteurs!E99+'Principale mobile 1'!E99+'Principale 1 '!E99+'Principale mobile 2'!E99+'Principale mobile 3'!E99+'Principale 2'!E99+'Principale mobile 4'!E99 -> 0 | G99: =SUM('Nord Mobile 1'!G99,'Nord 1'!G99,'Nord 2'!G99,'Nord Mobile 2'!G99,Esplanade!G99,'Est mobile 1'!G99,'Est 1'!G99,'Est mobile 2'!G99,'Est Mobile 3'!G99,'Est 2'!G99,'Est mobile 4'!G99,'Sud 1'!G99,'Sud 2'!G99,Visiteurs!G99,'Principale mobile 1'!G99,'Principale mobile 2'!G99,'Principale mobile 3'!G99,'Principale 2'!G99,'Principale mobile 4'!G99) -> 0 | H99: EA | I99: 29.95 | J99: =E99*I99 -> 0
B100: RHUM | E100: ='Nord 1'!E100+'Nord 2'!E100+'Nord Mobile 1'!E100+'Nord Mobile 2'!E100+Esplanade!E100+'Est mobile 1'!E100+'Est 1'!E100+'Est mobile 2'!E100+'Est Mobile 3'!E100+'Est 2'!E100+'Est mobile 4'!E100+'Réserve Sud'!E100+'Sud 1'!E100+'Sud 2'!E100+Visiteurs!E100+'Principale mobile 1'!E100+'Principale 1 '!E100+'Principale mobile 2'!E100+'Principale mobile 3'!E100+'Principale 2'!E100+'Principale mobile 4'!E100 -> 0 | G100: =SUM('Nord Mobile 1'!G100,'Nord 1'!G100,'Nord 2'!G100,'Nord Mobile 2'!G100,Esplanade!G100,'Est mobile 1'!G100,'Est 1'!G100,'Est mobile 2'!G100,'Est Mobile 3'!G100,'Est 2'!G100,'Est mobile 4'!G100,'Sud 1'!G100,'Sud 2'!G100,Visiteurs!G100,'Principale mobile 1'!G100,'Principale mobile 2'!G100,'Principale mobile 3'!G100,'Principale 2'!G100,'Principale mobile 4'!G100) -> 0 | J100: =E100*I100 -> 0
B101: Boissons avec alcool / Spiritueux | C101: Bacardi blanc 70cl | E101: ='Nord 1'!E101+'Nord 2'!E101+'Nord Mobile 1'!E101+'Nord Mobile 2'!E101+Esplanade!E101+'Est mobile 1'!E101+'Est 1'!E101+'Est mobile 2'!E101+'Est Mobile 3'!E101+'Est 2'!E101+'Est mobile 4'!E101+'Réserve Sud'!E101+'Sud 1'!E101+'Sud 2'!E101+Visiteurs!E101+'Principale mobile 1'!E101+'Principale 1 '!E101+'Principale mobile 2'!E101+'Principale mobile 3'!E101+'Principale 2'!E101+'Principale mobile 4'!E101 -> 0 | G101: =SUM('Nord Mobile 1'!G101,'Nord 1'!G101,'Nord 2'!G101,'Nord Mobile 2'!G101,Esplanade!G101,'Est mobile 1'!G101,'Est 1'!G101,'Est mobile 2'!G101,'Est Mobile 3'!G101,'Est 2'!G101,'Est mobile 4'!G101,'Sud 1'!G101,'Sud 2'!G101,Visiteurs!G101,'Principale mobile 1'!G101,'Principale mobile 2'!G101,'Principale mobile 3'!G101,'Principale 2'!G101,'Principale mobile 4'!G101) -> 0 | H101: EA | I101: 17.95 | J101: =E101*I101 -> 0
B102: Boissons avec alcool / Spiritueux | C102: Havana Club Añejo 3 anos 70cl | E102: ='Nord 1'!E102+'Nord 2'!E102+'Nord Mobile 1'!E102+'Nord Mobile 2'!E102+Esplanade!E102+'Est mobile 1'!E102+'Est 1'!E102+'Est mobile 2'!E102+'Est Mobile 3'!E102+'Est 2'!E102+'Est mobile 4'!E102+'Réserve Sud'!E102+'Sud 1'!E102+'Sud 2'!E102+Visiteurs!E102+'Principale mobile 1'!E102+'Principale 1 '!E102+'Principale mobile 2'!E102+'Principale mobile 3'!E102+'Principale 2'!E102+'Principale mobile 4'!E102 -> 0 | G102: =SUM('Nord Mobile 1'!G102,'Nord 1'!G102,'Nord 2'!G102,'Nord Mobile 2'!G102,Esplanade!G102,'Est mobile 1'!G102,'Est 1'!G102,'Est mobile 2'!G102,'Est Mobile 3'!G102,'Est 2'!G102,'Est mobile 4'!G102,'Sud 1'!G102,'Sud 2'!G102,Visiteurs!G102,'Principale mobile 1'!G102,'Principale mobile 2'!G102,'Principale mobile 3'!G102,'Principale 2'!G102,'Principale mobile 4'!G102) -> 0 | H102: EA | I102: 20.95 | J102: =E102*I102 -> 0
B103: Boissons avec alcool / Spiritueux | C103: Pampero blanc 70cl | E103: ='Nord 1'!E103+'Nord 2'!E103+'Nord Mobile 1'!E103+'Nord Mobile 2'!E103+Esplanade!E103+'Est mobile 1'!E103+'Est 1'!E103+'Est mobile 2'!E103+'Est Mobile 3'!E103+'Est 2'!E103+'Est mobile 4'!E103+'Réserve Sud'!E103+'Sud 1'!E103+'Sud 2'!E103+Visiteurs!E103+'Principale mobile 1'!E103+'Principale 1 '!E103+'Principale mobile 2'!E103+'Principale mobile 3'!E103+'Principale 2'!E103+'Principale mobile 4'!E103 -> 0 | G103: =SUM('Nord Mobile 1'!G103,'Nord 1'!G103,'Nord 2'!G103,'Nord Mobile 2'!G103,Esplanade!G103,'Est mobile 1'!G103,'Est 1'!G103,'Est mobile 2'!G103,'Est Mobile 3'!G103,'Est 2'!G103,'Est mobile 4'!G103,'Sud 1'!G103,'Sud 2'!G103,Visiteurs!G103,'Principale mobile 1'!G103,'Principale mobile 2'!G103,'Principale mobile 3'!G103,'Principale 2'!G103,'Principale mobile 4'!G103) -> 0 | H103: EA | I103: 19.95 | J103: =E103*I103 -> 0
B104: Boissons avec alcool / Spiritueux | C104: Zacapa 70cl | E104: ='Nord 1'!E104+'Nord 2'!E104+'Nord Mobile 1'!E104+'Nord Mobile 2'!E104+Esplanade!E104+'Est mobile 1'!E104+'Est 1'!E104+'Est mobile 2'!E104+'Est Mobile 3'!E104+'Est 2'!E104+'Est mobile 4'!E104+'Réserve Sud'!E104+'Sud 1'!E104+'Sud 2'!E104+Visiteurs!E104+'Principale mobile 1'!E104+'Principale 1 '!E104+'Principale mobile 2'!E104+'Principale mobile 3'!E104+'Principale 2'!E104+'Principale mobile 4'!E104 -> 0 | G104: =SUM('Nord Mobile 1'!G104,'Nord 1'!G104,'Nord 2'!G104,'Nord Mobile 2'!G104,Esplanade!G104,'Est mobile 1'!G104,'Est 1'!G104,'Est mobile 2'!G104,'Est Mobile 3'!G104,'Est 2'!G104,'Est mobile 4'!G104,'Sud 1'!G104,'Sud 2'!G104,Visiteurs!G104,'Principale mobile 1'!G104,'Principale mobile 2'!G104,'Principale mobile 3'!G104,'Principale 2'!G104,'Principale mobile 4'!G104) -> 0 | H104: EA | I104: 59.95 | J104: =E104*I104 -> 0
B105: TEQUILA | E105: ='Nord 1'!E105+'Nord 2'!E105+'Nord Mobile 1'!E105+'Nord Mobile 2'!E105+Esplanade!E105+'Est mobile 1'!E105+'Est 1'!E105+'Est mobile 2'!E105+'Est Mobile 3'!E105+'Est 2'!E105+'Est mobile 4'!E105+'Réserve Sud'!E105+'Sud 1'!E105+'Sud 2'!E105+Visiteurs!E105+'Principale mobile 1'!E105+'Principale 1 '!E105+'Principale mobile 2'!E105+'Principale mobile 3'!E105+'Principale 2'!E105+'Principale mobile 4'!E105 -> 0 | G105: =SUM('Nord Mobile 1'!G105,'Nord 1'!G105,'Nord 2'!G105,'Nord Mobile 2'!G105,Esplanade!G105,'Est mobile 1'!G105,'Est 1'!G105,'Est mobile 2'!G105,'Est Mobile 3'!G105,'Est 2'!G105,'Est mobile 4'!G105,'Sud 1'!G105,'Sud 2'!G105,Visiteurs!G105,'Principale mobile 1'!G105,'Principale mobile 2'!G105,'Principale mobile 3'!G105,'Principale 2'!G105,'Principale mobile 4'!G105) -> 0 | J105: =E105*I105 -> 0
B106: Boissons avec alcool / Spiritueux | C106: Don Julio Reposado | E106: ='Nord 1'!E106+'Nord 2'!E106+'Nord Mobile 1'!E106+'Nord Mobile 2'!E106+Esplanade!E106+'Est mobile 1'!E106+'Est 1'!E106+'Est mobile 2'!E106+'Est Mobile 3'!E106+'Est 2'!E106+'Est mobile 4'!E106+'Réserve Sud'!E106+'Sud 1'!E106+'Sud 2'!E106+Visiteurs!E106+'Principale mobile 1'!E106+'Principale 1 '!E106+'Principale mobile 2'!E106+'Principale mobile 3'!E106+'Principale 2'!E106+'Principale mobile 4'!E106 -> 0 | G106: =SUM('Nord Mobile 1'!G106,'Nord 1'!G106,'Nord 2'!G106,'Nord Mobile 2'!G106,Esplanade!G106,'Est mobile 1'!G106,'Est 1'!G106,'Est mobile 2'!G106,'Est Mobile 3'!G106,'Est 2'!G106,'Est mobile 4'!G106,'Sud 1'!G106,'Sud 2'!G106,Visiteurs!G106,'Principale mobile 1'!G106,'Principale mobile 2'!G106,'Principale mobile 3'!G106,'Principale 2'!G106,'Principale mobile 4'!G106) -> 0 | H106: EA | I106: 54.95 | J106: =E106*I106 -> 0
...

Sheet Réserve Nord
B1: TOTAL PRODUIT CONSOLIDE
B4: Catégories | C4: Valeur d'inventaire
B5: Bières | C5: =J23 -> 0
B6: Consignes | C6: =J4 -> 0
B7: Vins | C7: =J50 -> 0
B8: Boissons avec alcool / Spiritueux | C8: =J78 -> 0
B9: Boissons sans alcool | C9: =J122 -> 0
B10: Caféterie | C10: =J176 -> 0
B11: Negoce | C11: =J187 -> 0
B12: Boulangerie | C12: =J193 -> 0
B13: Sauce & Condiments | C13: =J195 -> 0
B14: Surgelés | C14: =J208 -> 0
B15: Viandes | C15: =J214 -> 0
B16: Graisse & Huile | C16: =J222 -> 0
B17: Mono-usages | C17: =J224 -> 0
B18: Produit de nettoyage | C18: =J245 -> 0
B19: Divers | C19: =J257 -> 0
B20: TOTAL | C20: =C5+C6+C7+C8+C9+C10+C11+C12+C13+C14+C15+C16+C17+C18+C19 -> 0
A21: INVENTAIRES STADE
B22: Catégorie | C22: Article d'inventaire | E22: STOCKS | F22: QUANTITE A REMETTRE | G22: MANQUE / RUPTURE | H22: UNITE | I22: PRIX | J22: VALEUR
A23: Catégorie :Bières | I23: TOTAL : | J23: =SUM(J24:J40) -> 0
B24: Bières | C24: Aligal 2 7kg | G24: =IF(D24-E24>0,D24-E24,"") | H24: EA | I24: 55.95 | J24: =E24*I24 -> 0
B25: Bières | C25: Brooklyn EIPA 30lt Fût | G25: =IF(D25-E25>0,D25-E25,"") | H25: EA | I25: 173.1 | J25: =E25*I25 -> 0
B26: Bières | C26: Cardinal Blonde 20lt Fût | G26: =IF(D26-E26>0,D26-E26,"") | H26: EA | I26: 75.4 | J26: =E26*I26 -> 0
B27: Bières | C27: Servettienne 20lt Fût | G27: =IF(D27-E27>0,D27-E27,"") | H27: EA | I27: 84.9 | J27: =E27*I27 -> 0
B28: Bières | C28: Bonde la piece bouteille | G28: =IF(D28-E28>0,D28-E28,"") | H28: EA | I28: 2.96 | J28: =E28*I28 -> 0
B29: Bières | C29: Blanche la piece bouteille | G29: =IF(D29-E29>0,D29-E29,"") | H29: EA | I29: 2.96 | J29: =E29*I29 -> 0
B30: Bières | C30: IPA la piece bouteille | G30: =IF(D30-E30>0,D30-E30,"") | H30: EA | I30: 2.96 | J30: =E30*I30 -> 0
B31: Bières | C31: Grimbergen blanche 20lt Fût | G31: =IF(D31-E31>0,D31-E31,"") | H31: EA | I31: 107.2 | J31: =E31*I31 -> 0
B32: Bières | C32: Magners 30lt Fût | G32: =IF(D32-E32>0,D32-E32,"") | H32: EA | I32: 170.7 | J32: =E32*I32 -> 0
B33: Bières | C33: Cardinal Blonde Citernes lt | G33: =IF(D33-E33>0,D33-E33,"") | H33: lt | I33: 3.77 | J33: =E33*I33 -> 0
B34: Bières | C34: Valaisanne Bière de Cave - Bière bouteille | G34: =IF(D34-E34>0,D34-E34,"") | H34: EA | I34: 2.56 | J34: =E34*I34 -> 0
B35: Bières | C35: Valaisanne IPA - Bière bouteille | G35: =IF(D35-E35>0,D35-E35,"") | H35: EA | I35: 3.08 | J35: =E35*I35 -> 0
... B40: Bières | C40: Cidre 33cl "La Genevoise du Terroir" | G40: =IF(D40-E40>0,D40-E40,"") | H40: EA | I40: 3.45 | J40: =E40*I40 -> 0
A41: Catégorie : Consignes | G41: =IF(D41-E41>0,D41-E41,"") | I41: TOTAL : | J41: =SUM(J42:J49) -> 0
B42: Consignes | C42: Bouteille / Aligal consignée | G42: =IF(D42-E42>0,D42-E42,"") | H42: EA | I42: 100 | J42: =E42*I42 -> 0
B43: Consignes | C43: Caisse 24bt vides consignées (Sodas) | G43: =IF(D43-E43>0,D43-E43,"") | H43: EA | I43: 12.2 | J43: =E43*I43 -> 0
B44: Consignes | C44: Caisse 20bt vides consignées (Valser) | G44: =IF(D44-E44>0,D44-E44,"") | H44: EA | I44: 11 | J44: =E44*I44 -> 0
B45: Consignes | C45: Caisse verres consignés (Bières) | G45: =IF(D45-E45>0,D45-E45,"") | H45: EA | I45: 5 | J45: =E45*I45 -> 0
B46: Consignes | C46: Caisse BT 1,5L PET consignée | G46: =IF(D46-E46>0,D46-E46,"") | H46: EA | I46: 5 | J46: =E46*I46 -> 0
B47: Consignes | C47: Caisse 24bt vides consignées (Bières sans alcool) | G47: =IF(D47-E47>0,D47-E47,"") | H47: EA | I47: 11 | J47: =E47*I47 -> 0
B48: Consignes | C48: Container / Fûts consignés | G48: =IF(D48-E48>0,D48-E48,"") | H48: EA | I48: 50 | J48: =E48*I48 -> 0
B49: Consignes | C49: Caisse de 20bt Brasserie de la pièce | G49: =IF(D49-E49>0,D49-E49,"") | H49: EA | I49: 5 | J49: =E49*I49 -> 0
B50: Catégorie : Vins | G50: =IF(D50-E50>0,D50-E50,"") | I50: TOTAL : | J50: =SUM(J52:J77) -> 0
B51: LA CAVE DE GENÉVE | G51: =IF(D51-E51>0,D51-E51,"")
B52: Vins | C52: Baccarat brut, Blanc chardonnay 75cl | G52: =IF(D52-E52>0,D52-E52,"") | H52: EA | I52: 13 | J52: =E52*I52 -> 0
B53: Vins | C53: Baccarat rosé 75cl | G53: =IF(D53-E53>0,D53-E53,"") | H53: EA | I53: 13 | J53: =E53*I53 -> 0
B54: Vins | C54: Baccarat Club 75cl | G54: =IF(D54-E54>0,D54-E54,"") | H54: EA | I54: 8.9 | J54: =E54*I54 -> 0
B55: Vins | C55: Belles filles Chasselas AOC Geneve 2019 75cl | G55: =IF(D55-E55>0,D55-E55,"") | H55: EA | I55: 8.35 | J55: =E55*I55 -> 0
B56: Vins | C56: Belles filles Gamay AOC Geneve 2019 75cl | G56: =IF(D56-E56>0,D56-E56,"") | H56: EA | I56: 8.9 | J56: =E56*I56 -> 0
B57: Vins | C57: Belles Filles, Rosé de Gamay | G57: =IF(D57-E57>0,D57-E57,"") | H57: EA | I57: 8.7 | J57: =E57*I57 -> 0
B58: Vins | C58: Belles Filles, Pinot Noir | G58: =IF(D58-E58>0,D58-E58,"") | H58: EA | I58: 12.15 | J58: =E58*I58 -> 0
B59: Vins | C59: Clémence, Chasselas Vieilles Vignes | G59: =IF(D59-E59>0,D59-E59,"") | H59: EA | I59: 11.35 | J59: =E59*I59 -> 0
B60: Vins | C60: Clémence, Divicot | G60: =IF(D60-E60>0,D60-E60,"") | H60: EA | I60: 14.65 | J60: =E60*I60 -> 0
B61: Vins | C61: Clémence, Chardonnay | G61: =IF(D61-E61>0,D61-E61,"") | H61: EA | I61: 16.25 | J61: =E61*I61 -> 0
B62: Vins | C62: Clémence, Merlot | G62: =IF(D62-E62>0,D62-E62,"") | H62: EA | I62: 17.9 | J62: =E62*I62 -> 0
B63: Vins | C63: Clémence, Gamaret 75cl | G63: =IF(D63-E63>0,D63-E63,"") | H63: EA | I63: 15.95 | J63: =E63*I63 -> 0
B64: Vins | C64: Clémence, Sauvignon 75cl | G64: =IF(D64-E64>0,D64-E64,"") | H64: EA | I64: 15.45 | J64: =E64*I64 -> 0
B65: LAURENT PERRIER | G65: =IF(D65-E65>0,D65-E65,"")
B66: Vins | C66: Champagne, Laurent Perrier Brut la Cuvée 75cl | G66: =IF(D66-E66>0,D66-E66,"") | H66: EA | I66: 31.05 | J66: =E66*I66 -> 0
B67: Vins | C67: Champagne, Laurent Perrier Brut la Cuvée 150cl | G67: =IF(D67-E67>0,D67-E67,"") | H67: EA | I67: 60.79 | J67: =E67*I67 -> 0
B68: Vins | C68: Champagne, Laurent Perrier Rosé 75cl | G68: =IF(D68-E68>0,D68-E68,"") | H68: EA | I68: 56.55 | J68: =E68*I68 -> 0
B69: Vins | C69: Champagne, Laurent Perrier Rosé 150cl | G69: =IF(D69-E69>0,D69-E69,"") | H69: EA | I69: 107.44 | J69: =E69*I69 -> 0
B70: Vins | C70: Champagne, Laurent Perrier Ultra Brut 75cl | G70: =IF(D70-E70>0,D70-E70,"") | H70: EA | I70: 47.4 | J70: =E70*I70 -> 0
B71: Vins | C71: Champagne, Laurent Perrier Grand Siècle 75CL | G71: =IF(D71-E71>0,D71-E71,"") | H71: EA | I71: 87.63 | J71: =E71*I71 -> 0
B72: Vins | C72: Champagne, Laurent Perrier Blanc de Blanc 75CL | G72: =IF(D72-E72>0,D72-E72,"") | H72: EA | I72: 52.31 | J72: =E72*I72 -> 0
B73: AUTRES VINS | G73: =IF(D73-E73>0,D73-E73,"")
B74: Vins | C74: Domaine du Centaure - Aligoté | G74: =IF(D74-E74>0,D74-E74,"") | H74: EA | I74: 10.8 | J74: =E74*I74 -> 0
B75: Vins | C75: Domaine du Centaure - Pinot noir | G75: =IF(D75-E75>0,D75-E75,"") | H75: EA | I75: 11.2 | J75: =E75*I75 -> 0
B76: Vins | C76: Vin chaud 1lt | G76: =IF(D76-E76>0,D76-E76,"") | H76: L | I76: 4.56 | J76: =E76*I76 -> 0
B77: Vins | C77: Vin chaud TRANSGOURMET 10lt | G77: =IF(D77-E77>0,D77-E77,"") | H77: L | I77: 37.7 | J77: =E77*I77 -> 0
A78: Catégorie :Boissons avec alcool / Spiritueux | G78: =IF(D78-E78>0,D78-E78,"") | I78: TOTAL : | J78: =SUM(J80:J121) -> 0
B79: WHISKY | G79: =IF(D79-E79>0,D79-E79,"")
B80: Boissons avec alcool / Spiritueux | C80: Johnnie Walker - Black Label 70cl | G80: =IF(D80-E80>0,D80-E80,"") | H80: EA | I80: 32.95 | J80: =E80*I80 -> 0
B81: Boissons avec alcool / Spiritueux | C81: Chivas 70cl | G81: =IF(D81-E81>0,D81-E81,"") | H81: EA | I81: 56.95 | J81: =E81*I81 -> 0
B82: Boissons avec alcool / Spiritueux | C82: William Lawson 70cl | G82: =IF(D82-E82>0,D82-E82,"") | H82: EA | I82: 15.95 | J82: =E82*I82 -> 0
B83: Boissons avec alcool / Spiritueux | C83: Johnnie Walker - Red label 70cl | G83: =IF(D83-E83>0,D83-E83,"") | H83: EA | I83: 19.95 | J83: =E83*I83 -> 0
B84: Boissons avec alcool / Spiritueux | C84: Talisker 70cl | G84: =IF(D84-E84>0,D84-E84,"") | H84: EA | I84: 46.95 | J84: =E84*I84 -> 0
B85: Boissons avec alcool / Spiritueux | C85: Dewar's 70cl | G85: =IF(D85-E85>0,D85-E85,"") | H85: EA | I85: 34.95 | J85: =E85*I85 -> 0
B86: Boissons avec alcool / Spiritueux | C86: Jack Daniel's Old n7 70cl | G86: =IF(D86-E86>0,D86-E86,"") | H86: EA | I86: 24.95 | J86: =E86*I86 -> 0
B87: VODKA | G87: =IF(D87-E87>0,D87-E87,"")
B88: Boissons avec alcool / Spiritueux | C88: Absolut 70cl | G88: =IF(D88-E88>0,D88-E88,"") | H88: EA | I88: 19.5 | J88: =E88*I88 -> 0
B89: Boissons avec alcool / Spiritueux | C89: Wyborowa 70cl | G89: =IF(D89-E89>0,D89-E89,"") | H89: EA | I89: 16.95 | J89: =E89*I89 -> 0
B90: Boissons avec alcool / Spiritueux | C90: Smirnoff 70cl | G90: =IF(D90-E90>0,D90-E90,"") | H90: EA | I90: 17.95 | J90: =E90*I90 -> 0
B91: Boissons avec alcool / Spiritueux | C91: Eristoff 70cl | G91: =IF(D91-E91>0,D91-E91,"") | H91: EA | I91: 15.95 | J91: =E91*I91 -> 0
B92: Boissons avec alcool / Spiritueux | C92: 42 Below | G92: =IF(D92-E92>0,D92-E92,"") | H92: EA | I92: 20.95 | J92: =E92*I92 -> 0
B93: Boissons avec alcool / Spiritueux | C93: Ketel One 70cl | G93: =IF(D93-E93>0,D93-E93,"") | H93: EA | I93: 26.95 | J93: =E93*I93 -> 0
B94: Boissons avec alcool / Spiritueux | C94: Grey Goose 70cl | G94: =IF(D94-E94>0,D94-E94,"") | H94: EA | I94: 26.95 | J94: =E94*I94 -> 0
B95: GIN | G95: =IF(D95-E95>0,D95-E95,"")
B96: Boissons avec alcool / Spiritueux | C96: Beefeater 70cl | G96: =IF(D96-E96>0,D96-E96,"") | H96: EA | I96: 20.95 | J96: =E96*I96 -> 0
B97: Boissons avec alcool / Spiritueux | C97: Bombay Sapphire 70cl | G97: =IF(D97-E97>0,D97-E97,"") | H97: EA | I97: 23.95 | J97: =E97*I97 -> 0
B98: Boissons avec alcool / Spiritueux | C98: Tanqueray 70cl | G98: =IF(D98-E98>0,D98-E98,"") | H98: EA | I98: 22.5 | J98: =E98*I98 -> 0
B99: Boissons avec alcool / Spiritueux | C99: Tanqueray cassis 70cl | G99: =IF(D99-E99>0,D99-E99,"") | H99: EA | I99: 29.95 | J99: =E99*I99 -> 0
B100: RHUM | G100: =IF(D100-E100>0,D100-E100,"")
B101: Boissons avec alcool / Spiritueux | C101: Bacardi blanc 70cl | G101: =IF(D101-E101>0,D101-E101,"") | H101: EA | I101: 17.95 | J101: =E101*I101 -> 0
B102: Boissons avec alcool / Spiritueux | C102: Havana Club Añejo 3 anos 70cl | G102: =IF(D102-E102>0,D102-E102,"") | H102: EA | I102: 20.95 | J102: =E102*I102 -> 0
B103: Boissons avec alcool / Spiritueux | C103: Pampero blanc 70cl | G103: =IF(D103-E103>0,D103-E103,"") | H103: EA | I103: 19.95 | J103: =E103*I103 -> 0
B104: Boissons avec alcool / Spiritueux | C104: Zacapa 70cl | G104: =IF(D104-E104>0,D104-E104,"") | H104: EA | I104: 59.95 | J104: =E104*I104 -> 0
B105: TEQUILA | G105: =IF(D105-E105>0,D105-E105,"")
B106: Boissons avec alcool / Spiritueux | C106: Don Julio Reposado | G106: =IF(D106-E106>0,D106-E106,"") | H106: EA | I106: 54.95 | J106: =E106*I106 -> 0
...

Sheet Nord Mobile 1
B1: TOTAL PRODUIT CONSOLIDE
B4: Catégories | C4: Valeur d'inventaire
B5: Bières | C5: =J23 -> 4286.5
B6: Consignes | C6: =J4 -> 0
B7: Vins | C7: =J50 -> 200.3
B8: Boissons avec alcool / Spiritueux | C8: =J78 -> 0
B9: Boissons sans alcool | C9: =J122 -> 534.26
B10: Caféterie | C10: =J176 -> 0
B11: Negoce | C11: =J187 -> 215.28
B12: Boulangerie | C12: =J193 -> 0
B13: Sauce & Condiments | C13: =J195 -> 0
B14: Surgelés | C14: =J208 -> 0
B15: Viandes | C15: =J214 -> 0
B16: Graisse & Huile | C16: =J222 -> 0
B17: Mono-usages | C17: =J224 -> 107.12
B18: Produit de nettoyage | C18: =J245 -> 10.9
B19: Divers | C19: =J257 -> 0
B20: TOTAL | C20: =C5+C6+C7+C8+C9+C10+C11+C12+C13+C14+C15+C16+C17+C18+C19 -> 5354.36
A21: INVENTAIRES STADE
B22: Catégorie | C22: Article d'inventaire | D22: MIN. REQUIS | E22: STOCKS FIN DE SERVICE | F22: QUANTITE A REMETTRE | G22: MANQUE / RUPTURE | H22: UNITE | I22: PRIX | J22: VALEUR
A23: Catégorie :Bières | E23: A REMPLIR ↓ | I23: TOTAL : | J23: =SUM(J24:J40) -> 4286.5
B24: Bières | C24: Aligal 2 7kg | D24: 2 | E24: 4 | G24: =IF(E24="","",IF(D24-E24>0,D24-E24,"")) | H24: EA | I24: 55.95 | J24: =E24*I24 -> 223.8
B25: Bières | C25: Brooklyn EIPA 30lt Fût | G25: =IF(E25="","",IF(D25-E25>0,D25-E25,"")) | H25: EA | I25: 173.1 | J25: =E25*I25 -> 0
B26: Bières | C26: Cardinal Blonde 20lt Fût | D26: 15 | E26: 46 | G26: =IF(E26="","",IF(D26-E26>0,D26-E26,"")) | H26: EA | I26: 75.4 | J26: =E26*I26 -> 3468.4
B27: Bières | C27: Servettienne 20lt Fût | D27: 15 | E27: 7 | G27: =IF(E27="","",IF(D27-E27>0,D27-E27,"")) -> 8 | H27: EA | I27: 84.9 | J27: =E27*I27 -> 594.3
B28: Bières | C28: Bonde la piece bouteille | G28: =IF(E28="","",IF(D28-E28>0,D28-E28,"")) | H28: EA | I28: 2.96 | J28: =E28*I28 -> 0
B29: Bières | C29: Blanche la piece bouteille | G29: =IF(E29="","",IF(D29-E29>0,D29-E29,"")) | H29: EA | I29: 2.96 | J29: =E29*I29 -> 0
B30: Bières | C30: IPA la piece bouteille | G30: =IF(E30="","",IF(D30-E30>0,D30-E30,"")) | H30: EA | I30: 2.96 | J30: =E30*I30 -> 0
B31: Bières | C31: Grimbergen blanche 20lt Fût | G31: =IF(E31="","",IF(D31-E31>0,D31-E31,"")) | H31: EA | I31: 107.2 | J31: =E31*I31 -> 0
B32: Bières | C32: Magners 30lt Fût | G32: =IF(E32="","",IF(D32-E32>0,D32-E32,"")) | H32: EA | I32: 170.7 | J32: =E32*I32 -> 0
B33: Bières | C33: Cardinal Blonde Citernes lt | G33: =IF(E33="","",IF(D33-E33>0,D33-E33,"")) | H33: lt | I33: 3.77 | J33: =E33*I33 -> 0
B34: Bières | C34: Valaisanne Bière de Cave - Bière bouteille | G34: =IF(E34="","",IF(D34-E34>0,D34-E34,"")) | H34: EA | I34: 2.56 | J34: =E34*I34 -> 0
B35: Bières | C35: Valaisanne IPA - Bière bouteille | G35: =IF(E35="","",IF(D35-E35>0,D35-E35,"")) | H35: EA | I35: 3.08 | J35: =E35*I35 -> 0
B36: Bières | C36: Valaisanne Pale Ale - Bière bouteille | G36: =IF(E36="","",IF(D36-E36>0,D36-E36,"")) | H36: EA | I36: 2.56 | J36: =E36*I36 -> 0
B37: Bières | C37: Cardinal - Bière bouteille | G37: =IF(E37="","",IF(D37-E37>0,D37-E37,"")) | H37: EA | I37: 1.41 | J37: =E37*I37 -> 0
B38: Bières | C38: San Miguel - Bière bouteille | G38: =IF(E38="","",IF(D38-E38>0,D38-E38,"")) | H38: EA | I38: 1.73 | J38: =E38*I38 -> 0
B39: Bières | C39: Cardinal sans alcool - Bière bouteille | G39: =IF(E39="","",IF(D39-E39>0,D39-E39,"")) | H39: EA | I39: 1.46 | J39: =E39*I39 -> 0
B40: Bières | C40: Cidre 33cl "La Genevoise du Terroir" | G40: =IF(E40="","",IF(D40-E40>0,D40-E40,"")) | H40: EA | I40: 3.45 | J40: =E40*I40 -> 0
A41: Catégorie : Consignes | G41: =IF(E41="","",IF(D41-E41>0,D41-E41,"")) | I41: TOTAL : | J41: =SUM(J42:J49) -> 3050
B42: Consignes | C42: Bouteille / Aligal consignée | E42: =E24 -> 4 | G42: =IF(E42="","",IF(D42-E42>0,D42-E42,"")) | H42: EA | I42: 100 | J42: =E42*I42 -> 400
B43: Consignes | C43: Caisse 24bt vides consignées (Sodas) | G43: =IF(E43="","",IF(D43-E43>0,D43-E43,"")) | H43: EA | I43: 12.2 | J43: =E43*I43 -> 0
B44: Consignes | C44: Caisse 20bt vides consignées (Valser) | G44: =IF(E44="","",IF(D44-E44>0,D44-E44,"")) | H44: EA | I44: 11 | J44: =E44*I44 -> 0
B45: Consignes | C45: Caisse verres consignés (Bières) | G45: =IF(E45="","",IF(D45-E45>0,D45-E45,"")) | H45: EA | I45: 5 | J45: =E45*I45 -> 0
B46: Consignes | C46: Caisse BT 1,5L PET consignée | G46: =IF(E46="","",IF(D46-E46>0,D46-E46,"")) | H46: EA | I46: 5 | J46: =E46*I46 -> 0
B47: Consignes | C47: Caisse 24bt vides consignées (Bières sans alcool) | G47: =IF(E47="","",IF(D47-E47>0,D47-E47,"")) | H47: EA | I47: 11 | J47: =E47*I47 -> 0
B48: Consignes | C48: Container / Fûts consignés | E48: =E26+E27 -> 53 | G48: =IF(E48="","",IF(D48-E48>0,D48-E48,"")) | H48: EA | I48: 50 | J48: =E48*I48 -> 2650
B49: Consignes | C49: Caisse de 20bt Brasserie de la pièce | G49: =IF(E49="","",IF(D49-E49>0,D49-E49,"")) | H49: EA | I49: 5 | J49: =E49*I49 -> 0
B50: Catégorie : Vins | G50: =IF(E50="","",IF(D50-E50>0,D50-E50,"")) | I50: TOTAL : | J50: =SUM(J52:J77) -> 200.3
B51: LA CAVE DE GENÉVE | G51: =IF(E51="","",IF(D51-E51>0,D51-E51,""))
B52: Vins | C52: Baccarat brut, Blanc chardonnay 75cl | G52: =IF(E52="","",IF(D52-E52>0,D52-E52,"")) | H52: EA | I52: 13 | J52: =E52*I52 -> 0
B53: Vins | C53: Baccarat rosé 75cl | G53: =IF(E53="","",IF(D53-E53>0,D53-E53,"")) | H53: EA | I53: 13 | J53: =E53*I53 -> 0
B54: Vins | C54: Baccarat Club 75cl | G54: =IF(E54="","",IF(D54-E54>0,D54-E54,"")) | H54: EA | I54: 8.9 | J54: =E54*I54 -> 0
B55: Vins | C55: Belles filles Chasselas AOC Geneve 2019 75cl | D55: 6 | E55: 8 | G55: =IF(E55="","",IF(D55-E55>0,D55-E55,"")) | H55: EA | I55: 8.35 | J55: =E55*I55 -> 66.8
B56: Vins | C56: Belles filles Gamay AOC Geneve 2019 75cl | D56: 6 | E56: 15 | G56: =IF(E56="","",IF(D56-E56>0,D56-E56,"")) | H56: EA | I56: 8.9 | J56: =E56*I56 -> 133.5
B57: Vins | C57: Belles Filles, Rosé de Gamay | D57: 6 | G57: =IF(E57="","",IF(D57-E57>0,D57-E57,"")) | H57: EA | I57: 8.7 | J57: =E57*I57 -> 0
B58: Vins | C58: Belles Filles, Pinot Noir | G58: =IF(E58="","",IF(D58-E58>0,D58-E58,"")) | H58: EA | I58: 12.15 | J58: =E58*I58 -> 0
B59: Vins | C59: Clémence, Chasselas Vieilles Vignes | G59: =IF(E59="","",IF(D59-E59>0,D59-E59,"")) | H59: EA | I59: 11.35 | J59: =E59*I59 -> 0
B60: Vins | C60: Clémence, Divicot | G60: =IF(E60="","",IF(D60-E60>0,D60-E60,"")) | H60: EA | I60: 14.65 | J60: =E60*I60 -> 0
B61: Vins | C61: Clémence, Chardonnay | G61: =IF(E61="","",IF(D61-E61>0,D61-E61,"")) | H61: EA | I61: 16.25 | J61: =E61*I61 -> 0
B62: Vins | C62: Clémence, Merlot | G62: =IF(E62="","",IF(D62-E62>0,D62-E62,"")) | H62: EA | I62: 17.9 | J62: =E62*I62 -> 0
B63: Vins | C63: Clémence, Gamaret 75cl | G63: =IF(E63="","",IF(D63-E63>0,D63-E63,"")) | H63: EA | I63: 15.95 | J63: =E63*I63 -> 0
B64: Vins | C64: Clémence, Sauvignon 75cl | G64: =IF(E64="","",IF(D64-E64>0,D64-E64,"")) | H64: EA | I64: 15.45 | J64: =E64*I64 -> 0
B65: LAURENT PERRIER | G65: =IF(E65="","",IF(D65-E65>0,D65-E65,""))
B66: Vins | C66: Champagne, Laurent Perrier Brut la Cuvée 75cl | G66: =IF(E66="","",IF(D66-E66>0,D66-E66,"")) | H66: EA | I66: 31.05 | J66: =E66*I66 -> 0
B67: Vins | C67: Champagne, Laurent Perrier Brut la Cuvée 150cl | G67: =IF(E67="","",IF(D67-E67>0,D67-E67,"")) | H67: EA | I67: 60.79 | J67: =E67*I67 -> 0
B68: Vins | C68: Champagne, Laurent Perrier Rosé 75cl | G68: =IF(E68="","",IF(D68-E68>0,D68-E68,"")) | H68: EA | I68: 56.55 | J68: =E68*I68 -> 0
B69: Vins | C69: Champagne, Laurent Perrier Rosé 150cl | G69: =IF(E69="","",IF(D69-E69>0,D69-E69,"")) | H69: EA | I69: 107.44 | J69: =E69*I69 -> 0
B70: Vins | C70: Champagne, Laurent Perrier Ultra Brut 75cl | G70: =IF(E70="","",IF(D70-E70>0,D70-E70,"")) | H70: EA | I70: 47.4 | J70: =E70*I70 -> 0
B71: Vins | C71: Champagne, Laurent Perrier Grand Siècle 75CL | G71: =IF(E71="","",IF(D71-E71>0,D71-E71,"")) | H71: EA | I71: 87.63 | J71: =E71*I71 -> 0
B72: Vins | C72: Champagne, Laurent Perrier Blanc de Blanc 75CL | G72: =IF(E72="","",IF(D72-E72>0,D72-E72,"")) | H72: EA | I72: 52.31 | J72: =E72*I72 -> 0
B73: AUTRES VINS | G73: =IF(E73="","",IF(D73-E73>0,D73-E73,""))
B74: Vins | C74: Domaine du Centaure - Aligoté | G74: =IF(E74="","",IF(D74-E74>0,D74-E74,"")) | H74: EA | I74: 10.8 | J74: =E74*I74 -> 0
B75: Vins | C75: Domaine du Centaure - Pinot noir | G75: =IF(E75="","",IF(D75-E75>0,D75-E75,"")) | H75: EA | I75: 11.2 | J75: =E75*I75 -> 0
B76: Vins | C76: Vin chaud 1lt | G76: =IF(E76="","",IF(D76-E76>0,D76-E76,"")) | H76: L | I76: 4.56 | J76: =E76*I76 -> 0
B77: Vins | C77: Vin chaud TRANSGOURMET 10lt | G77: =IF(E77="","",IF(D77-E77>0,D77-E77,"")) | H77: L | I77: 37.7 | J77: =E77*I77 -> 0
A78: Catégorie :Boissons avec alcool / Spiritueux | G78: =IF(E78="","",IF(D78-E78>0,D78-E78,"")) | I78: TOTAL : | J78: =SUM(J80:J121) -> 0
B79: WHISKY | G79: =IF(E79="","",IF(D79-E79>0,D79-E79,""))
B80: Boissons avec alcool / Spiritueux | C80: Johnnie Walker - Black Label 70cl | G80: =IF(E80="","",IF(D80-E80>0,D80-E80,"")) | H80: EA | I80: 32.95 | J80: =E80*I80 -> 0
B81: Boissons avec alcool / Spiritueux | C81: Chivas 70cl | G81: =IF(E81="","",IF(D81-E81>0,D81-E81,"")) | H81: EA | I81: 56.95 | J81: =E81*I81 -> 0
B82: Boissons avec alcool / Spiritueux | C82: William Lawson 70cl | G82: =IF(E82="","",IF(D82-E82>0,D82-E82,"")) | H82: EA | I82: 15.95 | J82: =E82*I82 -> 0
B83: Boissons avec alcool / Spiritueux | C83: Johnnie Walker - Red label 70cl | G83: =IF(E83="","",IF(D83-E83>0,D83-E83,"")) | H83: EA | I83: 19.95 | J83: =E83*I83 -> 0
B84: Boissons avec alcool / Spiritueux | C84: Talisker 70cl | G84: =IF(E84="","",IF(D84-E84>0,D84-E84,"")) | H84: EA | I84: 46.95 | J84: =E84*I84 -> 0
B85: Boissons avec alcool / Spiritueux | C85: Dewar's 70cl | G85: =IF(E85="","",IF(D85-E85>0,D85-E85,"")) | H85: EA | I85: 34.95 | J85: =E85*I85 -> 0
B86: Boissons avec alcool / Spiritueux | C86: Jack Daniel's Old n7 70cl | G86: =IF(E86="","",IF(D86-E86>0,D86-E86,"")) | H86: EA | I86: 24.95 | J86: =E86*I86 -> 0
B87: VODKA | G87: =IF(E87="","",IF(D87-E87>0,D87-E87,""))
B88: Boissons avec alcool / Spiritueux | C88: Absolut 70cl | G88: =IF(E88="","",IF(D88-E88>0,D88-E88,"")) | H88: EA | I88: 19.5 | J88: =E88*I88 -> 0
B89: Boissons avec alcool / Spiritueux | C89: Wyborowa 70cl | G89: =IF(E89="","",IF(D89-E89>0,D89-E89,"")) | H89: EA | I89: 16.95 | J89: =E89*I89 -> 0
B90: Boissons avec alcool / Spiritueux | C90: Smirnoff 70cl | G90: =IF(E90="","",IF(D90-E90>0,D90-E90,"")) | H90: EA | I90: 17.95 | J90: =E90*I90 -> 0
B91: Boissons avec alcool / Spiritueux | C91: Eristoff 70cl | G91: =IF(E91="","",IF(D91-E91>0,D91-E91,"")) | H91: EA | I91: 15.95 | J91: =E91*I91 -> 0
B92: Boissons avec alcool / Spiritueux | C92: 42 Below | G92: =IF(E92="","",IF(D92-E92>0,D92-E92,"")) | H92: EA | I92: 20.95 | J92: =E92*I92 -> 0
B93: Boissons avec alcool / Spiritueux | C93: Ketel One 70cl | G93: =IF(E93="","",IF(D93-E93>0,D93-E93,"")) | H93: EA | I93: 26.95 | J93: =E93*I93 -> 0
B94: Boissons avec alcool / Spiritueux | C94: Grey Goose 70cl | G94: =IF(E94="","",IF(D94-E94>0,D94-E94,"")) | H94: EA | I94: 26.95 | J94: =E94*I94 -> 0
B95: GIN | G95: =IF(E95="","",IF(D95-E95>0,D95-E95,""))
B96: Boissons avec alcool / Spiritueux | C96: Beefeater 70cl | G96: =IF(E96="","",IF(D96-E96>0,D96-E96,"")) | H96: EA | I96: 20.95 | J96: =E96*I96 -> 0
B97: Boissons avec alcool / Spiritueux | C97: Bombay Sapphire 70cl | G97: =IF(E97="","",IF(D97-E97>0,D97-E97,"")) | H97: EA | I97: 23.95 | J97: =E97*I97 -> 0
B98: Boissons avec alcool / Spiritueux | C98: Tanqueray 70cl | G98: =IF(E98="","",IF(D98-E98>0,D98-E98,"")) | H98: EA | I98: 22.5 | J98: =E98*I98 -> 0
B99: Boissons avec alcool / Spiritueux | C99: Tanqueray cassis 70cl | G99: =IF(E99="","",IF(D99-E99>0,D99-E99,"")) | H99: EA | I99: 29.95 | J99: =E99*I99 -> 0
B100: RHUM | G100: =IF(E100="","",IF(D100-E100>0,D100-E100,""))
B101: Boissons avec alcool / Spiritueux | C101: Bacardi blanc 70cl | G101: =IF(E101="","",IF(D101-E101>0,D101-E101,"")) | H101: EA | I101: 17.95 | J101: =E101*I101 -> 0
B102: Boissons avec alcool / Spiritueux | C102: Havana Club Añejo 3 anos 70cl | G102: =IF(E102="","",IF(D102-E102>0,D102-E102,"")) | H102: EA | I102: 20.95 | J102: =E102*I102 -> 0
...

Sheet Nord 1
B1: TOTAL PRODUIT CONSOLIDE
B4: Catégories | C4: Valeur d'inventaire
B5: Bières | C5: =J23 -> 5362.15
B6: Consignes | C6: =J4 -> 0
B7: Vins | C7: =J50 -> 132.5
B8: Boissons avec alcool / Spiritueux | C8: =J78 -> 0
B9: Boissons sans alcool | C9: =J122 -> 2047.79
B10: Caféterie | C10: =J176 -> 0
B11: Negoce | C11: =J187 -> 67.2
B12: Boulangerie | C12: =J193 -> 0
B13: Sauce & Condiments | C13: =J195 -> 168.61
B14: Surgelés | C14: =J208 -> 870.785
B15: Viandes | C15: =J214 -> 0
B16: Graisse & Huile | C16: =J222 -> 0
B17: Mono-usages | C17: =J224 -> 428.55
B18: Produit de nettoyage | C18: =J245 -> 238.97
B19: Divers | C19: =J257 -> 0
B20: TOTAL | C20: =C5+C6+C7+C8+C9+C10+C11+C12+C13+C14+C15+C16+C17+C18+C19 -> 9316.555
A21: INVENTAIRES STADE
B22: Catégorie | C22: Article d'inventaire | D22: MIN. REQUIS | E22: STOCKS FIN DE SERVICE | F22: QUANTITE A REMETTRE | G22: MANQUE / RUPTURE | H22: UNITE | I22: PRIX | J22: VALEUR
A23: Catégorie :Bières | E23: A REMPLIR ↓ | I23: TOTAL : | J23: =SUM(J24:J40) -> 5362.15
B24: Bières | C24: Aligal 2 7kg | D24: 2 | E24: 3 | G24: =IF(E24="","",IF(D24-E24>0,D24-E24,"")) | H24: EA | I24: 55.95 | J24: =E24*I24 -> 167.85
B25: Bières | C25: Brooklyn EIPA 30lt Fût | G25: =IF(E25="","",IF(D25-E25>0,D25-E25,"")) | H25: EA | I25: 173.1 | J25: =E25*I25 -> 0
B26: Bières | C26: Cardinal Blonde 20lt Fût | D26: 20 | E26: 52 | G26: =IF(E26="","",IF(D26-E26>0,D26-E26,"")) | H26: EA | I26: 75.4 | J26: =E26*I26 -> 3920.8
B27: Bières | C27: Servettienne 20lt Fût | D27: 20 | E27: 15 | G27: =IF(E27="","",IF(D27-E27>0,D27-E27,"")) -> 5 | H27: EA | I27: 84.9 | J27: =E27*I27 -> 1273.5
B28: Bières | C28: Bonde la piece bouteille | G28: =IF(E28="","",IF(D28-E28>0,D28-E28,"")) | H28: EA | I28: 2.96 | J28: =E28*I28 -> 0
B29: Bières | C29: Blanche la piece bouteille | G29: =IF(E29="","",IF(D29-E29>0,D29-E29,"")) | H29: EA | I29: 2.96 | J29: =E29*I29 -> 0
B30: Bières | C30: IPA la piece bouteille | G30: =IF(E30="","",IF(D30-E30>0,D30-E30,"")) | H30: EA | I30: 2.96 | J30: =E30*I30 -> 0
B31: Bières | C31: Grimbergen blanche 20lt Fût | G31: =IF(E31="","",IF(D31-E31>0,D31-E31,"")) | H31: EA | I31: 107.2 | J31: =E31*I31 -> 0
B32: Bières | C32: Magners 30lt Fût | G32: =IF(E32="","",IF(D32-E32>0,D32-E32,"")) | H32: EA | I32: 170.7 | J32: =E32*I32 -> 0
B33: Bières | C33: Cardinal Blonde Citernes lt | G33: =IF(E33="","",IF(D33-E33>0,D33-E33,"")) | H33: lt | I33: 3.77 | J33: =E33*I33 -> 0
B34: Bières | C34: Valaisanne Bière de Cave - Bière bouteille | G34: =IF(E34="","",IF(D34-E34>0,D34-E34,"")) | H34: EA | I34: 2.56 | J34: =E34*I34 -> 0
B35: Bières | C35: Valaisanne IPA - Bière bouteille | G35: =IF(E35="","",IF(D35-E35>0,D35-E35,"")) | H35: EA | I35: 3.08 | J35: =E35*I35 -> 0
B36: Bières | C36: Valaisanne Pale Ale - Bière bouteille | G36: =IF(E36="","",IF(D36-E36>0,D36-E36,"")) | H36: EA | I36: 2.56 | J36: =E36*I36 -> 0
B37: Bières | C37: Cardinal - Bière bouteille | G37: =IF(E37="","",IF(D37-E37>0,D37-E37,"")) | H37: EA | I37: 1.41 | J37: =E37*I37 -> 0
B38: Bières | C38: San Miguel - Bière bouteille | G38: =IF(E38="","",IF(D38-E38>0,D38-E38,"")) | H38: EA | I38: 1.73 | J38: =E38*I38 -> 0
B39: Bières | C39: Cardinal sans alcool - Bière bouteille | G39: =IF(E39="","",IF(D39-E39>0,D39-E39,"")) | H39: EA | I39: 1.46 | J39: =E39*I39 -> 0
B40: Bières | C40: Cidre 33cl "La Genevoise du Terroir" | G40: =IF(E40="","",IF(D40-E40>0,D40-E40,"")) | H40: EA | I40: 3.45 | J40: =E40*I40 -> 0
A41: Catégorie : Consignes | G41: =IF(E41="","",IF(D41-E41>0,D41-E41,"")) | I41: TOTAL : | J41: =SUM(J42:J49) -> 3690
B42: Consignes | C42: Bouteille / Aligal consignée | E42: =E24 -> 3 | G42: =IF(E42="","",IF(D42-E42>0,D42-E42,"")) | H42: EA | I42: 100 | J42: =E42*I42 -> 300
B43: Consignes | C43: Caisse 24bt vides consignées (Sodas) | G43: =IF(E43="","",IF(D43-E43>0,D43-E43,"")) | H43: EA | I43: 12.2 | J43: =E43*I43 -> 0
B44: Consignes | C44: Caisse 20bt vides consignées (Valser) | G44: =IF(E44="","",IF(D44-E44>0,D44-E44,"")) | H44: EA | I44: 11 | J44: =E44*I44 -> 0
B45: Consignes | C45: Caisse verres consignés (Bières) | G45: =IF(E45="","",IF(D45-E45>0,D45-E45,"")) | H45: EA | I45: 5 | J45: =E45*I45 -> 0
B46: Consignes | C46: Caisse BT 1,5L PET consignée | E46: 8 | G46: =IF(E46="","",IF(D46-E46>0,D46-E46,"")) | H46: EA | I46: 5 | J46: =E46*I46 -> 40
B47: Consignes | C47: Caisse 24bt vides consignées (Bières sans alcool) | G47: =IF(E47="","",IF(D47-E47>0,D47-E47,"")) | H47: EA | I47: 11 | J47: =E47*I47 -> 0
B48: Consignes | C48: Container / Fûts consignés | E48: =E27+E26 -> 67 | G48: =IF(E48="","",IF(D48-E48>0,D48-E48,"")) | H48: EA | I48: 50 | J48: =E48*I48 -> 3350
B49: Consignes | C49: Caisse de 20bt Brasserie de la pièce | G49: =IF(E49="","",IF(D49-E49>0,D49-E49,"")) | H49: EA | I49: 5 | J49: =E49*I49 -> 0
B50: Catégorie : Vins | G50: =IF(E50="","",IF(D50-E50>0,D50-E50,"")) | I50: TOTAL : | J50: =SUM(J52:J77) -> 132.5
B51: LA CAVE DE GENÉVE | G51: =IF(E51="","",IF(D51-E51>0,D51-E51,""))
B52: Vins | C52: Baccarat brut, Blanc chardonnay 75cl | G52: =IF(E52="","",IF(D52-E52>0,D52-E52,"")) | H52: EA | I52: 13 | J52: =E52*I52 -> 0
B53: Vins | C53: Baccarat rosé 75cl | G53: =IF(E53="","",IF(D53-E53>0,D53-E53,"")) | H53: EA | I53: 13 | J53: =E53*I53 -> 0
B54: Vins | C54: Baccarat Club 75cl | G54: =IF(E54="","",IF(D54-E54>0,D54-E54,"")) | H54: EA | I54: 8.9 | J54: =E54*I54 -> 0
B55: Vins | C55: Belles filles Chasselas AOC Geneve 2019 75cl | D55: 6 | G55: =IF(E55="","",IF(D55-E55>0,D55-E55,"")) | H55: EA | I55: 8.35 | J55: =E55*I55 -> 0
B56: Vins | C56: Belles filles Gamay AOC Geneve 2019 75cl | D56: 6 | E56: 10 | G56: =IF(E56="","",IF(D56-E56>0,D56-E56,"")) | H56: EA | I56: 8.9 | J56: =E56*I56 -> 89
B57: Vins | C57: Belles Filles, Rosé de Gamay | D57: 6 | E57: 5 | G57: =IF(E57="","",IF(D57-E57>0,D57-E57,"")) -> 1 | H57: EA | I57: 8.7 | J57: =E57*I57 -> 43.5
B58: Vins | C58: Belles Filles, Pinot Noir | G58: =IF(E58="","",IF(D58-E58>0,D58-E58,"")) | H58: EA | I58: 12.15 | J58: =E58*I58 -> 0
B59: Vins | C59: Clémence, Chasselas Vieilles Vignes | G59: =IF(E59="","",IF(D59-E59>0,D59-E59,"")) | H59: EA | I59: 11.35 | J59: =E59*I59 -> 0
B60: Vins | C60: Clémence, Divicot | G60: =IF(E60="","",IF(D60-E60>0,D60-E60,"")) | H60: EA | I60: 14.65 | J60: =E60*I60 -> 0
B61: Vins | C61: Clémence, Chardonnay | G61: =IF(E61="","",IF(D61-E61>0,D61-E61,"")) | H61: EA | I61: 16.25 | J61: =E61*I61 -> 0
B62: Vins | C62: Clémence, Merlot | G62: =IF(E62="","",IF(D62-E62>0,D62-E62,"")) | H62: EA | I62: 17.9 | J62: =E62*I62 -> 0
B63: Vins | C63: Clémence, Gamaret 75cl | G63: =IF(E63="","",IF(D63-E63>0,D63-E63,"")) | H63: EA | I63: 15.95 | J63: =E63*I63 -> 0
B64: Vins | C64: Clémence, Sauvignon 75cl | G64: =IF(E64="","",IF(D64-E64>0,D64-E64,"")) | H64: EA | I64: 15.45 | J64: =E64*I64 -> 0
B65: LAURENT PERRIER | G65: =IF(E65="","",IF(D65-E65>0,D65-E65,""))
B66: Vins | C66: Champagne, Laurent Perrier Brut la Cuvée 75cl | G66: =IF(E66="","",IF(D66-E66>0,D66-E66,"")) | H66: EA | I66: 31.05 | J66: =E66*I66 -> 0
B67: Vins | C67: Champagne, Laurent Perrier Brut la Cuvée 150cl | G67: =IF(E67="","",IF(D67-E67>0,D67-E67,"")) | H67: EA | I67: 60.79 | J67: =E67*I67 -> 0
B68: Vins | C68: Champagne, Laurent Perrier Rosé 75cl | G68: =IF(E68="","",IF(D68-E68>0,D68-E68,"")) | H68: EA | I68: 56.55 | J68: =E68*I68 -> 0
B69: Vins | C69: Champagne, Laurent Perrier Rosé 150cl | G69: =IF(E69="","",IF(D69-E69>0,D69-E69,"")) | H69: EA | I69: 107.44 | J69: =E69*I69 -> 0
B70: Vins | C70: Champagne, Laurent Perrier Ultra Brut 75cl | G70: =IF(E70="","",IF(D70-E70>0,D70-E70,"")) | H70: EA | I70: 47.4 | J70: =E70*I70 -> 0
B71: Vins | C71: Champagne, Laurent Perrier Grand Siècle 75CL | G71: =IF(E71="","",IF(D71-E71>0,D71-E71,"")) | H71: EA | I71: 87.63 | J71: =E71*I71 -> 0
B72: Vins | C72: Champagne, Laurent Perrier Blanc de Blanc 75CL | G72: =IF(E72="","",IF(D72-E72>0,D72-E72,"")) | H72: EA | I72: 52.31 | J72: =E72*I72 -> 0
B73: AUTRES VINS | G73: =IF(E73="","",IF(D73-E73>0,D73-E73,""))
B74: Vins | C74: Domaine du Centaure - Aligoté | G74: =IF(E74="","",IF(D74-E74>0,D74-E74,"")) | H74: EA | I74: 10.8 | J74: =E74*I74 -> 0
B75: Vins | C75: Domaine du Centaure - Pinot noir | G75: =IF(E75="","",IF(D75-E75>0,D75-E75,"")) | H75: EA | I75: 11.2 | J75: =E75*I75 -> 0
B76: Vins | C76: Vin chaud 1lt | G76: =IF(E76="","",IF(D76-E76>0,D76-E76,"")) | H76: L | I76: 4.56 | J76: =E76*I76 -> 0
B77: Vins | C77: Vin chaud TRANSGOURMET 10lt | G77: =IF(E77="","",IF(D77-E77>0,D77-E77,"")) | H77: L | I77: 37.7 | J77: =E77*I77 -> 0
A78: Catégorie :Boissons avec alcool / Spiritueux | G78: =IF(E78="","",IF(D78-E78>0,D78-E78,"")) | I78: TOTAL : | J78: =SUM(J80:J121) -> 0
B79: WHISKY | G79: =IF(E79="","",IF(D79-E79>0,D79-E79,""))
B80: Boissons avec alcool / Spiritueux | C80: Johnnie Walker - Black Label 70cl | G80: =IF(E80="","",IF(D80-E80>0,D80-E80,"")) | H80: EA | I80: 32.95 | J80: =E80*I80 -> 0
B81: Boissons avec alcool / Spiritueux | C81: Chivas 70cl | G81: =IF(E81="","",IF(D81-E81>0,D81-E81,"")) | H81: EA | I81: 56.95 | J81: =E81*I81 -> 0
B82: Boissons avec alcool / Spiritueux | C82: William Lawson 70cl | G82: =IF(E82="","",IF(D82-E82>0,D82-E82,"")) | H82: EA | I82: 15.95 | J82: =E82*I82 -> 0
B83: Boissons avec alcool / Spiritueux | C83: Johnnie Walker - Red label 70cl | G83: =IF(E83="","",IF(D83-E83>0,D83-E83,"")) | H83: EA | I83: 19.95 | J83: =E83*I83 -> 0
B84: Boissons avec alcool / Spiritueux | C84: Talisker 70cl | G84: =IF(E84="","",IF(D84-E84>0,D84-E84,"")) | H84: EA | I84: 46.95 | J84: =E84*I84 -> 0
B85: Boissons avec alcool / Spiritueux | C85: Dewar's 70cl | G85: =IF(E85="","",IF(D85-E85>0,D85-E85,"")) | H85: EA | I85: 34.95 | J85: =E85*I85 -> 0
B86: Boissons avec alcool / Spiritueux | C86: Jack Daniel's Old n7 70cl | G86: =IF(E86="","",IF(D86-E86>0,D86-E86,"")) | H86: EA | I86: 24.95 | J86: =E86*I86 -> 0
B87: VODKA | G87: =IF(E87="","",IF(D87-E87>0,D87-E87,""))
B88: Boissons avec alcool / Spiritueux | C88: Absolut 70cl | G88: =IF(E88="","",IF(D88-E88>0,D88-E88,"")) | H88: EA | I88: 19.5 | J88: =E88*I88 -> 0
B89: Boissons avec alcool / Spiritueux | C89: Wyborowa 70cl | G89: =IF(E89="","",IF(D89-E89>0,D89-E89,"")) | H89: EA | I89: 16.95 | J89: =E89*I89 -> 0
B90: Boissons avec alcool / Spiritueux | C90: Smirnoff 70cl | G90: =IF(E90="","",IF(D90-E90>0,D90-E90,"")) | H90: EA | I90: 17.95 | J90: =E90*I90 -> 0
B91: Boissons avec alcool / Spiritueux | C91: Eristoff 70cl | G91: =IF(E91="","",IF(D91-E91>0,D91-E91,"")) | H91: EA | I91: 15.95 | J91: =E91*I91 -> 0
B92: Boissons avec alcool / Spiritueux | C92: 42 Below | G92: =IF(E92="","",IF(D92-E92>0,D92-E92,"")) | H92: EA | I92: 20.95 | J92: =E92*I92 -> 0
B93: Boissons avec alcool / Spiritueux | C93: Ketel One 70cl | G93: =IF(E93="","",IF(D93-E93>0,D93-E93,"")) | H93: EA | I93: 26.95 | J93: =E93*I93 -> 0
B94: Boissons avec alcool / Spiritueux | C94: Grey Goose 70cl | G94: =IF(E94="","",IF(D94-E94>0,D94-E94,"")) | H94: EA | I94: 26.95 | J94: =E94*I94 -> 0
B95: GIN | G95: =IF(E95="","",IF(D95-E95>0,D95-E95,""))
B96: Boissons avec alcool / Spiritueux | C96: Beefeater 70cl | G96: =IF(E96="","",IF(D96-E96>0,D96-E96,"")) | H96: EA | I96: 20.95 | J96: =E96*I96 -> 0
B97: Boissons avec alcool / Spiritueux | C97: Bombay Sapphire 70cl | G97: =IF(E97="","",IF(D97-E97>0,D97-E97,"")) | H97: EA | I97: 23.95 | J97: =E97*I97 -> 0
B98: Boissons avec alcool / Spiritueux | C98: Tanqueray 70cl | G98: =IF(E98="","",IF(D98-E98>0,D98-E98,"")) | H98: EA | I98: 22.5 | J98: =E98*I98 -> 0
B99: Boissons avec alcool / Spiritueux | C99: Tanqueray cassis 70cl | G99: =IF(E99="","",IF(D99-E99>0,D99-E99,"")) | H99: EA | I99: 29.95 | J99: =E99*I99 -> 0
B100: RHUM | G100: =IF(E100="","",IF(D100-E100>0,D100-E100,""))
B101: Boissons avec alcool / Spiritueux | C101: Bacardi blanc 70cl | G101: =IF(E101="","",IF(D101-E101>0,D101-E101,"")) | H101: EA | I101: 17.95 | J101: =E101*I101 -> 0
B102: Boissons avec alcool / Spiritueux | C102: Havana Club Añejo 3 anos 70cl | G102: =IF(E102="","",IF(D102-E102>0,D102-E102,"")) | H102: EA | I102: 20.95 | J102: =E102*I102 -> 0
...

Sheet Nord 2
B1: TOTAL PRODUIT CONSOLIDE
B4: Catégories | C4: Valeur d'inventaire
B5: Bières | C5: =J23 -> 4615.25
B6: Consignes | C6: =J4 -> 0
B7: Vins | C7: =J50 -> 79
B8: Boissons avec alcool / Spiritueux | C8: =J78 -> 0
B9: Boissons sans alcool | C9: =J122 -> 3584.54
B10: Caféterie | C10: =J176 -> 0
B11: Negoce | C11: =J187 -> 76.8
B12: Boulangerie | C12: =J193 -> 0
B13: Sauce & Condiments | C13: =J195 -> 236.57
B14: Surgelés | C14: =J208 -> 2160.47
B15: Viandes | C15: =J214 -> 0
B16: Graisse & Huile | C16: =J222 -> 208
B17: Mono-usages | C17: =J224 -> 521.92
B18: Produit de nettoyage | C18: =J245 -> 226.24
B19: Divers | C19: =J257 -> 0
B20: TOTAL | C20: =C5+C6+C7+C8+C9+C10+C11+C12+C13+C14+C15+C16+C17+C18+C19 -> 11708.79
A21: INVENTAIRES STADE
B22: Catégorie | C22: Article d'inventaire | D22: MIN. REQUIS | E22: STOCKS FIN DE SERVICE | F22: QUANTITE A REMETTRE | G22: MANQUE / RUPTURE | H22: UNITE | I22: PRIX | J22: VALEUR
A23: Catégorie :Bières | E23: A REMPLIR ↓ | I23: TOTAL : | J23: =SUM(J24:J40) -> 4615.25
B24: Bières | C24: Aligal 2 7kg | D24: 2 | E24: 7 | G24: =IF(E24="","",IF(D24-E24>0,D24-E24,"")) | H24: EA | I24: 55.95 | J24: =E24*I24 -> 391.65
B25: Bières | C25: Brooklyn EIPA 30lt Fût | G25: =IF(E25="","",IF(D25-E25>0,D25-E25,"")) | H25: EA | I25: 173.1 | J25: =E25*I25 -> 0
B26: Bières | C26: Cardinal Blonde 20lt Fût | D26: 20 | E26: 38 | G26: =IF(E26="","",IF(D26-E26>0,D26-E26,"")) | H26: EA | I26: 75.4 | J26: =E26*I26 -> 2865.2
B27: Bières | C27: Servettienne 20lt Fût | D27: 20 | E27: 16 | G27: =IF(E27="","",IF(D27-E27>0,D27-E27,"")) -> 4 | H27: EA | I27: 84.9 | J27: =E27*I27 -> 1358.4
B28: Bières | C28: Bonde la piece bouteille | G28: =IF(E28="","",IF(D28-E28>0,D28-E28,"")) | H28: EA | I28: 2.96 | J28: =E28*I28 -> 0
B29: Bières | C29: Blanche la piece bouteille | G29: =IF(E29="","",IF(D29-E29>0,D29-E29,"")) | H29: EA | I29: 2.96 | J29: =E29*I29 -> 0
B30: Bières | C30: IPA la piece bouteille | G30: =IF(E30="","",IF(D30-E30>0,D30-E30,"")) | H30: EA | I30: 2.96 | J30: =E30*I30 -> 0
B31: Bières | C31: Grimbergen blanche 20lt Fût | G31: =IF(E31="","",IF(D31-E31>0,D31-E31,"")) | H31: EA | I31: 107.2 | J31: =E31*I31 -> 0
B32: Bières | C32: Magners 30lt Fût | G32: =IF(E32="","",IF(D32-E32>0,D32-E32,"")) | H32: EA | I32: 170.7 | J32: =E32*I32 -> 0
B33: Bières | C33: Cardinal Blonde Citernes lt | G33: =IF(E33="","",IF(D33-E33>0,D33-E33,"")) | H33: lt | I33: 3.77 | J33: =E33*I33 -> 0
B34: Bières | C34: Valaisanne Bière de Cave - Bière bouteille | G34: =IF(E34="","",IF(D34-E34>0,D34-E34,"")) | H34: EA | I34: 2.56 | J34: =E34*I34 -> 0
B35: Bières | C35: Valaisanne IPA - Bière bouteille | G35: =IF(E35="","",IF(D35-E35>0,D35-E35,"")) | H35: EA | I35: 3.08 | J35: =E35*I35 -> 0
B36: Bières | C36: Valaisanne Pale Ale - Bière bouteille | G36: =IF(E36="","",IF(D36-E36>0,D36-E36,"")) | H36: EA | I36: 2.56 | J36: =E36*I36 -> 0
B37: Bières | C37: Cardinal - Bière bouteille | G37: =IF(E37="","",IF(D37-E37>0,D37-E37,"")) | H37: EA | I37: 1.41 | J37: =E37*I37 -> 0
B38: Bières | C38: San Miguel - Bière bouteille | G38: =IF(E38="","",IF(D38-E38>0,D38-E38,"")) | H38: EA | I38: 1.73 | J38: =E38*I38 -> 0
B39: Bières | C39: Cardinal sans alcool - Bière bouteille | G39: =IF(E39="","",IF(D39-E39>0,D39-E39,"")) | H39: EA | I39: 1.46 | J39: =E39*I39 -> 0
B40: Bières | C40: Cidre 33cl "La Genevoise du Terroir" | G40: =IF(E40="","",IF(D40-E40>0,D40-E40,"")) | H40: EA | I40: 3.45 | J40: =E40*I40 -> 0
A41: Catégorie : Consignes | G41: =IF(E41="","",IF(D41-E41>0,D41-E41,"")) | I41: TOTAL : | J41: =SUM(J42:J49) -> 3570
B42: Consignes | C42: Bouteille / Aligal consignée | E42: =E24 -> 7 | G42: =IF(E42="","",IF(D42-E42>0,D42-E42,"")) | H42: EA | I42: 100 | J42: =E42*I42 -> 700
B43: Consignes | C43: Caisse 24bt vides consignées (Sodas) | G43: =IF(E43="","",IF(D43-E43>0,D43-E43,"")) | H43: EA | I43: 12.2 | J43: =E43*I43 -> 0
B44: Consignes | C44: Caisse 20bt vides consignées (Valser) | G44: =IF(E44="","",IF(D44-E44>0,D44-E44,"")) | H44: EA | I44: 11 | J44: =E44*I44 -> 0
B45: Consignes | C45: Caisse verres consignés (Bières) | G45: =IF(E45="","",IF(D45-E45>0,D45-E45,"")) | H45: EA | I45: 5 | J45: =E45*I45 -> 0
B46: Consignes | C46: Caisse BT 1,5L PET consignée | E46: 34 | G46: =IF(E46="","",IF(D46-E46>0,D46-E46,"")) | H46: EA | I46: 5 | J46: =E46*I46 -> 170
B47: Consignes | C47: Caisse 24bt vides consignées (Bières sans alcool) | G47: =IF(E47="","",IF(D47-E47>0,D47-E47,"")) | H47: EA | I47: 11 | J47: =E47*I47 -> 0
B48: Consignes | C48: Container / Fûts consignés | E48: =E27+E26 -> 54 | G48: =IF(E48="","",IF(D48-E48>0,D48-E48,"")) | H48: EA | I48: 50 | J48: =E48*I48 -> 2700
B49: Consignes | C49: Caisse de 20bt Brasserie de la pièce | G49: =IF(E49="","",IF(D49-E49>0,D49-E49,"")) | H49: EA | I49: 5 | J49: =E49*I49 -> 0
B50: Catégorie : Vins | G50: =IF(E50="","",IF(D50-E50>0,D50-E50,"")) | I50: TOTAL : | J50: =SUM(J52:J77) -> 79
B51: LA CAVE DE GENÉVE | G51: =IF(E51="","",IF(D51-E51>0,D51-E51,""))
B52: Vins | C52: Baccarat brut, Blanc chardonnay 75cl | G52: =IF(E52="","",IF(D52-E52>0,D52-E52,"")) | H52: EA | I52: 13 | J52: =E52*I52 -> 0
B53: Vins | C53: Baccarat rosé 75cl | G53: =IF(E53="","",IF(D53-E53>0,D53-E53,"")) | H53: EA | I53: 13 | J53: =E53*I53 -> 0
B54: Vins | C54: Baccarat Club 75cl | G54: =IF(E54="","",IF(D54-E54>0,D54-E54,"")) | H54: EA | I54: 8.9 | J54: =E54*I54 -> 0
B55: Vins | C55: Belles filles Chasselas AOC Geneve 2019 75cl | D55: 6 | E55: 2 | G55: =IF(E55="","",IF(D55-E55>0,D55-E55,"")) -> 4 | H55: EA | I55: 8.35 | J55: =E55*I55 -> 16.7
B56: Vins | C56: Belles filles Gamay AOC Geneve 2019 75cl | D56: 6 | E56: 7 | G56: =IF(E56="","",IF(D56-E56>0,D56-E56,"")) | H56: EA | I56: 8.9 | J56: =E56*I56 -> 62.3
B57: Vins | C57: Belles Filles, Rosé de Gamay | D57: 6 | G57: =IF(E57="","",IF(D57-E57>0,D57-E57,"")) | H57: EA | I57: 8.7 | J57: =E57*I57 -> 0
B58: Vins | C58: Belles Filles, Pinot Noir | G58: =IF(E58="","",IF(D58-E58>0,D58-E58,"")) | H58: EA | I58: 12.15 | J58: =E58*I58 -> 0
B59: Vins | C59: Clémence, Chasselas Vieilles Vignes | G59: =IF(E59="","",IF(D59-E59>0,D59-E59,"")) | H59: EA | I59: 11.35 | J59: =E59*I59 -> 0
B60: Vins | C60: Clémence, Divicot | G60: =IF(E60="","",IF(D60-E60>0,D60-E60,"")) | H60: EA | I60: 14.65 | J60: =E60*I60 -> 0
B61: Vins | C61: Clémence, Chardonnay | G61: =IF(E61="","",IF(D61-E61>0,D61-E61,"")) | H61: EA | I61: 16.25 | J61: =E61*I61 -> 0
B62: Vins | C62: Clémence, Merlot | G62: =IF(E62="","",IF(D62-E62>0,D62-E62,"")) | H62: EA | I62: 17.9 | J62: =E62*I62 -> 0
B63: Vins | C63: Clémence, Gamaret 75cl | G63: =IF(E63="","",IF(D63-E63>0,D63-E63,"")) | H63: EA | I63: 15.95 | J63: =E63*I63 -> 0
B64: Vins | C64: Clémence, Sauvignon 75cl | G64: =IF(E64="","",IF(D64-E64>0,D64-E64,"")) | H64: EA | I64: 15.45 | J64: =E64*I64 -> 0
B65: LAURENT PERRIER | G65: =IF(E65="","",IF(D65-E65>0,D65-E65,""))
B66: Vins | C66: Champagne, Laurent Perrier Brut la Cuvée 75cl | G66: =IF(E66="","",IF(D66-E66>0,D66-E66,"")) | H66: EA | I66: 31.05 | J66: =E66*I66 -> 0
B67: Vins | C67: Champagne, Laurent Perrier Brut la Cuvée 150cl | G67: =IF(E67="","",IF(D67-E67>0,D67-E67,"")) | H67: EA | I67: 60.79 | J67: =E67*I67 -> 0
B68: Vins | C68: Champagne, Laurent Perrier Rosé 75cl | G68: =IF(E68="","",IF(D68-E68>0,D68-E68,"")) | H68: EA | I68: 56.55 | J68: =E68*I68 -> 0
B69: Vins | C69: Champagne, Laurent Perrier Rosé 150cl | G69: =IF(E69="","",IF(D69-E69>0,D69-E69,"")) | H69: EA | I69: 107.44 | J69: =E69*I69 -> 0
B70: Vins | C70: Champagne, Laurent Perrier Ultra Brut 75cl | G70: =IF(E70="","",IF(D70-E70>0,D70-E70,"")) | H70: EA | I70: 47.4 | J70: =E70*I70 -> 0
B71: Vins | C71: Champagne, Laurent Perrier Grand Siècle 75CL | G71: =IF(E71="","",IF(D71-E71>0,D71-E71,"")) | H71: EA | I71: 87.63 | J71: =E71*I71 -> 0
B72: Vins | C72: Champagne, Laurent Perrier Blanc de Blanc 75CL | G72: =IF(E72="","",IF(D72-E72>0,D72-E72,"")) | H72: EA | I72: 52.31 | J72: =E72*I72 -> 0
B73: AUTRES VINS | G73: =IF(E73="","",IF(D73-E73>0,D73-E73,""))
B74: Vins | C74: Domaine du Centaure - Aligoté | G74: =IF(E74="","",IF(D74-E74>0,D74-E74,"")) | H74: EA | I74: 10.8 | J74: =E74*I74 -> 0
B75: Vins | C75: Domaine du Centaure - Pinot noir | G75: =IF(E75="","",IF(D75-E75>0,D75-E75,"")) | H75: EA | I75: 11.2 | J75: =E75*I75 -> 0
B76: Vins | C76: Vin chaud 1lt | G76: =IF(E76="","",IF(D76-E76>0,D76-E76,"")) | H76: L | I76: 4.56 | J76: =E76*I76 -> 0
B77: Vins | C77: Vin chaud TRANSGOURMET 10lt | G77: =IF(E77="","",IF(D77-E77>0,D77-E77,"")) | H77: L | I77: 37.7 | J77: =E77*I77 -> 0
A78: Catégorie :Boissons avec alcool / Spiritueux | G78: =IF(E78="","",IF(D78-E78>0,D78-E78,"")) | I78: TOTAL : | J78: =SUM(J80:J121) -> 0
B79: WHISKY | G79: =IF(E79="","",IF(D79-E79>0,D79-E79,""))
B80: Boissons avec alcool / Spiritueux | C80: Johnnie Walker - Black Label 70cl | G80: =IF(E80="","",IF(D80-E80>0,D80-E80,"")) | H80: EA | I80: 32.95 | J80: =E80*I80 -> 0
B81: Boissons avec alcool / Spiritueux | C81: Chivas 70cl | G81: =IF(E81="","",IF(D81-E81>0,D81-E81,"")) | H81: EA | I81: 56.95 | J81: =E81*I81 -> 0
B82: Boissons avec alcool / Spiritueux | C82: William Lawson 70cl | G82: =IF(E82="","",IF(D82-E82>0,D82-E82,"")) | H82: EA | I82: 15.95 | J82: =E82*I82 -> 0
B83: Boissons avec alcool / Spiritueux | C83: Johnnie Walker - Red label 70cl | G83: =IF(E83="","",IF(D83-E83>0,D83-E83,"")) | H83: EA | I83: 19.95 | J83: =E83*I83 -> 0
B84: Boissons avec alcool / Spiritueux | C84: Talisker 70cl | G84: =IF(E84="","",IF(D84-E84>0,D84-E84,"")) | H84: EA | I84: 46.95 | J84: =E84*I84 -> 0
B85: Boissons avec alcool / Spiritueux | C85: Dewar's 70cl | G85: =IF(E85="","",IF(D85-E85>0,D85-E85,"")) | H85: EA | I85: 34.95 | J85: =E85*I85 -> 0
B86: Boissons avec alcool / Spiritueux | C86: Jack Daniel's Old n7 70cl | G86: =IF(E86="","",IF(D86-E86>0,D86-E86,"")) | H86: EA | I86: 24.95 | J86: =E86*I86 -> 0
B87: VODKA | G87: =IF(E87="","",IF(D87-E87>0,D87-E87,""))
B88: Boissons avec alcool / Spiritueux | C88: Absolut 70cl | G88: =IF(E88="","",IF(D88-E88>0,D88-E88,"")) | H88: EA | I88: 19.5 | J88: =E88*I88 -> 0
B89: Boissons avec alcool / Spiritueux | C89: Wyborowa 70cl | G89: =IF(E89="","",IF(D89-E89>0,D89-E89,"")) | H89: EA | I89: 16.95 | J89: =E89*I89 -> 0
B90: Boissons avec alcool / Spiritueux | C90: Smirnoff 70cl | G90: =IF(E90="","",IF(D90-E90>0,D90-E90,"")) | H90: EA | I90: 17.95 | J90: =E90*I90 -> 0
B91: Boissons avec alcool / Spiritueux | C91: Eristoff 70cl | G91: =IF(E91="","",IF(D91-E91>0,D91-E91,"")) | H91: EA | I91: 15.95 | J91: =E91*I91 -> 0
B92: Boissons avec alcool / Spiritueux | C92: 42 Below | G92: =IF(E92="","",IF(D92-E92>0,D92-E92,"")) | H92: EA | I92: 20.95 | J92: =E92*I92 -> 0
B93: Boissons avec alcool / Spiritueux | C93: Ketel One 70cl | G93: =IF(E93="","",IF(D93-E93>0,D93-E93,"")) | H93: EA | I93: 26.95 | J93: =E93*I93 -> 0
B94: Boissons avec alcool / Spiritueux | C94: Grey Goose 70cl | G94: =IF(E94="","",IF(D94-E94>0,D94-E94,"")) | H94: EA | I94: 26.95 | J94: =E94*I94 -> 0
B95: GIN | G95: =IF(E95="","",IF(D95-E95>0,D95-E95,""))
B96: Boissons avec alcool / Spiritueux | C96: Beefeater 70cl | G96: =IF(E96="","",IF(D96-E96>0,D96-E96,"")) | H96: EA | I96: 20.95 | J96: =E96*I96 -> 0
B97: Boissons avec alcool / Spiritueux | C97: Bombay Sapphire 70cl | G97: =IF(E97="","",IF(D97-E97>0,D97-E97,"")) | H97: EA | I97: 23.95 | J97: =E97*I97 -> 0
B98: Boissons avec alcool / Spiritueux | C98: Tanqueray 70cl | G98: =IF(E98="","",IF(D98-E98>0,D98-E98,"")) | H98: EA | I98: 22.5 | J98: =E98*I98 -> 0
B99: Boissons avec alcool / Spiritueux | C99: Tanqueray cassis 70cl | G99: =IF(E99="","",IF(D99-E99>0,D99-E99,"")) | H99: EA | I99: 29.95 | J99: =E99*I99 -> 0
B100: RHUM | G100: =IF(E100="","",IF(D100-E100>0,D100-E100,""))
B101: Boissons avec alcool / Spiritueux | C101: Bacardi blanc 70cl | G101: =IF(E101="","",IF(D101-E101>0,D101-E101,"")) | H101: EA | I101: 17.95 | J101: =E101*I101 -> 0
B102: Boissons avec alcool / Spiritueux | C102: Havana Club Añejo 3 anos 70cl | G102: =IF(E102="","",IF(D102-E102>0,D102-E102,"")) | H102: EA | I102: 20.95 | J102: =E102*I102 -> 0
...

Sheet Nord Mobile 2
B1: TOTAL PRODUIT CONSOLIDE
B4: Catégories | C4: Valeur d'inventaire
B5: Bières | C5: =J23 -> 4239.75
B6: Consignes | C6: =J4 -> 0
B7: Vins | C7: =J50 -> 139.1
B8: Boissons avec alcool / Spiritueux | C8: =J78 -> 0
B9: Boissons sans alcool | C9: =J122 -> 668.68
B10: Caféterie | C10: =J176 -> 0
B11: Negoce | C11: =J187 -> 0
B12: Boulangerie | C12: =J193 -> 0
B13: Sauce & Condiments | C13: =J195 -> 0
B14: Surgelés | C14: =J208 -> 0
B15: Viandes | C15: =J214 -> 0
B16: Graisse & Huile | C16: =J222 -> 0
B17: Mono-usages | C17: =J224 -> 0
B18: Produit de nettoyage | C18: =J245 -> 7.2
B19: Divers | C19: =J257 -> 0
B20: TOTAL | C20: =C5+C6+C7+C8+C9+C10+C11+C12+C13+C14+C15+C16+C17+C18+C19 -> 5054.73
A21: INVENTAIRES STADE
B22: Catégorie | C22: Article d'inventaire | D22: MIN. REQUIS | E22: STOCKS FIN DE SERVICE | F22: QUANTITE A REMETTRE | G22: MANQUE / RUPTURE | H22: UNITE | I22: PRIX | J22: VALEUR
A23: Catégorie :Bières | E23: A REMPLIR ↓ | I23: TOTAL : | J23: =SUM(J24:J40) -> 4239.75
B24: Bières | C24: Aligal 2 7kg | D24: 2 | E24: 5 | G24: =IF(E24="","",IF(D24-E24>0,D24-E24,"")) | H24: EA | I24: 55.95 | J24: =E24*I24 -> 279.75
B25: Bières | C25: Brooklyn EIPA 30lt Fût | G25: =IF(E25="","",IF(D25-E25>0,D25-E25,"")) | H25: EA | I25: 173.1 | J25: =E25*I25 -> 0
B26: Bières | C26: Cardinal Blonde 20lt Fût | D26: 15 | E26: 30 | G26: =IF(E26="","",IF(D26-E26>0,D26-E26,"")) | H26: EA | I26: 75.4 | J26: =E26*I26 -> 2262
B27: Bières | C27: Servettienne 20lt Fût | D27: 15 | E27: 20 | G27: =IF(E27="","",IF(D27-E27>0,D27-E27,"")) | H27: EA | I27: 84.9 | J27: =E27*I27 -> 1698
B28: Bières | C28: Bonde la piece bouteille | G28: =IF(E28="","",IF(D28-E28>0,D28-E28,"")) | H28: EA | I28: 2.96 | J28: =E28*I28 -> 0
B29: Bières | C29: Blanche la piece bouteille | G29: =IF(E29="","",IF(D29-E29>0,D29-E29,"")) | H29: EA | I29: 2.96 | J29: =E29*I29 -> 0
B30: Bières | C30: IPA la piece bouteille | G30: =IF(E30="","",IF(D30-E30>0,D30-E30,"")) | H30: EA | I30: 2.96 | J30: =E30*I30 -> 0
B31: Bières | C31: Grimbergen blanche 20lt Fût | G31: =IF(E31="","",IF(D31-E31>0,D31-E31,"")) | H31: EA | I31: 107.2 | J31: =E31*I31 -> 0
B32: Bières | C32: Magners 30lt Fût | G32: =IF(E32="","",IF(D32-E32>0,D32-E32,"")) | H32: EA | I32: 170.7 | J32: =E32*I32 -> 0
B33: Bières | C33: Cardinal Blonde Citernes lt | G33: =IF(E33="","",IF(D33-E33>0,D33-E33,"")) | H33: lt | I33: 3.77 | J33: =E33*I33 -> 0
B34: Bières | C34: Valaisanne Bière de Cave - Bière bouteille | G34: =IF(E34="","",IF(D34-E34>0,D34-E34,"")) | H34: EA | I34: 2.56 | J34: =E34*I34 -> 0
B35: Bières | C35: Valaisanne IPA - Bière bouteille | G35: =IF(E35="","",IF(D35-E35>0,D35-E35,"")) | H35: EA | I35: 3.08 | J35: =E35*I35 -> 0
B36: Bières | C36: Valaisanne Pale Ale - Bière bouteille | G36: =IF(E36="","",IF(D36-E36>0,D36-E36,"")) | H36: EA | I36: 2.56 | J36: =E36*I36 -> 0
B37: Bières | C37: Cardinal - Bière bouteille | G37: =IF(E37="","",IF(D37-E37>0,D37-E37,"")) | H37: EA | I37: 1.41 | J37: =E37*I37 -> 0
B38: Bières | C38: San Miguel - Bière bouteille | G38: =IF(E38="","",IF(D38-E38>0,D38-E38,"")) | H38: EA | I38: 1.73 | J38: =E38*I38 -> 0
B39: Bières | C39: Cardinal sans alcool - Bière bouteille | G39: =IF(E39="","",IF(D39-E39>0,D39-E39,"")) | H39: EA | I39: 1.46 | J39: =E39*I39 -> 0
B40: Bières | C40: Cidre 33cl "La Genevoise du Terroir" | G40: =IF(E40="","",IF(D40-E40>0,D40-E40,"")) | H40: EA | I40: 3.45 | J40: =E40*I40 -> 0
A41: Catégorie : Consignes | G41: =IF(E41="","",IF(D41-E41>0,D41-E41,"")) | I41: TOTAL : | J41: =SUM(J42:J49) -> 3020
B42: Consignes | C42: Bouteille / Aligal consignée | E42: =E24 -> 5 | G42: =IF(E42="","",IF(D42-E42>0,D42-E42,"")) | H42: EA | I42: 100 | J42: =E42*I42 -> 500
B43: Consignes | C43: Caisse 24bt vides consignées (Sodas) | G43: =IF(E43="","",IF(D43-E43>0,D43-E43,"")) | H43: EA | I43: 12.2 | J43: =E43*I43 -> 0
B44: Consignes | C44: Caisse 20bt vides consignées (Valser) | G44: =IF(E44="","",IF(D44-E44>0,D44-E44,"")) | H44: EA | I44: 11 | J44: =E44*I44 -> 0
B45: Consignes | C45: Caisse verres consignés (Bières) | G45: =IF(E45="","",IF(D45-E45>0,D45-E45,"")) | H45: EA | I45: 5 | J45: =E45*I45 -> 0
B46: Consignes | C46: Caisse BT 1,5L PET consignée | E46: 4 | G46: =IF(E46="","",IF(D46-E46>0,D46-E46,"")) | H46: EA | I46: 5 | J46: =E46*I46 -> 20
B47: Consignes | C47: Caisse 24bt vides consignées (Bières sans alcool) | G47: =IF(E47="","",IF(D47-E47>0,D47-E47,"")) | H47: EA | I47: 11 | J47: =E47*I47 -> 0
B48: Consignes | C48: Container / Fûts consignés | E48: =E26+E27 -> 50 | G48: =IF(E48="","",IF(D48-E48>0,D48-E48,"")) | H48: EA | I48: 50 | J48: =E48*I48 -> 2500
B49: Consignes | C49: Caisse de 20bt Brasserie de la pièce | G49: =IF(E49="","",IF(D49-E49>0,D49-E49,"")) | H49: EA | I49: 5 | J49: =E49*I49 -> 0
B50: Catégorie : Vins | G50: =IF(E50="","",IF(D50-E50>0,D50-E50,"")) | I50: TOTAL : | J50: =SUM(J52:J77) -> 139.1
B51: LA CAVE DE GENÉVE | G51: =IF(E51="","",IF(D51-E51>0,D51-E51,""))
B52: Vins | C52: Baccarat brut, Blanc chardonnay 75cl | G52: =IF(E52="","",IF(D52-E52>0,D52-E52,"")) | H52: EA | I52: 13 | J52: =E52*I52 -> 0
B53: Vins | C53: Baccarat rosé 75cl | G53: =IF(E53="","",IF(D53-E53>0,D53-E53,"")) | H53: EA | I53: 13 | J53: =E53*I53 -> 0
B54: Vins | C54: Baccarat Club 75cl | G54: =IF(E54="","",IF(D54-E54>0,D54-E54,"")) | H54: EA | I54: 8.9 | J54: =E54*I54 -> 0
B55: Vins | C55: Belles filles Chasselas AOC Geneve 2019 75cl | D55: 6 | E55: 6 | G55: =IF(E55="","",IF(D55-E55>0,D55-E55,"")) | H55: EA | I55: 8.35 | J55: =E55*I55 -> 50.1
B56: Vins | C56: Belles filles Gamay AOC Geneve 2019 75cl | D56: 6 | E56: 10 | G56: =IF(E56="","",IF(D56-E56>0,D56-E56,"")) | H56: EA | I56: 8.9 | J56: =E56*I56 -> 89
B57: Vins | C57: Belles Filles, Rosé de Gamay | D57: 6 | G57: =IF(E57="","",IF(D57-E57>0,D57-E57,"")) | H57: EA | I57: 8.7 | J57: =E57*I57 -> 0
B58: Vins | C58: Belles Filles, Pinot Noir | G58: =IF(E58="","",IF(D58-E58>0,D58-E58,"")) | H58: EA | I58: 12.15 | J58: =E58*I58 -> 0
B59: Vins | C59: Clémence, Chasselas Vieilles Vignes | G59: =IF(E59="","",IF(D59-E59>0,D59-E59,"")) | H59: EA | I59: 11.35 | J59: =E59*I59 -> 0
B60: Vins | C60: Clémence, Divicot | G60: =IF(E60="","",IF(D60-E60>0,D60-E60,"")) | H60: EA | I60: 14.65 | J60: =E60*I60 -> 0
B61: Vins | C61: Clémence, Chardonnay | G61: =IF(E61="","",IF(D61-E61>0,D61-E61,"")) | H61: EA | I61: 16.25 | J61: =E61*I61 -> 0
B62: Vins | C62: Clémence, Merlot | G62: =IF(E62="","",IF(D62-E62>0,D62-E62,"")) | H62: EA | I62: 17.9 | J62: =E62*I62 -> 0
B63: Vins | C63: Clémence, Gamaret 75cl | G63: =IF(E63="","",IF(D63-E63>0,D63-E63,"")) | H63: EA | I63: 15.95 | J63: =E63*I63 -> 0
B64: Vins | C64: Clémence, Sauvignon 75cl | G64: =IF(E64="","",IF(D64-E64>0,D64-E64,"")) | H64: EA | I64: 15.45 | J64: =E64*I64 -> 0
B65: LAURENT PERRIER | G65: =IF(E65="","",IF(D65-E65>0,D65-E65,""))
B66: Vins | C66: Champagne, Laurent Perrier Brut la Cuvée 75cl | G66: =IF(E66="","",IF(D66-E66>0,D66-E66,"")) | H66: EA | I66: 31.05 | J66: =E66*I66 -> 0
B67: Vins | C67: Champagne, Laurent Perrier Brut la Cuvée 150cl | G67: =IF(E67="","",IF(D67-E67>0,D67-E67,"")) | H67: EA | I67: 60.79 | J67: =E67*I67 -> 0
B68: Vins | C68: Champagne, Laurent Perrier Rosé 75cl | G68: =IF(E68="","",IF(D68-E68>0,D68-E68,"")) | H68: EA | I68: 56.55 | J68: =E68*I68 -> 0
B69: Vins | C69: Champagne, Laurent Perrier Rosé 150cl | G69: =IF(E69="","",IF(D69-E69>0,D69-E69,"")) | H69: EA | I69: 107.44 | J69: =E69*I69 -> 0
B70: Vins | C70: Champagne, Laurent Perrier Ultra Brut 75cl | G70: =IF(E70="","",IF(D70-E70>0,D70-E70,"")) | H70: EA | I70: 47.4 | J70: =E70*I70 -> 0
B71: Vins | C71: Champagne, Laurent Perrier Grand Siècle 75CL | G71: =IF(E71="","",IF(D71-E71>0,D71-E71,"")) | H71: EA | I71: 87.63 | J71: =E71*I71 -> 0
B72: Vins | C72: Champagne, Laurent Perrier Blanc de Blanc 75CL | G72: =IF(E72="","",IF(D72-E72>0,D72-E72,"")) | H72: EA | I72: 52.31 | J72: =E72*I72 -> 0
B73: AUTRES VINS | G73: =IF(E73="","",IF(D73-E73>0,D73-E73,""))
B74: Vins | C74: Domaine du Centaure - Aligoté | G74: =IF(E74="","",IF(D74-E74>0,D74-E74,"")) | H74: EA | I74: 10.8 | J74: =E74*I74 -> 0
B75: Vins | C75: Domaine du Centaure - Pinot noir | G75: =IF(E75="","",IF(D75-E75>0,D75-E75,"")) | H75: EA | I75: 11.2 | J75: =E75*I75 -> 0
B76: Vins | C76: Vin chaud 1lt | G76: =IF(E76="","",IF(D76-E76>0,D76-E76,"")) | H76: L | I76: 4.56 | J76: =E76*I76 -> 0
B77: Vins | C77: Vin chaud TRANSGOURMET 10lt | G77: =IF(E77="","",IF(D77-E77>0,D77-E77,"")) | H77: L | I77: 37.7 | J77: =E77*I77 -> 0
A78: Catégorie :Boissons avec alcool / Spiritueux | G78: =IF(E78="","",IF(D78-E78>0,D78-E78,"")) | I78: TOTAL : | J78: =SUM(J80:J121) -> 0
B79: WHISKY | G79: =IF(E79="","",IF(D79-E79>0,D79-E79,""))
B80: Boissons avec alcool / Spiritueux | C80: Johnnie Walker - Black Label 70cl | G80: =IF(E80="","",IF(D80-E80>0,D80-E80,"")) | H80: EA | I80: 32.95 | J80: =E80*I80 -> 0
B81: Boissons avec alcool / Spiritueux | C81: Chivas 70cl | G81: =IF(E81="","",IF(D81-E81>0,D81-E81,"")) | H81: EA | I81: 56.95 | J81: =E81*I81 -> 0
B82: Boissons avec alcool / Spiritueux | C82: William Lawson 70cl | G82: =IF(E82="","",IF(D82-E82>0,D82-E82,"")) | H82: EA | I82: 15.95 | J82: =E82*I82 -> 0
B83: Boissons avec alcool / Spiritueux | C83: Johnnie Walker - Red label 70cl | G83: =IF(E83="","",IF(D83-E83>0,D83-E83,"")) | H83: EA | I83: 19.95 | J83: =E83*I83 -> 0
B84: Boissons avec alcool / Spiritueux | C84: Talisker 70cl | G84: =IF(E84="","",IF(D84-E84>0,D84-E84,"")) | H84: EA | I84: 46.95 | J84: =E84*I84 -> 0
B85: Boissons avec alcool / Spiritueux | C85: Dewar's 70cl | G85: =IF(E85="","",IF(D85-E85>0,D85-E85,"")) | H85: EA | I85: 34.95 | J85: =E85*I85 -> 0
B86: Boissons avec alcool / Spiritueux | C86: Jack Daniel's Old n7 70cl | G86: =IF(E86="","",IF(D86-E86>0,D86-E86,"")) | H86: EA | I86: 24.95 | J86: =E86*I86 -> 0
B87: VODKA | G87: =IF(E87="","",IF(D87-E87>0,D87-E87,""))
B88: Boissons avec alcool / Spiritueux | C88: Absolut 70cl | G88: =IF(E88="","",IF(D88-E88>0,D88-E88,"")) | H88: EA | I88: 19.5 | J88: =E88*I88 -> 0
B89: Boissons avec alcool / Spiritueux | C89: Wyborowa 70cl | G89: =IF(E89="","",IF(D89-E89>0,D89-E89,"")) | H89: EA | I89: 16.95 | J89: =E89*I89 -> 0
B90: Boissons avec alcool / Spiritueux | C90: Smirnoff 70cl | G90: =IF(E90="","",IF(D90-E90>0,D90-E90,"")) | H90: EA | I90: 17.95 | J90: =E90*I90 -> 0
B91: Boissons avec alcool / Spiritueux | C91: Eristoff 70cl | G91: =IF(E91="","",IF(D91-E91>0,D91-E91,"")) | H91: EA | I91: 15.95 | J91: =E91*I91 -> 0
B92: Boissons avec alcool / Spiritueux | C92: 42 Below | G92: =IF(E92="","",IF(D92-E92>0,D92-E92,"")) | H92: EA | I92: 20.95 | J92: =E92*I92 -> 0
B93: Boissons avec alcool / Spiritueux | C93: Ketel One 70cl | G93: =IF(E93="","",IF(D93-E93>0,D93-E93,"")) | H93: EA | I93: 26.95 | J93: =E93*I93 -> 0
B94: Boissons avec alcool / Spiritueux | C94: Grey Goose 70cl | G94: =IF(E94="","",IF(D94-E94>0,D94-E94,"")) | H94: EA | I94: 26.95 | J94: =E94*I94 -> 0
B95: GIN | G95: =IF(E95="","",IF(D95-E95>0,D95-E95,""))
B96: Boissons avec alcool / Spiritueux | C96: Beefeater 70cl | G96: =IF(E96="","",IF(D96-E96>0,D96-E96,"")) | H96: EA | I96: 20.95 | J96: =E96*I96 -> 0
B97: Boissons avec alcool / Spiritueux | C97: Bombay Sapphire 70cl | G97: =IF(E97="","",IF(D97-E97>0,D97-E97,"")) | H97: EA | I97: 23.95 | J97: =E97*I97 -> 0
B98: Boissons avec alcool / Spiritueux | C98: Tanqueray 70cl | G98: =IF(E98="","",IF(D98-E98>0,D98-E98,"")) | H98: EA | I98: 22.5 | J98: =E98*I98 -> 0
B99: Boissons avec alcool / Spiritueux | C99: Tanqueray cassis 70cl | G99: =IF(E99="","",IF(D99-E99>0,D99-E99,"")) | H99: EA | I99: 29.95 | J99: =E99*I99 -> 0
B100: RHUM | G100: =IF(E100="","",IF(D100-E100>0,D100-E100,""))
B101: Boissons avec alcool / Spiritueux | C101: Bacardi blanc 70cl | G101: =IF(E101="","",IF(D101-E101>0,D101-E101,"")) | H101: EA | I101: 17.95 | J101: =E101*I101 -> 0
B102: Boissons avec alcool / Spiritueux | C102: Havana Club Añejo 3 anos 70cl | G102: =IF(E102="","",IF(D102-E102>0,D102-E102,"")) | H102: EA | I102: 20.95 | J102: =E102*I102 -> 0
...

Sheet Esplanade
B1: TOTAL PRODUIT CONSOLIDE
B4: Catégories | C4: Valeur d'inventaire
B5: Bières | C5: =J23 -> 5351.4
B6: Consignes | C6: =J4 -> 0
B7: Vins | C7: =J50 -> 43.4
B8: Boissons avec alcool / Spiritueux | C8: =J78 -> 0
B9: Boissons sans alcool | C9: =J122 -> 289.64
B10: Caféterie | C10: =J176 -> 0
B11: Negoce | C11: =J187 -> 0
B12: Boulangerie | C12: =J193 -> 0
B13: Sauce & Condiments | C13: =J195 -> 0
B14: Surgelés | C14: =J208 -> 0
B15: Viandes | C15: =J214 -> 0
B16: Graisse & Huile | C16: =J222 -> 0
B17: Mono-usages | C17: =J224 -> 0
B18: Produit de nettoyage | C18: =J245 -> 30.7
B19: Divers | C19: =J257 -> 0
B20: TOTAL | C20: =C5+C6+C7+C8+C9+C10+C11+C12+C13+C14+C15+C16+C17+C18+C19 -> 5715.14
A21: INVENTAIRES STADE
B22: Catégorie | C22: Article d'inventaire | D22: MIN. REQUIS | E22: STOCKS FIN DE SERVICE | F22: QUANTITE A REMETTRE | G22: MANQUE / RUPTURE | H22: UNITE | I22: PRIX | J22: VALEUR
A23: Catégorie :Bières | E23: A REMPLIR ↓ | I23: TOTAL : | J23: =SUM(J24:J40) -> 5351.4
B24: Bières | C24: Aligal 2 7kg | E24: 4 | G24: =IF(E24="","",IF(D24-E24>0,D24-E24,"")) | H24: EA | I24: 55.95 | J24: =E24*I24 -> 223.8
B25: Bières | C25: Brooklyn EIPA 30lt Fût | G25: =IF(E25="","",IF(D25-E25>0,D25-E25,"")) | H25: EA | I25: 173.1 | J25: =E25*I25 -> 0
B26: Bières | C26: Cardinal Blonde 20lt Fût | E26: 3 | G26: =IF(E26="","",IF(D26-E26>0,D26-E26,"")) | H26: EA | I26: 75.4 | J26: =E26*I26 -> 226.2
B27: Bières | C27: Servettienne 20lt Fût | E27: 4 | G27: =IF(E27="","",IF(D27-E27>0,D27-E27,"")) | H27: EA | I27: 84.9 | J27: =E27*I27 -> 339.6
B28: Bières | C28: Bonde la piece bouteille | G28: =IF(E28="","",IF(D28-E28>0,D28-E28,"")) | H28: EA | I28: 2.96 | J28: =E28*I28 -> 0
B29: Bières | C29: Blanche la piece bouteille | G29: =IF(E29="","",IF(D29-E29>0,D29-E29,"")) | H29: EA | I29: 2.96 | J29: =E29*I29 -> 0
B30: Bières | C30: IPA la piece bouteille | G30: =IF(E30="","",IF(D30-E30>0,D30-E30,"")) | H30: EA | I30: 2.96 | J30: =E30*I30 -> 0
B31: Bières | C31: Grimbergen blanche 20lt Fût | E31: 33 | G31: =IF(E31="","",IF(D31-E31>0,D31-E31,"")) | H31: EA | I31: 107.2 | J31: =E31*I31 -> 3537.6
B32: Bières | C32: Magners 30lt Fût | E32: 6 | G32: =IF(E32="","",IF(D32-E32>0,D32-E32,"")) | H32: EA | I32: 170.7 | J32: =E32*I32 -> 1024.2
B33: Bières | C33: Cardinal Blonde Citernes lt | G33: =IF(E33="","",IF(D33-E33>0,D33-E33,"")) | H33: lt | I33: 3.77 | J33: =E33*I33 -> 0
B34: Bières | C34: Valaisanne Bière de Cave - Bière bouteille | G34: =IF(E34="","",IF(D34-E34>0,D34-E34,"")) | H34: EA | I34: 2.56 | J34: =E34*I34 -> 0
B35: Bières | C35: Valaisanne IPA - Bière bouteille | G35: =IF(E35="","",IF(D35-E35>0,D35-E35,"")) | H35: EA | I35: 3.08 | J35: =E35*I35 -> 0
B36: Bières | C36: Valaisanne Pale Ale - Bière bouteille | G36: =IF(E36="","",IF(D36-E36>0,D36-E36,"")) | H36: EA | I36: 2.56 | J36: =E36*I36 -> 0
B37: Bières | C37: Cardinal - Bière bouteille | G37: =IF(E37="","",IF(D37-E37>0,D37-E37,"")) | H37: EA | I37: 1.41 | J37: =E37*I37 -> 0
B38: Bières | C38: San Miguel - Bière bouteille | G38: =IF(E38="","",IF(D38-E38>0,D38-E38,"")) | H38: EA | I38: 1.73 | J38: =E38*I38 -> 0
B39: Bières | C39: Cardinal sans alcool - Bière bouteille | G39: =IF(E39="","",IF(D39-E39>0,D39-E39,"")) | H39: EA | I39: 1.46 | J39: =E39*I39 -> 0
B40: Bières | C40: Cidre 33cl "La Genevoise du Terroir" | G40: =IF(E40="","",IF(D40-E40>0,D40-E40,"")) | H40: EA | I40: 3.45 | J40: =E40*I40 -> 0
A41: Catégorie : Consignes | G41: =IF(E41="","",IF(D41-E41>0,D41-E41,"")) | I41: TOTAL : | J41: =SUM(J42:J49) -> 2480
B42: Consignes | C42: Bouteille / Aligal consignée | G42: =IF(E42="","",IF(D42-E42>0,D42-E42,"")) | H42: EA | I42: 100 | J42: =E42*I42 -> 0
B43: Consignes | C43: Caisse 24bt vides consignées (Sodas) | G43: =IF(E43="","",IF(D43-E43>0,D43-E43,"")) | H43: EA | I43: 12.2 | J43: =E43*I43 -> 0
B44: Consignes | C44: Caisse 20bt vides consignées (Valser) | G44: =IF(E44="","",IF(D44-E44>0,D44-E44,"")) | H44: EA | I44: 11 | J44: =E44*I44 -> 0
B45: Consignes | C45: Caisse verres consignés (Bières) | G45: =IF(E45="","",IF(D45-E45>0,D45-E45,"")) | H45: EA | I45: 5 | J45: =E45*I45 -> 0
B46: Consignes | C46: Caisse BT 1,5L PET consignée | E46: 36 | G46: =IF(E46="","",IF(D46-E46>0,D46-E46,"")) | H46: EA | I46: 5 | J46: =E46*I46 -> 180
B47: Consignes | C47: Caisse 24bt vides consignées (Bières sans alcool) | G47: =IF(E47="","",IF(D47-E47>0,D47-E47,"")) | H47: EA | I47: 11 | J47: =E47*I47 -> 0
B48: Consignes | C48: Container / Fûts consignés | E48: =SUM(E25:E32) -> 46 | G48: =IF(E48="","",IF(D48-E48>0,D48-E48,"")) | H48: EA | I48: 50 | J48: =E48*I48 -> 2300
B49: Consignes | C49: Caisse de 20bt Brasserie de la pièce | G49: =IF(E49="","",IF(D49-E49>0,D49-E49,"")) | H49: EA | I49: 5 | J49: =E49*I49 -> 0
B50: Catégorie : Vins | G50: =IF(E50="","",IF(D50-E50>0,D50-E50,"")) | I50: TOTAL : | J50: =SUM(J52:J77) -> 43.4
B51: LA CAVE DE GENÉVE | G51: =IF(E51="","",IF(D51-E51>0,D51-E51,""))
B52: Vins | C52: Baccarat brut, Blanc chardonnay 75cl | G52: =IF(E52="","",IF(D52-E52>0,D52-E52,"")) | H52: EA | I52: 13 | J52: =E52*I52 -> 0
B53: Vins | C53: Baccarat rosé 75cl | G53: =IF(E53="","",IF(D53-E53>0,D53-E53,"")) | H53: EA | I53: 13 | J53: =E53*I53 -> 0
B54: Vins | C54: Baccarat Club 75cl | G54: =IF(E54="","",IF(D54-E54>0,D54-E54,"")) | H54: EA | I54: 8.9 | J54: =E54*I54 -> 0
B55: Vins | C55: Belles filles Chasselas AOC Geneve 2019 75cl | E55: 2 | G55: =IF(E55="","",IF(D55-E55>0,D55-E55,"")) | H55: EA | I55: 8.35 | J55: =E55*I55 -> 16.7
B56: Vins | C56: Belles filles Gamay AOC Geneve 2019 75cl | E56: 3 | G56: =IF(E56="","",IF(D56-E56>0,D56-E56,"")) | H56: EA | I56: 8.9 | J56: =E56*I56 -> 26.7
B57: Vins | C57: Belles Filles, Rosé de Gamay | G57: =IF(E57="","",IF(D57-E57>0,D57-E57,"")) | H57: EA | I57: 8.7 | J57: =E57*I57 -> 0
B58: Vins | C58: Belles Filles, Pinot Noir | G58: =IF(E58="","",IF(D58-E58>0,D58-E58,"")) | H58: EA | I58: 12.15 | J58: =E58*I58 -> 0
B59: Vins | C59: Clémence, Chasselas Vieilles Vignes | G59: =IF(E59="","",IF(D59-E59>0,D59-E59,"")) | H59: EA | I59: 11.35 | J59: =E59*I59 -> 0
B60: Vins | C60: Clémence, Divicot | G60: =IF(E60="","",IF(D60-E60>0,D60-E60,"")) | H60: EA | I60: 14.65 | J60: =E60*I60 -> 0
B61: Vins | C61: Clémence, Chardonnay | G61: =IF(E61="","",IF(D61-E61>0,D61-E61,"")) | H61: EA | I61: 16.25 | J61: =E61*I61 -> 0
B62: Vins | C62: Clémence, Merlot | G62: =IF(E62="","",IF(D62-E62>0,D62-E62,"")) | H62: EA | I62: 17.9 | J62: =E62*I62 -> 0
B63: Vins | C63: Clémence, Gamaret 75cl | G63: =IF(E63="","",IF(D63-E63>0,D63-E63,"")) | H63: EA | I63: 15.95 | J63: =E63*I63 -> 0
B64: Vins | C64: Clémence, Sauvignon 75cl | G64: =IF(E64="","",IF(D64-E64>0,D64-E64,"")) | H64: EA | I64: 15.45 | J64: =E64*I64 -> 0
B65: LAURENT PERRIER | G65: =IF(E65="","",IF(D65-E65>0,D65-E65,""))
B66: Vins | C66: Champagne, Laurent Perrier Brut la Cuvée 75cl | G66: =IF(E66="","",IF(D66-E66>0,D66-E66,"")) | H66: EA | I66: 31.05 | J66: =E66*I66 -> 0
B67: Vins | C67: Champagne, Laurent Perrier Brut la Cuvée 150cl | G67: =IF(E67="","",IF(D67-E67>0,D67-E67,"")) | H67: EA | I67: 60.79 | J67: =E67*I67 -> 0
B68: Vins | C68: Champagne, Laurent Perrier Rosé 75cl | G68: =IF(E68="","",IF(D68-E68>0,D68-E68,"")) | H68: EA | I68: 56.55 | J68: =E68*I68 -> 0
B69: Vins | C69: Champagne, Laurent Perrier Rosé 150cl | G69: =IF(E69="","",IF(D69-E69>0,D69-E69,"")) | H69: EA | I69: 107.44 | J69: =E69*I69 -> 0
B70: Vins | C70: Champagne, Laurent Perrier Ultra Brut 75cl | G70: =IF(E70="","",IF(D70-E70>0,D70-E70,"")) | H70: EA | I70: 47.4 | J70: =E70*I70 -> 0
B71: Vins | C71: Champagne, Laurent Perrier Grand Siècle 75CL | G71: =IF(E71="","",IF(D71-E71>0,D71-E71,"")) | H71: EA | I71: 87.63 | J71: =E71*I71 -> 0
B72: Vins | C72: Champagne, Laurent Perrier Blanc de Blanc 75CL | G72: =IF(E72="","",IF(D72-E72>0,D72-E72,"")) | H72: EA | I72: 52.31 | J72: =E72*I72 -> 0
B73: AUTRES VINS | G73: =IF(E73="","",IF(D73-E73>0,D73-E73,""))
B74: Vins | C74: Domaine du Centaure - Aligoté | G74: =IF(E74="","",IF(D74-E74>0,D74-E74,"")) | H74: EA | I74: 10.8 | J74: =E74*I74 -> 0
B75: Vins | C75: Domaine du Centaure - Pinot noir | G75: =IF(E75="","",IF(D75-E75>0,D75-E75,"")) | H75: EA | I75: 11.2 | J75: =E75*I75 -> 0
B76: Vins | C76: Vin chaud 1lt | G76: =IF(E76="","",IF(D76-E76>0,D76-E76,"")) | H76: L | I76: 4.56 | J76: =E76*I76 -> 0
B77: Vins | C77: Vin chaud TRANSGOURMET 10lt | G77: =IF(E77="","",IF(D77-E77>0,D77-E77,"")) | H77: L | I77: 37.7 | J77: =E77*I77 -> 0
A78: Catégorie :Boissons avec alcool / Spiritueux | G78: =IF(E78="","",IF(D78-E78>0,D78-E78,"")) | I78: TOTAL : | J78: =SUM(J80:J121) -> 0
B79: WHISKY | G79: =IF(E79="","",IF(D79-E79>0,D79-E79,""))
B80: Boissons avec alcool / Spiritueux | C80: Johnnie Walker - Black Label 70cl | G80: =IF(E80="","",IF(D80-E80>0,D80-E80,"")) | H80: EA | I80: 32.95 | J80: =E80*I80 -> 0
B81: Boissons avec alcool / Spiritueux | C81: Chivas 70cl | G81: =IF(E81="","",IF(D81-E81>0,D81-E81,"")) | H81: EA | I81: 56.95 | J81: =E81*I81 -> 0
B82: Boissons avec alcool / Spiritueux | C82: William Lawson 70cl | G82: =IF(E82="","",IF(D82-E82>0,D82-E82,"")) | H82: EA | I82: 15.95 | J82: =E82*I82 -> 0
B83: Boissons avec alcool / Spiritueux | C83: Johnnie Walker - Red label 70cl | G83: =IF(E83="","",IF(D83-E83>0,D83-E83,"")) | H83: EA | I83: 19.95 | J83: =E83*I83 -> 0
B84: Boissons avec alcool / Spiritueux | C84: Talisker 70cl | G84: =IF(E84="","",IF(D84-E84>0,D84-E84,"")) | H84: EA | I84: 46.95 | J84: =E84*I84 -> 0
B85: Boissons avec alcool / Spiritueux | C85: Dewar's 70cl | G85: =IF(E85="","",IF(D85-E85>0,D85-E85,"")) | H85: EA | I85: 34.95 | J85: =E85*I85 -> 0
B86: Boissons avec alcool / Spiritueux | C86: Jack Daniel's Old n7 70cl | G86: =IF(E86="","",IF(D86-E86>0,D86-E86,"")) | H86: EA | I86: 24.95 | J86: =E86*I86 -> 0
B87: VODKA | G87: =IF(E87="","",IF(D87-E87>0,D87-E87,""))
B88: Boissons avec alcool / Spiritueux | C88: Absolut 70cl | G88: =IF(E88="","",IF(D88-E88>0,D88-E88,"")) | H88: EA | I88: 19.5 | J88: =E88*I88 -> 0
B89: Boissons avec alcool / Spiritueux | C89: Wyborowa 70cl | G89: =IF(E89="","",IF(D89-E89>0,D89-E89,"")) | H89: EA | I89: 16.95 | J89: =E89*I89 -> 0
B90: Boissons avec alcool / Spiritueux | C90: Smirnoff 70cl | G90: =IF(E90="","",IF(D90-E90>0,D90-E90,"")) | H90: EA | I90: 17.95 | J90: =E90*I90 -> 0
B91: Boissons avec alcool / Spiritueux | C91: Eristoff 70cl | G91: =IF(E91="","",IF(D91-E91>0,D91-E91,"")) | H91: EA | I91: 15.95 | J91: =E91*I91 -> 0
B92: Boissons avec alcool / Spiritueux | C92: 42 Below | G92: =IF(E92="","",IF(D92-E92>0,D92-E92,"")) | H92: EA | I92: 20.95 | J92: =E92*I92 -> 0
B93: Boissons avec alcool / Spiritueux | C93: Ketel One 70cl | G93: =IF(E93="","",IF(D93-E93>0,D93-E93,"")) | H93: EA | I93: 26.95 | J93: =E93*I93 -> 0
B94: Boissons avec alcool / Spiritueux | C94: Grey Goose 70cl | G94: =IF(E94="","",IF(D94-E94>0,D94-E94,"")) | H94: EA | I94: 26.95 | J94: =E94*I94 -> 0
B95: GIN | G95: =IF(E95="","",IF(D95-E95>0,D95-E95,""))
B96: Boissons avec alcool / Spiritueux | C96: Beefeater 70cl | G96: =IF(E96="","",IF(D96-E96>0,D96-E96,"")) | H96: EA | I96: 20.95 | J96: =E96*I96 -> 0
B97: Boissons avec alcool / Spiritueux | C97: Bombay Sapphire 70cl | G97: =IF(E97="","",IF(D97-E97>0,D97-E97,"")) | H97: EA | I97: 23.95 | J97: =E97*I97 -> 0
B98: Boissons avec alcool / Spiritueux | C98: Tanqueray 70cl | G98: =IF(E98="","",IF(D98-E98>0,D98-E98,"")) | H98: EA | I98: 22.5 | J98: =E98*I98 -> 0
B99: Boissons avec alcool / Spiritueux | C99: Tanqueray cassis 70cl | G99: =IF(E99="","",IF(D99-E99>0,D99-E99,"")) | H99: EA | I99: 29.95 | J99: =E99*I99 -> 0
B100: RHUM | G100: =IF(E100="","",IF(D100-E100>0,D100-E100,""))
B101: Boissons avec alcool / Spiritueux | C101: Bacardi blanc 70cl | G101: =IF(E101="","",IF(D101-E101>0,D101-E101,"")) | H101: EA | I101: 17.95 | J101: =E101*I101 -> 0
B102: Boissons avec alcool / Spiritueux | C102: Havana Club Añejo 3 anos 70cl | G102: =IF(E102="","",IF(D102-E102>0,D102-E102,"")) | H102: EA | I102: 20.95 | J102: =E102*I102 -> 0
...

Sheet Est mobile 1
B1: TOTAL PRODUIT CONSOLIDE
B4: Catégories | C4: Valeur d'inventaire
B5: Bières | C5: =J23 -> 3046.3
B6: Consignes | C6: =J4 -> 0
B7: Vins | C7: =J50 -> 318.85
B8: Boissons avec alcool / Spiritueux | C8: =J78 -> 0
B9: Boissons sans alcool | C9: =J122 -> 122.56
B10: Caféterie | C10: =J176 -> 0
B11: Negoce | C11: =J187 -> 0
B12: Boulangerie | C12: =J193 -> 0
B13: Sauce & Condiments | C13: =J195 -> 0
B14: Surgelés | C14: =J208 -> 0
B15: Viandes | C15: =J214 -> 0
B16: Graisse & Huile | C16: =J222 -> 0
B17: Mono-usages | C17: =J224 -> 55.735
B18: Produit de nettoyage | C18: =J245 -> 13.35
B19: Divers | C19: =J257 -> 0
B20: TOTAL | C20: =C5+C6+C7+C8+C9+C10+C11+C12+C13+C14+C15+C16+C17+C18+C19 -> 3556.795
A21: INVENTAIRES STADE
B22: Catégorie | C22: Article d'inventaire | D22: MIN. REQUIS | E22: STOCKS FIN DE SERVICE | F22: QUANTITE A REMETTRE | G22: MANQUE / RUPTURE | H22: UNITE | I22: PRIX | J22: VALEUR
A23: Catégorie :Bières | E23: A REMPLIR ↓ | I23: TOTAL : | J23: =SUM(J24:J40) -> 3046.3
B24: Bières | C24: Aligal 2 7kg | D24: 2 | G24: =IF(E24="","",IF(D24-E24>0,D24-E24,"")) | H24: EA | I24: 55.95 | J24: =E24*I24 -> 0
B25: Bières | C25: Brooklyn EIPA 30lt Fût | G25: =IF(E25="","",IF(D25-E25>0,D25-E25,"")) | H25: EA | I25: 173.1 | J25: =E25*I25 -> 0
B26: Bières | C26: Cardinal Blonde 20lt Fût | D26: 15 | E26: 10 | G26: =IF(E26="","",IF(D26-E26>0,D26-E26,"")) -> 5 | H26: EA | I26: 75.4 | J26: =E26*I26 -> 754
B27: Bières | C27: Servettienne 20lt Fût | D27: 15 | E27: 27 | G27: =IF(E27="","",IF(D27-E27>0,D27-E27,"")) | H27: EA | I27: 84.9 | J27: =E27*I27 -> 2292.3
B28: Bières | C28: Bonde la piece bouteille | G28: =IF(E28="","",IF(D28-E28>0,D28-E28,"")) | H28: EA | I28: 2.96 | J28: =E28*I28 -> 0
B29: Bières | C29: Blanche la piece bouteille | G29: =IF(E29="","",IF(D29-E29>0,D29-E29,"")) | H29: EA | I29: 2.96 | J29: =E29*I29 -> 0
B30: Bières | C30: IPA la piece bouteille | G30: =IF(E30="","",IF(D30-E30>0,D30-E30,"")) | H30: EA | I30: 2.96 | J30: =E30*I30 -> 0
B31: Bières | C31: Grimbergen blanche 20lt Fût | G31: =IF(E31="","",IF(D31-E31>0,D31-E31,"")) | H31: EA | I31: 107.2 | J31: =E31*I31 -> 0
B32: Bières | C32: Magners 30lt Fût | G32: =IF(E32="","",IF(D32-E32>0,D32-E32,"")) | H32: EA | I32: 170.7 | J32: =E32*I32 -> 0
B33: Bières | C33: Cardinal Blonde Citernes lt | G33: =IF(E33="","",IF(D33-E33>0,D33-E33,"")) | H33: lt | I33: 3.77 | J33: =E33*I33 -> 0
B34: Bières | C34: Valaisanne Bière de Cave - Bière bouteille | G34: =IF(E34="","",IF(D34-E34>0,D34-E34,"")) | H34: EA | I34: 2.56 | J34: =E34*I34 -> 0
B35: Bières | C35: Valaisanne IPA - Bière bouteille | G35: =IF(E35="","",IF(D35-E35>0,D35-E35,"")) | H35: EA | I35: 3.08 | J35: =E35*I35 -> 0
B36: Bières | C36: Valaisanne Pale Ale - Bière bouteille | G36: =IF(E36="","",IF(D36-E36>0,D36-E36,"")) | H36: EA | I36: 2.56 | J36: =E36*I36 -> 0
B37: Bières | C37: Cardinal - Bière bouteille | G37: =IF(E37="","",IF(D37-E37>0,D37-E37,"")) | H37: EA | I37: 1.41 | J37: =E37*I37 -> 0
B38: Bières | C38: San Miguel - Bière bouteille | G38: =IF(E38="","",IF(D38-E38>0,D38-E38,"")) | H38: EA | I38: 1.73 | J38: =E38*I38 -> 0
B39: Bières | C39: Cardinal sans alcool - Bière bouteille | G39: =IF(E39="","",IF(D39-E39>0,D39-E39,"")) | H39: EA | I39: 1.46 | J39: =E39*I39 -> 0
B40: Bières | C40: Cidre 33cl "La Genevoise du Terroir" | G40: =IF(E40="","",IF(D40-E40>0,D40-E40,"")) | H40: EA | I40: 3.45 | J40: =E40*I40 -> 0
A41: Catégorie : Consignes | G41: =IF(E41="","",IF(D41-E41>0,D41-E41,"")) | I41: TOTAL : | J41: =SUM(J42:J49) -> 1875
B42: Consignes | C42: Bouteille / Aligal consignée | E42: =E24 -> 0 | G42: =IF(E42="","",IF(D42-E42>0,D42-E42,"")) | H42: EA | I42: 100 | J42: =E42*I42 -> 0
B43: Consignes | C43: Caisse 24bt vides consignées (Sodas) | G43: =IF(E43="","",IF(D43-E43>0,D43-E43,"")) | H43: EA | I43: 12.2 | J43: =E43*I43 -> 0
B44: Consignes | C44: Caisse 20bt vides consignées (Valser) | G44: =IF(E44="","",IF(D44-E44>0,D44-E44,"")) | H44: EA | I44: 11 | J44: =E44*I44 -> 0
B45: Consignes | C45: Caisse verres consignés (Bières) | G45: =IF(E45="","",IF(D45-E45>0,D45-E45,"")) | H45: EA | I45: 5 | J45: =E45*I45 -> 0
B46: Consignes | C46: Caisse BT 1,5L PET consignée | E46: 5 | G46: =IF(E46="","",IF(D46-E46>0,D46-E46,"")) | H46: EA | I46: 5 | J46: =E46*I46 -> 25
B47: Consignes | C47: Caisse 24bt vides consignées (Bières sans alcool) | G47: =IF(E47="","",IF(D47-E47>0,D47-E47,"")) | H47: EA | I47: 11 | J47: =E47*I47 -> 0
B48: Consignes | C48: Container / Fûts consignés | E48: =E26+E27 -> 37 | G48: =IF(E48="","",IF(D48-E48>0,D48-E48,"")) | H48: EA | I48: 50 | J48: =E48*I48 -> 1850
B49: Consignes | C49: Caisse de 20bt Brasserie de la pièce | G49: =IF(E49="","",IF(D49-E49>0,D49-E49,"")) | H49: EA | I49: 5 | J49: =E49*I49 -> 0
B50: Catégorie : Vins | G50: =IF(E50="","",IF(D50-E50>0,D50-E50,"")) | I50: TOTAL : | J50: =SUM(J52:J77) -> 318.85
B51: LA CAVE DE GENÉVE | G51: =IF(E51="","",IF(D51-E51>0,D51-E51,""))
B52: Vins | C52: Baccarat brut, Blanc chardonnay 75cl | G52: =IF(E52="","",IF(D52-E52>0,D52-E52,"")) | H52: EA | I52: 13 | J52: =E52*I52 -> 0
B53: Vins | C53: Baccarat rosé 75cl | G53: =IF(E53="","",IF(D53-E53>0,D53-E53,"")) | H53: EA | I53: 13 | J53: =E53*I53 -> 0
B54: Vins | C54: Baccarat Club 75cl | G54: =IF(E54="","",IF(D54-E54>0,D54-E54,"")) | H54: EA | I54: 8.9 | J54: =E54*I54 -> 0
B55: Vins | C55: Belles filles Chasselas AOC Geneve 2019 75cl | D55: 6 | E55: 1 | G55: =IF(E55="","",IF(D55-E55>0,D55-E55,"")) -> 5 | H55: EA | I55: 8.35 | J55: =E55*I55 -> 8.35
B56: Vins | C56: Belles filles Gamay AOC Geneve 2019 75cl | D56: 6 | E56: 30 | G56: =IF(E56="","",IF(D56-E56>0,D56-E56,"")) | H56: EA | I56: 8.9 | J56: =E56*I56 -> 267
B57: Vins | C57: Belles Filles, Rosé de Gamay | D57: 6 | E57: 5 | G57: =IF(E57="","",IF(D57-E57>0,D57-E57,"")) -> 1 | H57: EA | I57: 8.7 | J57: =E57*I57 -> 43.5
B58: Vins | C58: Belles Filles, Pinot Noir | G58: =IF(E58="","",IF(D58-E58>0,D58-E58,"")) | H58: EA | I58: 12.15 | J58: =E58*I58 -> 0
B59: Vins | C59: Clémence, Chasselas Vieilles Vignes | G59: =IF(E59="","",IF(D59-E59>0,D59-E59,"")) | H59: EA | I59: 11.35 | J59: =E59*I59 -> 0
B60: Vins | C60: Clémence, Divicot | G60: =IF(E60="","",IF(D60-E60>0,D60-E60,"")) | H60: EA | I60: 14.65 | J60: =E60*I60 -> 0
B61: Vins | C61: Clémence, Chardonnay | G61: =IF(E61="","",IF(D61-E61>0,D61-E61,"")) | H61: EA | I61: 16.25 | J61: =E61*I61 -> 0
B62: Vins | C62: Clémence, Merlot | G62: =IF(E62="","",IF(D62-E62>0,D62-E62,"")) | H62: EA | I62: 17.9 | J62: =E62*I62 -> 0
B63: Vins | C63: Clémence, Gamaret 75cl | G63: =IF(E63="","",IF(D63-E63>0,D63-E63,"")) | H63: EA | I63: 15.95 | J63: =E63*I63 -> 0
B64: Vins | C64: Clémence, Sauvignon 75cl | G64: =IF(E64="","",IF(D64-E64>0,D64-E64,"")) | H64: EA | I64: 15.45 | J64: =E64*I64 -> 0
B65: LAURENT PERRIER | G65: =IF(E65="","",IF(D65-E65>0,D65-E65,""))
B66: Vins | C66: Champagne, Laurent Perrier Brut la Cuvée 75cl | G66: =IF(E66="","",IF(D66-E66>0,D66-E66,"")) | H66: EA | I66: 31.05 | J66: =E66*I66 -> 0
B67: Vins | C67: Champagne, Laurent Perrier Brut la Cuvée 150cl | G67: =IF(E67="","",IF(D67-E67>0,D67-E67,"")) | H67: EA | I67: 60.79 | J67: =E67*I67 -> 0
B68: Vins | C68: Champagne, Laurent Perrier Rosé 75cl | G68: =IF(E68="","",IF(D68-E68>0,D68-E68,"")) | H68: EA | I68: 56.55 | J68: =E68*I68 -> 0
B69: Vins | C69: Champagne, Laurent Perrier Rosé 150cl | G69: =IF(E69="","",IF(D69-E69>0,D69-E69,"")) | H69: EA | I69: 107.44 | J69: =E69*I69 -> 0
B70: Vins | C70: Champagne, Laurent Perrier Ultra Brut 75cl | G70: =IF(E70="","",IF(D70-E70>0,D70-E70,"")) | H70: EA | I70: 47.4 | J70: =E70*I70 -> 0
B71: Vins | C71: Champagne, Laurent Perrier Grand Siècle 75CL | G71: =IF(E71="","",IF(D71-E71>0,D71-E71,"")) | H71: EA | I71: 87.63 | J71: =E71*I71 -> 0
B72: Vins | C72: Champagne, Laurent Perrier Blanc de Blanc 75CL | G72: =IF(E72="","",IF(D72-E72>0,D72-E72,"")) | H72: EA | I72: 52.31 | J72: =E72*I72 -> 0
B73: AUTRES VINS | G73: =IF(E73="","",IF(D73-E73>0,D73-E73,""))
B74: Vins | C74: Domaine du Centaure - Aligoté | G74: =IF(E74="","",IF(D74-E74>0,D74-E74,"")) | H74: EA | I74: 10.8 | J74: =E74*I74 -> 0
B75: Vins | C75: Domaine du Centaure - Pinot noir | G75: =IF(E75="","",IF(D75-E75>0,D75-E75,"")) | H75: EA | I75: 11.2 | J75: =E75*I75 -> 0
B76: Vins | C76: Vin chaud 1lt | G76: =IF(E76="","",IF(D76-E76>0,D76-E76,"")) | H76: L | I76: 4.56 | J76: =E76*I76 -> 0
B77: Vins | C77: Vin chaud TRANSGOURMET 10lt | G77: =IF(E77="","",IF(D77-E77>0,D77-E77,"")) | H77: L | I77: 37.7 | J77: =E77*I77 -> 0
A78: Catégorie :Boissons avec alcool / Spiritueux | G78: =IF(E78="","",IF(D78-E78>0,D78-E78,"")) | I78: TOTAL : | J78: =SUM(J80:J121) -> 0
B79: WHISKY | G79: =IF(E79="","",IF(D79-E79>0,D79-E79,""))
B80: Boissons avec alcool / Spiritueux | C80: Johnnie Walker - Black Label 70cl | G80: =IF(E80="","",IF(D80-E80>0,D80-E80,"")) | H80: EA | I80: 32.95 | J80: =E80*I80 -> 0
B81: Boissons avec alcool / Spiritueux | C81: Chivas 70cl | G81: =IF(E81="","",IF(D81-E81>0,D81-E81,"")) | H81: EA | I81: 56.95 | J81: =E81*I81 -> 0
B82: Boissons avec alcool / Spiritueux | C82: William Lawson 70cl | G82: =IF(E82="","",IF(D82-E82>0,D82-E82,"")) | H82: EA | I82: 15.95 | J82: =E82*I82 -> 0
B83: Boissons avec alcool / Spiritueux | C83: Johnnie Walker - Red label 70cl | G83: =IF(E83="","",IF(D83-E83>0,D83-E83,"")) | H83: EA | I83: 19.95 | J83: =E83*I83 -> 0
B84: Boissons avec alcool / Spiritueux | C84: Talisker 70cl | G84: =IF(E84="","",IF(D84-E84>0,D84-E84,"")) | H84: EA | I84: 46.95 | J84: =E84*I84 -> 0
B85: Boissons avec alcool / Spiritueux | C85: Dewar's 70cl | G85: =IF(E85="","",IF(D85-E85>0,D85-E85,"")) | H85: EA | I85: 34.95 | J85: =E85*I85 -> 0
B86: Boissons avec alcool / Spiritueux | C86: Jack Daniel's Old n7 70cl | G86: =IF(E86="","",IF(D86-E86>0,D86-E86,"")) | H86: EA | I86: 24.95 | J86: =E86*I86 -> 0
B87: VODKA | G87: =IF(E87="","",IF(D87-E87>0,D87-E87,""))
B88: Boissons avec alcool / Spiritueux | C88: Absolut 70cl | G88: =IF(E88="","",IF(D88-E88>0,D88-E88,"")) | H88: EA | I88: 19.5 | J88: =E88*I88 -> 0
B89: Boissons avec alcool / Spiritueux | C89: Wyborowa 70cl | G89: =IF(E89="","",IF(D89-E89>0,D89-E89,"")) | H89: EA | I89: 16.95 | J89: =E89*I89 -> 0
B90: Boissons avec alcool / Spiritueux | C90: Smirnoff 70cl | G90: =IF(E90="","",IF(D90-E90>0,D90-E90,"")) | H90: EA | I90: 17.95 | J90: =E90*I90 -> 0
B91: Boissons avec alcool / Spiritueux | C91: Eristoff 70cl | G91: =IF(E91="","",IF(D91-E91>0,D91-E91,"")) | H91: EA | I91: 15.95 | J91: =E91*I91 -> 0
B92: Boissons avec alcool / Spiritueux | C92: 42 Below | G92: =IF(E92="","",IF(D92-E92>0,D92-E92,"")) | H92: EA | I92: 20.95 | J92: =E92*I92 -> 0
B93: Boissons avec alcool / Spiritueux | C93: Ketel One 70cl | G93: =IF(E93="","",IF(D93-E93>0,D93-E93,"")) | H93: EA | I93: 26.95 | J93: =E93*I93 -> 0
B94: Boissons avec alcool / Spiritueux | C94: Grey Goose 70cl | G94: =IF(E94="","",IF(D94-E94>0,D94-E94,"")) | H94: EA | I94: 26.95 | J94: =E94*I94 -> 0
B95: GIN | G95: =IF(E95="","",IF(D95-E95>0,D95-E95,""))
B96: Boissons avec alcool / Spiritueux | C96: Beefeater 70cl | G96: =IF(E96="","",IF(D96-E96>0,D96-E96,"")) | H96: EA | I96: 20.95 | J96: =E96*I96 -> 0
B97: Boissons avec alcool / Spiritueux | C97: Bombay Sapphire 70cl | G97: =IF(E97="","",IF(D97-E97>0,D97-E97,"")) | H97: EA | I97: 23.95 | J97: =E97*I97 -> 0
B98: Boissons avec alcool / Spiritueux | C98: Tanqueray 70cl | G98: =IF(E98="","",IF(D98-E98>0,D98-E98,"")) | H98: EA | I98: 22.5 | J98: =E98*I98 -> 0
B99: Boissons avec alcool / Spiritueux | C99: Tanqueray cassis 70cl | G99: =IF(E99="","",IF(D99-E99>0,D99-E99,"")) | H99: EA | I99: 29.95 | J99: =E99*I99 -> 0
B100: RHUM | G100: =IF(E100="","",IF(D100-E100>0,D100-E100,""))
B101: Boissons avec alcool / Spiritueux | C101: Bacardi blanc 70cl | G101: =IF(E101="","",IF(D101-E101>0,D101-E101,"")) | H101: EA | I101: 17.95 | J101: =E101*I101 -> 0
B102: Boissons avec alcool / Spiritueux | C102: Havana Club Añejo 3 anos 70cl | G102: =IF(E102="","",IF(D102-E102>0,D102-E102,"")) | H102: EA | I102: 20.95 | J102: =E102*I102 -> 0
...

Sheet Est 1
B1: TOTAL PRODUIT CONSOLIDE
B4: Catégories | C4: Valeur d'inventaire
B5: Bières | C5: =J23 -> 4967.2
B6: Consignes | C6: =J4 -> 0
B7: Vins | C7: =J50 -> 138.35
B8: Boissons avec alcool / Spiritueux | C8: =J78 -> 0
B9: Boissons sans alcool | C9: =J122 -> 2145.31
B10: Caféterie | C10: =J176 -> 0
B11: Negoce | C11: =J187 -> 331.2
B12: Boulangerie | C12: =J193 -> 0
B13: Sauce & Condiments | C13: =J195 -> 0
B14: Surgelés | C14: =J208 -> 755.79
B15: Viandes | C15: =J214 -> 0
B16: Graisse & Huile | C16: =J222 -> 0
B17: Mono-usages | C17: =J224 -> 0
B18: Produit de nettoyage | C18: =J245 -> 0
B19: Divers | C19: =J257 -> 0
B20: TOTAL | C20: =C5+C6+C7+C8+C9+C10+C11+C12+C13+C14+C15+C16+C17+C18+C19 -> 8337.85
A21: INVENTAIRES STADE
B22: Catégorie | C22: Article d'inventaire | D22: MIN. REQUIS | E22: STOCKS FIN DE SERVICE | F22: QUANTITE A REMETTRE | G22: MANQUE / RUPTURE | H22: UNITE | I22: PRIX | J22: VALEUR
A23: Catégorie :Bières | E23: A REMPLIR ↓ | I23: TOTAL : | J23: =SUM(J24:J40) -> 4967.2
B24: Bières | C24: Aligal 2 7kg | D24: 2 | E24: 2 | G24: =IF(E199="",D199,IF(D199-E199>0,D199-E199,0)) -> 3 | H24: EA | I24: 55.95 | J24: =E24*I24 -> 111.9
B25: Bières | C25: Brooklyn EIPA 30lt Fût | G25: =IF(E25="",D25,IF(D25-E25>0,D25-E25,"")) -> 0 | H25: EA | I25: 173.1 | J25: =E25*I25 -> 0
B26: Bières | C26: Cardinal Blonde 20lt Fût | D26: 20 | E26: 43 | G26: =IF(E26="",D26,IF(D26-E26>0,D26-E26,"")) | H26: EA | I26: 75.4 | J26: =E26*I26 -> 3242.2
B27: Bières | C27: Servettienne 20lt Fût | D27: 20 | E27: 19 | G27: =IF(E27="",D27,IF(D27-E27>0,D27-E27,"")) -> 1 | H27: EA | I27: 84.9 | J27: =E27*I27 -> 1613.1
B28: Bières | C28: Bonde la piece bouteille | G28: =IF(E28="",D28,IF(D28-E28>0,D28-E28,"")) -> 0 | H28: EA | I28: 2.96 | J28: =E28*I28 -> 0
B29: Bières | C29: Blanche la piece bouteille | G29: =IF(E29="",D29,IF(D29-E29>0,D29-E29,"")) -> 0 | H29: EA | I29: 2.96 | J29: =E29*I29 -> 0
B30: Bières | C30: IPA la piece bouteille | G30: =IF(E30="",D30,IF(D30-E30>0,D30-E30,"")) -> 0 | H30: EA | I30: 2.96 | J30: =E30*I30 -> 0
B31: Bières | C31: Grimbergen blanche 20lt Fût | G31: =IF(E31="",D31,IF(D31-E31>0,D31-E31,"")) -> 0 | H31: EA | I31: 107.2 | J31: =E31*I31 -> 0
B32: Bières | C32: Magners 30lt Fût | G32: =IF(E32="",D32,IF(D32-E32>0,D32-E32,"")) -> 0 | H32: EA | I32: 170.7 | J32: =E32*I32 -> 0
B33: Bières | C33: Cardinal Blonde Citernes lt | G33: =IF(E33="",D33,IF(D33-E33>0,D33-E33,"")) -> 0 | H33: lt | I33: 3.77 | J33: =E33*I33 -> 0
B34: Bières | C34: Valaisanne Bière de Cave - Bière bouteille | G34: =IF(E34="",D34,IF(D34-E34>0,D34-E34,"")) -> 0 | H34: EA | I34: 2.56 | J34: =E34*I34 -> 0
B35: Bières | C35: Valaisanne IPA - Bière bouteille | G35: =IF(E35="",D35,IF(D35-E35>0,D35-E35,"")) -> 0 | H35: EA | I35: 3.08 | J35: =E35*I35 -> 0
B36: Bières | C36: Valaisanne Pale Ale - Bière bouteille | G36: =IF(E36="",D36,IF(D36-E36>0,D36-E36,"")) -> 0 | H36: EA | I36: 2.56 | J36: =E36*I36 -> 0
B37: Bières | C37: Cardinal - Bière bouteille | G37: =IF(E37="",D37,IF(D37-E37>0,D37-E37,"")) -> 0 | H37: EA | I37: 1.41 | J37: =E37*I37 -> 0
B38: Bières | C38: San Miguel - Bière bouteille | G38: =IF(E38="",D38,IF(D38-E38>0,D38-E38,"")) -> 0 | H38: EA | I38: 1.73 | J38: =E38*I38 -> 0
B39: Bières | C39: Cardinal sans alcool - Bière bouteille | G39: =IF(E39="",D39,IF(D39-E39>0,D39-E39,"")) -> 0 | H39: EA | I39: 1.46 | J39: =E39*I39 -> 0
B40: Bières | C40: Cidre 33cl "La Genevoise du Terroir" | G40: =IF(E40="",D40,IF(D40-E40>0,D40-E40,"")) -> 0 | H40: EA | I40: 3.45 | J40: =E40*I40 -> 0
A41: Catégorie : Consignes | G41: =IF(E41="",D41,IF(D41-E41>0,D41-E41,"")) -> 0 | I41: TOTAL : | J41: =SUM(J42:J49) -> 3300
B42: Consignes | C42: Bouteille / Aligal consignée | E42: =E24 -> 2 | G42: =IF(E42="",D42,IF(D42-E42>0,D42-E42,"")) | H42: EA | I42: 100 | J42: =E42*I42 -> 200
B43: Consignes | C43: Caisse 24bt vides consignées (Sodas) | G43: =IF(E43="",D43,IF(D43-E43>0,D43-E43,"")) -> 0 | H43: EA | I43: 12.2 | J43: =E43*I43 -> 0
B44: Consignes | C44: Caisse 20bt vides consignées (Valser) | G44: =IF(E44="",D44,IF(D44-E44>0,D44-E44,"")) -> 0 | H44: EA | I44: 11 | J44: =E44*I44 -> 0
B45: Consignes | C45: Caisse verres consignés (Bières) | G45: =IF(E45="",D45,IF(D45-E45>0,D45-E45,"")) -> 0 | H45: EA | I45: 5 | J45: =E45*I45 -> 0
B46: Consignes | C46: Caisse BT 1,5L PET consignée | G46: =IF(E46="",D46,IF(D46-E46>0,D46-E46,"")) -> 0 | H46: EA | I46: 5 | J46: =E46*I46 -> 0
B47: Consignes | C47: Caisse 24bt vides consignées (Bières sans alcool) | G47: =IF(E47="",D47,IF(D47-E47>0,D47-E47,"")) -> 0 | H47: EA | I47: 11 | J47: =E47*I47 -> 0
B48: Consignes | C48: Container / Fûts consignés | E48: =E27+E26 -> 62 | G48: =IF(E48="",D48,IF(D48-E48>0,D48-E48,"")) | H48: EA | I48: 50 | J48: =E48*I48 -> 3100
B49: Consignes | C49: Caisse de 20bt Brasserie de la pièce | G49: =IF(E49="",D49,IF(D49-E49>0,D49-E49,"")) -> 0 | H49: EA | I49: 5 | J49: =E49*I49 -> 0
B50: Catégorie : Vins | G50: =IF(E50="",D50,IF(D50-E50>0,D50-E50,"")) -> 0 | I50: TOTAL : | J50: =SUM(J52:J77) -> 138.35
B51: LA CAVE DE GENÉVE | G51: =IF(E51="",D51,IF(D51-E51>0,D51-E51,"")) -> 0
B52: Vins | C52: Baccarat brut, Blanc chardonnay 75cl | G52: =IF(E52="",D52,IF(D52-E52>0,D52-E52,"")) -> 0 | H52: EA | I52: 13 | J52: =E52*I52 -> 0
B53: Vins | C53: Baccarat rosé 75cl | G53: =IF(E53="",D53,IF(D53-E53>0,D53-E53,"")) -> 0 | H53: EA | I53: 13 | J53: =E53*I53 -> 0
B54: Vins | C54: Baccarat Club 75cl | G54: =IF(E54="",D54,IF(D54-E54>0,D54-E54,"")) -> 0 | H54: EA | I54: 8.9 | J54: =E54*I54 -> 0
B55: Vins | C55: Belles filles Chasselas AOC Geneve 2019 75cl | D55: 6 | E55: 7 | G55: =IF(E55="",D55,IF(D55-E55>0,D55-E55,"")) | H55: EA | I55: 8.35 | J55: =E55*I55 -> 58.45
B56: Vins | C56: Belles filles Gamay AOC Geneve 2019 75cl | D56: 6 | E56: 8 | G56: =IF(E56="",D56,IF(D56-E56>0,D56-E56,"")) | H56: EA | I56: 8.9 | J56: =E56*I56 -> 71.2
B57: Vins | C57: Belles Filles, Rosé de Gamay | D57: 6 | E57: 1 | G57: =IF(E57="",D57,IF(D57-E57>0,D57-E57,"")) -> 5 | H57: EA | I57: 8.7 | J57: =E57*I57 -> 8.7
B58: Vins | C58: Belles Filles, Pinot Noir | G58: =IF(E58="",D58,IF(D58-E58>0,D58-E58,"")) -> 0 | H58: EA | I58: 12.15 | J58: =E58*I58 -> 0
B59: Vins | C59: Clémence, Chasselas Vieilles Vignes | G59: =IF(E59="",D59,IF(D59-E59>0,D59-E59,"")) -> 0 | H59: EA | I59: 11.35 | J59: =E59*I59 -> 0
B60: Vins | C60: Clémence, Divicot | G60: =IF(E60="",D60,IF(D60-E60>0,D60-E60,"")) -> 0 | H60: EA | I60: 14.65 | J60: =E60*I60 -> 0
B61: Vins | C61: Clémence, Chardonnay | G61: =IF(E61="",D61,IF(D61-E61>0,D61-E61,"")) -> 0 | H61: EA | I61: 16.25 | J61: =E61*I61 -> 0
B62: Vins | C62: Clémence, Merlot | G62: =IF(E62="",D62,IF(D62-E62>0,D62-E62,"")) -> 0 | H62: EA | I62: 17.9 | J62: =E62*I62 -> 0
B63: Vins | C63: Clémence, Gamaret 75cl | G63: =IF(E63="",D63,IF(D63-E63>0,D63-E63,"")) -> 0 | H63: EA | I63: 15.95 | J63: =E63*I63 -> 0
B64: Vins | C64: Clémence, Sauvignon 75cl | G64: =IF(E64="",D64,IF(D64-E64>0,D64-E64,"")) -> 0 | H64: EA | I64: 15.45 | J64: =E64*I64 -> 0
B65: LAURENT PERRIER | G65: =IF(E65="",D65,IF(D65-E65>0,D65-E65,"")) -> 0
B66: Vins | C66: Champagne, Laurent Perrier Brut la Cuvée 75cl | G66: =IF(E66="",D66,IF(D66-E66>0,D66-E66,"")) -> 0 | H66: EA | I66: 31.05 | J66: =E66*I66 -> 0
B67: Vins | C67: Champagne, Laurent Perrier Brut la Cuvée 150cl | G67: =IF(E67="",D67,IF(D67-E67>0,D67-E67,"")) -> 0 | H67: EA | I67: 60.79 | J67: =E67*I67 -> 0
B68: Vins | C68: Champagne, Laurent Perrier Rosé 75cl | G68: =IF(E68="",D68,IF(D68-E68>0,D68-E68,"")) -> 0 | H68: EA | I68: 56.55 | J68: =E68*I68 -> 0
B69: Vins | C69: Champagne, Laurent Perrier Rosé 150cl | G69: =IF(E69="",D69,IF(D69-E69>0,D69-E69,"")) -> 0 | H69: EA | I69: 107.44 | J69: =E69*I69 -> 0
B70: Vins | C70: Champagne, Laurent Perrier Ultra Brut 75cl | G70: =IF(E70="",D70,IF(D70-E70>0,D70-E70,"")) -> 0 | H70: EA | I70: 47.4 | J70: =E70*I70 -> 0
B71: Vins | C71: Champagne, Laurent Perrier Grand Siècle 75CL | G71: =IF(E71="",D71,IF(D71-E71>0,D71-E71,"")) -> 0 | H71: EA | I71: 87.63 | J71: =E71*I71 -> 0
B72: Vins | C72: Champagne, Laurent Perrier Blanc de Blanc 75CL | G72: =IF(E72="",D72,IF(D72-E72>0,D72-E72,"")) -> 0 | H72: EA | I72: 52.31 | J72: =E72*I72 -> 0
B73: AUTRES VINS | G73: =IF(E73="",D73,IF(D73-E73>0,D73-E73,"")) -> 0
B74: Vins | C74: Domaine du Centaure - Aligoté | G74: =IF(E74="",D74,IF(D74-E74>0,D74-E74,"")) -> 0 | H74: EA | I74: 10.8 | J74: =E74*I74 -> 0
B75: Vins | C75: Domaine du Centaure - Pinot noir | G75: =IF(E75="",D75,IF(D75-E75>0,D75-E75,"")) -> 0 | H75: EA | I75: 11.2 | J75: =E75*I75 -> 0
B76: Vins | C76: Vin chaud 1lt | G76: =IF(E76="",D76,IF(D76-E76>0,D76-E76,"")) -> 0 | H76: L | I76: 4.56 | J76: =E76*I76 -> 0
B77: Vins | C77: Vin chaud TRANSGOURMET 10lt | G77: =IF(E77="",D77,IF(D77-E77>0,D77-E77,"")) -> 0 | H77: L | I77: 37.7 | J77: =E77*I77 -> 0
A78: Catégorie :Boissons avec alcool / Spiritueux | G78: =IF(E78="",D78,IF(D78-E78>0,D78-E78,"")) -> 0 | I78: TOTAL : | J78: =SUM(J80:J121) -> 0
B79: WHISKY | G79: =IF(E79="",D79,IF(D79-E79>0,D79-E79,"")) -> 0
B80: Boissons avec alcool / Spiritueux | C80: Johnnie Walker - Black Label 70cl | G80: =IF(E80="",D80,IF(D80-E80>0,D80-E80,"")) -> 0 | H80: EA | I80: 32.95 | J80: =E80*I80 -> 0
B81: Boissons avec alcool / Spiritueux | C81: Chivas 70cl | G81: =IF(E81="",D81,IF(D81-E81>0,D81-E81,"")) -> 0 | H81: EA | I81: 56.95 | J81: =E81*I81 -> 0
B82: Boissons avec alcool / Spiritueux | C82: William Lawson 70cl | G82: =IF(E82="",D82,IF(D82-E82>0,D82-E82,"")) -> 0 | H82: EA | I82: 15.95 | J82: =E82*I82 -> 0
B83: Boissons avec alcool / Spiritueux | C83: Johnnie Walker - Red label 70cl | G83: =IF(E83="",D83,IF(D83-E83>0,D83-E83,"")) -> 0 | H83: EA | I83: 19.95 | J83: =E83*I83 -> 0
B84: Boissons avec alcool / Spiritueux | C84: Talisker 70cl | G84: =IF(E84="",D84,IF(D84-E84>0,D84-E84,"")) -> 0 | H84: EA | I84: 46.95 | J84: =E84*I84 -> 0
B85: Boissons avec alcool / Spiritueux | C85: Dewar's 70cl | G85: =IF(E85="",D85,IF(D85-E85>0,D85-E85,"")) -> 0 | H85: EA | I85: 34.95 | J85: =E85*I85 -> 0
B86: Boissons avec alcool / Spiritueux | C86: Jack Daniel's Old n7 70cl | G86: =IF(E86="",D86,IF(D86-E86>0,D86-E86,"")) -> 0 | H86: EA | I86: 24.95 | J86: =E86*I86 -> 0
B87: VODKA | G87: =IF(E87="",D87,IF(D87-E87>0,D87-E87,"")) -> 0
B88: Boissons avec alcool / Spiritueux | C88: Absolut 70cl | G88: =IF(E88="",D88,IF(D88-E88>0,D88-E88,"")) -> 0 | H88: EA | I88: 19.5 | J88: =E88*I88 -> 0
B89: Boissons avec alcool / Spiritueux | C89: Wyborowa 70cl | G89: =IF(E89="",D89,IF(D89-E89>0,D89-E89,"")) -> 0 | H89: EA | I89: 16.95 | J89: =E89*I89 -> 0
B90: Boissons avec alcool / Spiritueux | C90: Smirnoff 70cl | G90: =IF(E90="",D90,IF(D90-E90>0,D90-E90,"")) -> 0 | H90: EA | I90: 17.95 | J90: =E90*I90 -> 0
B91: Boissons avec alcool / Spiritueux | C91: Eristoff 70cl | G91: =IF(E91="",D91,IF(D91-E91>0,D91-E91,"")) -> 0 | H91: EA | I91: 15.95 | J91: =E91*I91 -> 0
B92: Boissons avec alcool / Spiritueux | C92: 42 Below | G92: =IF(E92="",D92,IF(D92-E92>0,D92-E92,"")) -> 0 | H92: EA | I92: 20.95 | J92: =E92*I92 -> 0
B93: Boissons avec alcool / Spiritueux | C93: Ketel One 70cl | G93: =IF(E93="",D93,IF(D93-E93>0,D93-E93,"")) -> 0 | H93: EA | I93: 26.95 | J93: =E93*I93 -> 0
B94: Boissons avec alcool / Spiritueux | C94: Grey Goose 70cl | G94: =IF(E94="",D94,IF(D94-E94>0,D94-E94,"")) -> 0 | H94: EA | I94: 26.95 | J94: =E94*I94 -> 0
B95: GIN | G95: =IF(E95="",D95,IF(D95-E95>0,D95-E95,"")) -> 0
B96: Boissons avec alcool / Spiritueux | C96: Beefeater 70cl | G96: =IF(E96="",D96,IF(D96-E96>0,D96-E96,"")) -> 0 | H96: EA | I96: 20.95 | J96: =E96*I96 -> 0
B97: Boissons avec alcool / Spiritueux | C97: Bombay Sapphire 70cl | G97: =IF(E97="",D97,IF(D97-E97>0,D97-E97,"")) -> 0 | H97: EA | I97: 23.95 | J97: =E97*I97 -> 0
B98: Boissons avec alcool / Spiritueux | C98: Tanqueray 70cl | G98: =IF(E98="",D98,IF(D98-E98>0,D98-E98,"")) -> 0 | H98: EA | I98: 22.5 | J98: =E98*I98 -> 0
B99: Boissons avec alcool / Spiritueux | C99: Tanqueray cassis 70cl | G99: =IF(E99="",D99,IF(D99-E99>0,D99-E99,"")) -> 0 | H99: EA | I99: 29.95 | J99: =E99*I99 -> 0
B100: RHUM | G100: =IF(E100="",D100,IF(D100-E100>0,D100-E100,"")) -> 0
B101: Boissons avec alcool / Spiritueux | C101: Bacardi blanc 70cl | G101: =IF(E101="",D101,IF(D101-E101>0,D101-E101,"")) -> 0 | H101: EA | I101: 17.95 | J101: =E101*I101 -> 0
B102: Boissons avec alcool / Spiritueux | C102: Havana Club Añejo 3 anos 70cl | G102: =IF(E102="",D102,IF(D102-E102>0,D102-E102,"")) -> 0 | H102: EA | I102: 20.95 | J102: =E102*I102 -> 0
...

Sheet Est mobile 2
B1: TOTAL PRODUIT CONSOLIDE
B4: Catégories | C4: Valeur d'inventaire
B5: Bières | C5: =J23 -> 4751.55
B6: Consignes | C6: =J4 -> 0
B7: Vins | C7: =J50 -> 124.05
B8: Boissons avec alcool / Spiritueux | C8: =J78 -> 0
B9: Boissons sans alcool | C9: =J122 -> 103.42
B10: Caféterie | C10: =J176 -> 0
B11: Negoce | C11: =J187 -> 0
B12: Boulangerie | C12: =J193 -> 0
B13: Sauce & Condiments | C13: =J195 -> 0
B14: Surgelés | C14: =J208 -> 0
B15: Viandes | C15: =J214 -> 0
B16: Graisse & Huile | C16: =J222 -> 0
B17: Mono-usages | C17: =J224 -> 0
B18: Produit de nettoyage | C18: =J245 -> 29.85
B19: Divers | C19: =J257 -> 0
B20: TOTAL | C20: =C5+C6+C7+C8+C9+C10+C11+C12+C13+C14+C15+C16+C17+C18+C19 -> 5008.87
A21: INVENTAIRES STADE
B22: Catégorie | C22: Article d'inventaire | D22: MIN. REQUIS | E22: STOCKS FIN DE SERVICE | F22: QUANTITE A REMETTRE | G22: MANQUE / RUPTURE | H22: UNITE | I22: PRIX | J22: VALEUR
A23: Catégorie :Bières | E23: A REMPLIR ↓ | I23: TOTAL : | J23: =SUM(J24:J40) -> 4751.55
B24: Bières | C24: Aligal 2 7kg | D24: 2 | E24: 1 | G24: =IF(E24="","",IF(D24-E24>0,D24-E24,"")) -> 1 | H24: EA | I24: 55.95 | J24: =E24*I24 -> 55.95
B25: Bières | C25: Brooklyn EIPA 30lt Fût | G25: =IF(E25="","",IF(D25-E25>0,D25-E25,"")) | H25: EA | I25: 173.1 | J25: =E25*I25 -> 0
B26: Bières | C26: Cardinal Blonde 20lt Fût | D26: 15 | E26: 33 | G26: =IF(E26="","",IF(D26-E26>0,D26-E26,"")) | H26: EA | I26: 75.4 | J26: =E26*I26 -> 2488.2
B27: Bières | C27: Servettienne 20lt Fût | D27: 15 | E27: 26 | G27: =IF(E27="","",IF(D27-E27>0,D27-E27,"")) | H27: EA | I27: 84.9 | J27: =E27*I27 -> 2207.4
B28: Bières | C28: Bonde la piece bouteille | G28: =IF(E28="","",IF(D28-E28>0,D28-E28,"")) | H28: EA | I28: 2.96 | J28: =E28*I28 -> 0
B29: Bières | C29: Blanche la piece bouteille | G29: =IF(E29="","",IF(D29-E29>0,D29-E29,"")) | H29: EA | I29: 2.96 | J29: =E29*I29 -> 0
B30: Bières | C30: IPA la piece bouteille | G30: =IF(E30="","",IF(D30-E30>0,D30-E30,"")) | H30: EA | I30: 2.96 | J30: =E30*I30 -> 0
B31: Bières | C31: Grimbergen blanche 20lt Fût | G31: =IF(E31="","",IF(D31-E31>0,D31-E31,"")) | H31: EA | I31: 107.2 | J31: =E31*I31 -> 0
B32: Bières | C32: Magners 30lt Fût | G32: =IF(E32="","",IF(D32-E32>0,D32-E32,"")) | H32: EA | I32: 170.7 | J32: =E32*I32 -> 0
B33: Bières | C33: Cardinal Blonde Citernes lt | G33: =IF(E33="","",IF(D33-E33>0,D33-E33,"")) | H33: lt | I33: 3.77 | J33: =E33*I33 -> 0
B34: Bières | C34: Valaisanne Bière de Cave - Bière bouteille | G34: =IF(E34="","",IF(D34-E34>0,D34-E34,"")) | H34: EA | I34: 2.56 | J34: =E34*I34 -> 0
B35: Bières | C35: Valaisanne IPA - Bière bouteille | G35: =IF(E35="","",IF(D35-E35>0,D35-E35,"")) | H35: EA | I35: 3.08 | J35: =E35*I35 -> 0
B36: Bières | C36: Valaisanne Pale Ale - Bière bouteille | G36: =IF(E36="","",IF(D36-E36>0,D36-E36,"")) | H36: EA | I36: 2.56 | J36: =E36*I36 -> 0
B37: Bières | C37: Cardinal - Bière bouteille | G37: =IF(E37="","",IF(D37-E37>0,D37-E37,"")) | H37: EA | I37: 1.41 | J37: =E37*I37 -> 0
B38: Bières | C38: San Miguel - Bière bouteille | G38: =IF(E38="","",IF(D38-E38>0,D38-E38,"")) | H38: EA | I38: 1.73 | J38: =E38*I38 -> 0
B39: Bières | C39: Cardinal sans alcool - Bière bouteille | G39: =IF(E39="","",IF(D39-E39>0,D39-E39,"")) | H39: EA | I39: 1.46 | J39: =E39*I39 -> 0
B40: Bières | C40: Cidre 33cl "La Genevoise du Terroir" | G40: =IF(E40="","",IF(D40-E40>0,D40-E40,"")) | H40: EA | I40: 3.45 | J40: =E40*I40 -> 0
A41: Catégorie : Consignes | G41: =IF(E41="","",IF(D41-E41>0,D41-E41,"")) | I41: TOTAL : | J41: =SUM(J42:J49) -> 3055
B42: Consignes | C42: Bouteille / Aligal consignée | E42: =E24 -> 1 | G42: =IF(E42="","",IF(D42-E42>0,D42-E42,"")) | H42: EA | I42: 100 | J42: =E42*I42 -> 100
B43: Consignes | C43: Caisse 24bt vides consignées (Sodas) | G43: =IF(E43="","",IF(D43-E43>0,D43-E43,"")) | H43: EA | I43: 12.2 | J43: =E43*I43 -> 0
B44: Consignes | C44: Caisse 20bt vides consignées (Valser) | G44: =IF(E44="","",IF(D44-E44>0,D44-E44,"")) | H44: EA | I44: 11 | J44: =E44*I44 -> 0
B45: Consignes | C45: Caisse verres consignés (Bières) | G45: =IF(E45="","",IF(D45-E45>0,D45-E45,"")) | H45: EA | I45: 5 | J45: =E45*I45 -> 0
B46: Consignes | C46: Caisse BT 1,5L PET consignée | E46: 1 | G46: =IF(E46="","",IF(D46-E46>0,D46-E46,"")) | H46: EA | I46: 5 | J46: =E46*I46 -> 5
B47: Consignes | C47: Caisse 24bt vides consignées (Bières sans alcool) | G47: =IF(E47="","",IF(D47-E47>0,D47-E47,"")) | H47: EA | I47: 11 | J47: =E47*I47 -> 0
B48: Consignes | C48: Container / Fûts consignés | E48: =E26+E27 -> 59 | G48: =IF(E48="","",IF(D48-E48>0,D48-E48,"")) | H48: EA | I48: 50 | J48: =E48*I48 -> 2950
B49: Consignes | C49: Caisse de 20bt Brasserie de la pièce | G49: =IF(E49="","",IF(D49-E49>0,D49-E49,"")) | H49: EA | I49: 5 | J49: =E49*I49 -> 0
B50: Catégorie : Vins | G50: =IF(E50="","",IF(D50-E50>0,D50-E50,"")) | I50: TOTAL : | J50: =SUM(J52:J77) -> 124.05
B51: LA CAVE DE GENÉVE | G51: =IF(E51="","",IF(D51-E51>0,D51-E51,""))
B52: Vins | C52: Baccarat brut, Blanc chardonnay 75cl | G52: =IF(E52="","",IF(D52-E52>0,D52-E52,"")) | H52: EA | I52: 13 | J52: =E52*I52 -> 0
B53: Vins | C53: Baccarat rosé 75cl | G53: =IF(E53="","",IF(D53-E53>0,D53-E53,"")) | H53: EA | I53: 13 | J53: =E53*I53 -> 0
B54: Vins | C54: Baccarat Club 75cl | G54: =IF(E54="","",IF(D54-E54>0,D54-E54,"")) | H54: EA | I54: 8.9 | J54: =E54*I54 -> 0
B55: Vins | C55: Belles filles Chasselas AOC Geneve 2019 75cl | D55: 6 | E55: 1 | G55: =IF(E55="","",IF(D55-E55>0,D55-E55,"")) -> 5 | H55: EA | I55: 8.35 | J55: =E55*I55 -> 8.35
B56: Vins | C56: Belles filles Gamay AOC Geneve 2019 75cl | D56: 6 | E56: 13 | G56: =IF(E56="","",IF(D56-E56>0,D56-E56,"")) | H56: EA | I56: 8.9 | J56: =E56*I56 -> 115.7
B57: Vins | C57: Belles Filles, Rosé de Gamay | D57: 6 | G57: =IF(E57="","",IF(D57-E57>0,D57-E57,"")) | H57: EA | I57: 8.7 | J57: =E57*I57 -> 0
B58: Vins | C58: Belles Filles, Pinot Noir | G58: =IF(E58="","",IF(D58-E58>0,D58-E58,"")) | H58: EA | I58: 12.15 | J58: =E58*I58 -> 0
B59: Vins | C59: Clémence, Chasselas Vieilles Vignes | G59: =IF(E59="","",IF(D59-E59>0,D59-E59,"")) | H59: EA | I59: 11.35 | J59: =E59*I59 -> 0
B60: Vins | C60: Clémence, Divicot | G60: =IF(E60="","",IF(D60-E60>0,D60-E60,"")) | H60: EA | I60: 14.65 | J60: =E60*I60 -> 0
B61: Vins | C61: Clémence, Chardonnay | G61: =IF(E61="","",IF(D61-E61>0,D61-E61,"")) | H61: EA | I61: 16.25 | J61: =E61*I61 -> 0
B62: Vins | C62: Clémence, Merlot | G62: =IF(E62="","",IF(D62-E62>0,D62-E62,"")) | H62: EA | I62: 17.9 | J62: =E62*I62 -> 0
B63: Vins | C63: Clémence, Gamaret 75cl | G63: =IF(E63="","",IF(D63-E63>0,D63-E63,"")) | H63: EA | I63: 15.95 | J63: =E63*I63 -> 0
B64: Vins | C64: Clémence, Sauvignon 75cl | G64: =IF(E64="","",IF(D64-E64>0,D64-E64,"")) | H64: EA | I64: 15.45 | J64: =E64*I64 -> 0
B65: LAURENT PERRIER | G65: =IF(E65="","",IF(D65-E65>0,D65-E65,""))
B66: Vins | C66: Champagne, Laurent Perrier Brut la Cuvée 75cl | G66: =IF(E66="","",IF(D66-E66>0,D66-E66,"")) | H66: EA | I66: 31.05 | J66: =E66*I66 -> 0
B67: Vins | C67: Champagne, Laurent Perrier Brut la Cuvée 150cl | G67: =IF(E67="","",IF(D67-E67>0,D67-E67,"")) | H67: EA | I67: 60.79 | J67: =E67*I67 -> 0
B68: Vins | C68: Champagne, Laurent Perrier Rosé 75cl | G68: =IF(E68="","",IF(D68-E68>0,D68-E68,"")) | H68: EA | I68: 56.55 | J68: =E68*I68 -> 0
B69: Vins | C69: Champagne, Laurent Perrier Rosé 150cl | G69: =IF(E69="","",IF(D69-E69>0,D69-E69,"")) | H69: EA | I69: 107.44 | J69: =E69*I69 -> 0
B70: Vins | C70: Champagne, Laurent Perrier Ultra Brut 75cl | G70: =IF(E70="","",IF(D70-E70>0,D70-E70,"")) | H70: EA | I70: 47.4 | J70: =E70*I70 -> 0
B71: Vins | C71: Champagne, Laurent Perrier Grand Siècle 75CL | G71: =IF(E71="","",IF(D71-E71>0,D71-E71,"")) | H71: EA | I71: 87.63 | J71: =E71*I71 -> 0
B72: Vins | C72: Champagne, Laurent Perrier Blanc de Blanc 75CL | G72: =IF(E72="","",IF(D72-E72>0,D72-E72,"")) | H72: EA | I72: 52.31 | J72: =E72*I72 -> 0
B73: AUTRES VINS | G73: =IF(E73="","",IF(D73-E73>0,D73-E73,""))
B74: Vins | C74: Domaine du Centaure - Aligoté | G74: =IF(E74="","",IF(D74-E74>0,D74-E74,"")) | H74: EA | I74: 10.8 | J74: =E74*I74 -> 0
B75: Vins | C75: Domaine du Centaure - Pinot noir | G75: =IF(E75="","",IF(D75-E75>0,D75-E75,"")) | H75: EA | I75: 11.2 | J75: =E75*I75 -> 0
B76: Vins | C76: Vin chaud 1lt | G76: =IF(E76="","",IF(D76-E76>0,D76-E76,"")) | H76: L | I76: 4.56 | J76: =E76*I76 -> 0
B77: Vins | C77: Vin chaud TRANSGOURMET 10lt | G77: =IF(E77="","",IF(D77-E77>0,D77-E77,"")) | H77: L | I77: 37.7 | J77: =E77*I77 -> 0
A78: Catégorie :Boissons avec alcool / Spiritueux | G78: =IF(E78="","",IF(D78-E78>0,D78-E78,"")) | I78: TOTAL : | J78: =SUM(J80:J121) -> 0
B79: WHISKY | G79: =IF(E79="","",IF(D79-E79>0,D79-E79,""))
B80: Boissons avec alcool / Spiritueux | C80: Johnnie Walker - Black Label 70cl | G80: =IF(E80="","",IF(D80-E80>0,D80-E80,"")) | H80: EA | I80: 32.95 | J80: =E80*I80 -> 0
B81: Boissons avec alcool / Spiritueux | C81: Chivas 70cl | G81: =IF(E81="","",IF(D81-E81>0,D81-E81,"")) | H81: EA | I81: 56.95 | J81: =E81*I81 -> 0
B82: Boissons avec alcool / Spiritueux | C82: William Lawson 70cl | G82: =IF(E82="","",IF(D82-E82>0,D82-E82,"")) | H82: EA | I82: 15.95 | J82: =E82*I82 -> 0
B83: Boissons avec alcool / Spiritueux | C83: Johnnie Walker - Red label 70cl | G83: =IF(E83="","",IF(D83-E83>0,D83-E83,"")) | H83: EA | I83: 19.95 | J83: =E83*I83 -> 0
B84: Boissons avec alcool / Spiritueux | C84: Talisker 70cl | G84: =IF(E84="","",IF(D84-E84>0,D84-E84,"")) | H84: EA | I84: 46.95 | J84: =E84*I84 -> 0
B85: Boissons avec alcool / Spiritueux | C85: Dewar's 70cl | G85: =IF(E85="","",IF(D85-E85>0,D85-E85,"")) | H85: EA | I85: 34.95 | J85: =E85*I85 -> 0
B86: Boissons avec alcool / Spiritueux | C86: Jack Daniel's Old n7 70cl | G86: =IF(E86="","",IF(D86-E86>0,D86-E86,"")) | H86: EA | I86: 24.95 | J86: =E86*I86 -> 0
B87: VODKA | G87: =IF(E87="","",IF(D87-E87>0,D87-E87,""))
B88: Boissons avec alcool / Spiritueux | C88: Absolut 70cl | G88: =IF(E88="","",IF(D88-E88>0,D88-E88,"")) | H88: EA | I88: 19.5 | J88: =E88*I88 -> 0
B89: Boissons avec alcool / Spiritueux | C89: Wyborowa 70cl | G89: =IF(E89="","",IF(D89-E89>0,D89-E89,"")) | H89: EA | I89: 16.95 | J89: =E89*I89 -> 0
B90: Boissons avec alcool / Spiritueux | C90: Smirnoff 70cl | G90: =IF(E90="","",IF(D90-E90>0,D90-E90,"")) | H90: EA | I90: 17.95 | J90: =E90*I90 -> 0
B91: Boissons avec alcool / Spiritueux | C91: Eristoff 70cl | G91: =IF(E91="","",IF(D91-E91>0,D91-E91,"")) | H91: EA | I91: 15.95 | J91: =E91*I91 -> 0
B92: Boissons avec alcool / Spiritueux | C92: 42 Below | G92: =IF(E92="","",IF(D92-E92>0,D92-E92,"")) | H92: EA | I92: 20.95 | J92: =E92*I92 -> 0
B93: Boissons avec alcool / Spiritueux | C93: Ketel One 70cl | G93: =IF(E93="","",IF(D93-E93>0,D93-E93,"")) | H93: EA | I93: 26.95 | J93: =E93*I93 -> 0
B94: Boissons avec alcool / Spiritueux | C94: Grey Goose 70cl | G94: =IF(E94="","",IF(D94-E94>0,D94-E94,"")) | H94: EA | I94: 26.95 | J94: =E94*I94 -> 0
B95: GIN | G95: =IF(E95="","",IF(D95-E95>0,D95-E95,""))
B96: Boissons avec alcool / Spiritueux | C96: Beefeater 70cl | G96: =IF(E96="","",IF(D96-E96>0,D96-E96,"")) | H96: EA | I96: 20.95 | J96: =E96*I96 -> 0
B97: Boissons avec alcool / Spiritueux | C97: Bombay Sapphire 70cl | G97: =IF(E97="","",IF(D97-E97>0,D97-E97,"")) | H97: EA | I97: 23.95 | J97: =E97*I97 -> 0
B98: Boissons avec alcool / Spiritueux | C98: Tanqueray 70cl | G98: =IF(E98="","",IF(D98-E98>0,D98-E98,"")) | H98: EA | I98: 22.5 | J98: =E98*I98 -> 0
B99: Boissons avec alcool / Spiritueux | C99: Tanqueray cassis 70cl | G99: =IF(E99="","",IF(D99-E99>0,D99-E99,"")) | H99: EA | I99: 29.95 | J99: =E99*I99 -> 0
B100: RHUM | G100: =IF(E100="","",IF(D100-E100>0,D100-E100,""))
B101: Boissons avec alcool / Spiritueux | C101: Bacardi blanc 70cl | G101: =IF(E101="","",IF(D101-E101>0,D101-E101,"")) | H101: EA | I101: 17.95 | J101: =E101*I101 -> 0
B102: Boissons avec alcool / Spiritueux | C102: Havana Club Añejo 3 anos 70cl | G102: =IF(E102="","",IF(D102-E102>0,D102-E102,"")) | H102: EA | I102: 20.95 | J102: =E102*I102 -> 0
...

Sheet Est Mobile 3
B1: TOTAL PRODUIT CONSOLIDE
B4: Catégories | C4: Valeur d'inventaire
B5: Bières | C5: =J23 -> 2977.85
B6: Consignes | C6: =J4 -> 0
B7: Vins | C7: =J50 -> 0
B8: Boissons avec alcool / Spiritueux | C8: =J78 -> 0
B9: Boissons sans alcool | C9: =J122 -> 129.01
B10: Caféterie | C10: =J176 -> 0
B11: Negoce | C11: =J187 -> 0
B12: Boulangerie | C12: =J193 -> 0
B13: Sauce & Condiments | C13: =J195 -> 0
B14: Surgelés | C14: =J208 -> 0
B15: Viandes | C15: =J214 -> 0
B16: Graisse & Huile | C16: =J222 -> 0
B17: Mono-usages | C17: =J224 -> 0
B18: Produit de nettoyage | C18: =J245 -> 22.45
B19: Divers | C19: =J257 -> 0
B20: TOTAL | C20: =C5+C6+C7+C8+C9+C10+C11+C12+C13+C14+C15+C16+C17+C18+C19 -> 3129.31
A21: INVENTAIRES STADE
B22: Catégorie | C22: Article d'inventaire | D22: MIN. REQUIS | E22: STOCKS FIN DE SERVICE | F22: QUANTITE A REMETTRE | G22: MANQUE / RUPTURE | H22: UNITE | I22: PRIX | J22: VALEUR
A23: Catégorie :Bières | E23: A REMPLIR ↓ | I23: TOTAL : | J23: =SUM(J24:J40) -> 2977.85
B24: Bières | C24: Aligal 2 7kg | D24: 2 | E24: 3 | G24: =IF(E24="","",IF(D24-E24>0,D24-E24,"")) | H24: EA | I24: 55.95 | J24: =E24*I24 -> 167.85
B25: Bières | C25: Brooklyn EIPA 30lt Fût | G25: =IF(E25="","",IF(D25-E25>0,D25-E25,"")) | H25: EA | I25: 173.1 | J25: =E25*I25 -> 0
B26: Bières | C26: Cardinal Blonde 20lt Fût | D26: 15 | E26: 17 | G26: =IF(E26="","",IF(D26-E26>0,D26-E26,"")) | H26: EA | I26: 75.4 | J26: =E26*I26 -> 1281.8
B27: Bières | C27: Servettienne 20lt Fût | D27: 15 | E27: 18 | G27: =IF(E27="","",IF(D27-E27>0,D27-E27,"")) | H27: EA | I27: 84.9 | J27: =E27*I27 -> 1528.2
B28: Bières | C28: Bonde la piece bouteille | G28: =IF(E28="","",IF(D28-E28>0,D28-E28,"")) | H28: EA | I28: 2.96 | J28: =E28*I28 -> 0
B29: Bières | C29: Blanche la piece bouteille | G29: =IF(E29="","",IF(D29-E29>0,D29-E29,"")) | H29: EA | I29: 2.96 | J29: =E29*I29 -> 0
B30: Bières | C30: IPA la piece bouteille | G30: =IF(E30="","",IF(D30-E30>0,D30-E30,"")) | H30: EA | I30: 2.96 | J30: =E30*I30 -> 0
B31: Bières | C31: Grimbergen blanche 20lt Fût | G31: =IF(E31="","",IF(D31-E31>0,D31-E31,"")) | H31: EA | I31: 107.2 | J31: =E31*I31 -> 0
B32: Bières | C32: Magners 30lt Fût | G32: =IF(E32="","",IF(D32-E32>0,D32-E32,"")) | H32: EA | I32: 170.7 | J32: =E32*I32 -> 0
B33: Bières | C33: Cardinal Blonde Citernes lt | G33: =IF(E33="","",IF(D33-E33>0,D33-E33,"")) | H33: lt | I33: 3.77 | J33: =E33*I33 -> 0
B34: Bières | C34: Valaisanne Bière de Cave - Bière bouteille | G34: =IF(E34="","",IF(D34-E34>0,D34-E34,"")) | H34: EA | I34: 2.56 | J34: =E34*I34 -> 0
B35: Bières | C35: Valaisanne IPA - Bière bouteille | G35: =IF(E35="","",IF(D35-E35>0,D35-E35,"")) | H35: EA | I35: 3.08 | J35: =E35*I35 -> 0
B36: Bières | C36: Valaisanne Pale Ale - Bière bouteille | G36: =IF(E36="","",IF(D36-E36>0,D36-E36,"")) | H36: EA | I36: 2.56 | J36: =E36*I36 -> 0
B37: Bières | C37: Cardinal - Bière bouteille | G37: =IF(E37="","",IF(D37-E37>0,D37-E37,"")) | H37: EA | I37: 1.41 | J37: =E37*I37 -> 0
B38: Bières | C38: San Miguel - Bière bouteille | G38: =IF(E38="","",IF(D38-E38>0,D38-E38,"")) | H38: EA | I38: 1.73 | J38: =E38*I38 -> 0
B39: Bières | C39: Cardinal sans alcool - Bière bouteille | G39: =IF(E39="","",IF(D39-E39>0,D39-E39,"")) | H39: EA | I39: 1.46 | J39: =E39*I39 -> 0
B40: Bières | C40: Cidre 33cl "La Genevoise du Terroir" | G40: =IF(E40="","",IF(D40-E40>0,D40-E40,"")) | H40: EA | I40: 3.45 | J40: =E40*I40 -> 0
A41: Catégorie : Consignes | G41: =IF(E41="","",IF(D41-E41>0,D41-E41,"")) | I41: TOTAL : | J41: =SUM(J42:J49) -> 2060
B42: Consignes | C42: Bouteille / Aligal consignée | E42: =E24 -> 3 | G42: =IF(E42="","",IF(D42-E42>0,D42-E42,"")) | H42: EA | I42: 100 | J42: =E42*I42 -> 300
B43: Consignes | C43: Caisse 24bt vides consignées (Sodas) | G43: =IF(E43="","",IF(D43-E43>0,D43-E43,"")) | H43: EA | I43: 12.2 | J43: =E43*I43 -> 0
B44: Consignes | C44: Caisse 20bt vides consignées (Valser) | G44: =IF(E44="","",IF(D44-E44>0,D44-E44,"")) | H44: EA | I44: 11 | J44: =E44*I44 -> 0
B45: Consignes | C45: Caisse verres consignés (Bières) | G45: =IF(E45="","",IF(D45-E45>0,D45-E45,"")) | H45: EA | I45: 5 | J45: =E45*I45 -> 0
B46: Consignes | C46: Caisse BT 1,5L PET consignée | E46: 2 | G46: =IF(E46="","",IF(D46-E46>0,D46-E46,"")) | H46: EA | I46: 5 | J46: =E46*I46 -> 10
B47: Consignes | C47: Caisse 24bt vides consignées (Bières sans alcool) | G47: =IF(E47="","",IF(D47-E47>0,D47-E47,"")) | H47: EA | I47: 11 | J47: =E47*I47 -> 0
B48: Consignes | C48: Container / Fûts consignés | E48: =E26+E27 -> 35 | G48: =IF(E48="","",IF(D48-E48>0,D48-E48,"")) | H48: EA | I48: 50 | J48: =E48*I48 -> 1750
B49: Consignes | C49: Caisse de 20bt Brasserie de la pièce | G49: =IF(E49="","",IF(D49-E49>0,D49-E49,"")) | H49: EA | I49: 5 | J49: =E49*I49 -> 0
B50: Catégorie : Vins | G50: =IF(E50="","",IF(D50-E50>0,D50-E50,"")) | I50: TOTAL : | J50: =SUM(J52:J77) -> 0
B51: LA CAVE DE GENÉVE | G51: =IF(E51="","",IF(D51-E51>0,D51-E51,""))
B52: Vins | C52: Baccarat brut, Blanc chardonnay 75cl | G52: =IF(E52="","",IF(D52-E52>0,D52-E52,"")) | H52: EA | I52: 13 | J52: =E52*I52 -> 0
B53: Vins | C53: Baccarat rosé 75cl | G53: =IF(E53="","",IF(D53-E53>0,D53-E53,"")) | H53: EA | I53: 13 | J53: =E53*I53 -> 0
B54: Vins | C54: Baccarat Club 75cl | G54: =IF(E54="","",IF(D54-E54>0,D54-E54,"")) | H54: EA | I54: 8.9 | J54: =E54*I54 -> 0
B55: Vins | C55: Belles filles Chasselas AOC Geneve 2019 75cl | D55: 6 | G55: =IF(E55="","",IF(D55-E55>0,D55-E55,"")) | H55: EA | I55: 8.35 | J55: =E55*I55 -> 0
B56: Vins | C56: Belles filles Gamay AOC Geneve 2019 75cl | D56: 6 | G56: =IF(E56="","",IF(D56-E56>0,D56-E56,"")) | H56: EA | I56: 8.9 | J56: =E56*I56 -> 0
B57: Vins | C57: Belles Filles, Rosé de Gamay | D57: 6 | G57: =IF(E57="","",IF(D57-E57>0,D57-E57,"")) | H57: EA | I57: 8.7 | J57: =E57*I57 -> 0
B58: Vins | C58: Belles Filles, Pinot Noir | G58: =IF(E58="","",IF(D58-E58>0,D58-E58,"")) | H58: EA | I58: 12.15 | J58: =E58*I58 -> 0
B59: Vins | C59: Clémence, Chasselas Vieilles Vignes | G59: =IF(E59="","",IF(D59-E59>0,D59-E59,"")) | H59: EA | I59: 11.35 | J59: =E59*I59 -> 0
B60: Vins | C60: Clémence, Divicot | G60: =IF(E60="","",IF(D60-E60>0,D60-E60,"")) | H60: EA | I60: 14.65 | J60: =E60*I60 -> 0
B61: Vins | C61: Clémence, Chardonnay | G61: =IF(E61="","",IF(D61-E61>0,D61-E61,"")) | H61: EA | I61: 16.25 | J61: =E61*I61 -> 0
B62: Vins | C62: Clémence, Merlot | G62: =IF(E62="","",IF(D62-E62>0,D62-E62,"")) | H62: EA | I62: 17.9 | J62: =E62*I62 -> 0
B63: Vins | C63: Clémence, Gamaret 75cl | G63: =IF(E63="","",IF(D63-E63>0,D63-E63,"")) | H63: EA | I63: 15.95 | J63: =E63*I63 -> 0
B64: Vins | C64: Clémence, Sauvignon 75cl | G64: =IF(E64="","",IF(D64-E64>0,D64-E64,"")) | H64: EA | I64: 15.45 | J64: =E64*I64 -> 0
B65: LAURENT PERRIER | G65: =IF(E65="","",IF(D65-E65>0,D65-E65,""))
B66: Vins | C66: Champagne, Laurent Perrier Brut la Cuvée 75cl | G66: =IF(E66="","",IF(D66-E66>0,D66-E66,"")) | H66: EA | I66: 31.05 | J66: =E66*I66 -> 0
B67: Vins | C67: Champagne, Laurent Perrier Brut la Cuvée 150cl | G67: =IF(E67="","",IF(D67-E67>0,D67-E67,"")) | H67: EA | I67: 60.79 | J67: =E67*I67 -> 0
B68: Vins | C68: Champagne, Laurent Perrier Rosé 75cl | G68: =IF(E68="","",IF(D68-E68>0,D68-E68,"")) | H68: EA | I68: 56.55 | J68: =E68*I68 -> 0
B69: Vins | C69: Champagne, Laurent Perrier Rosé 150cl | G69: =IF(E69="","",IF(D69-E69>0,D69-E69,"")) | H69: EA | I69: 107.44 | J69: =E69*I69 -> 0
B70: Vins | C70: Champagne, Laurent Perrier Ultra Brut 75cl | G70: =IF(E70="","",IF(D70-E70>0,D70-E70,"")) | H70: EA | I70: 47.4 | J70: =E70*I70 -> 0
B71: Vins | C71: Champagne, Laurent Perrier Grand Siècle 75CL | G71: =IF(E71="","",IF(D71-E71>0,D71-E71,"")) | H71: EA | I71: 87.63 | J71: =E71*I71 -> 0
B72: Vins | C72: Champagne, Laurent Perrier Blanc de Blanc 75CL | G72: =IF(E72="","",IF(D72-E72>0,D72-E72,"")) | H72: EA | I72: 52.31 | J72: =E72*I72 -> 0
B73: AUTRES VINS | G73: =IF(E73="","",IF(D73-E73>0,D73-E73,""))
B74: Vins | C74: Domaine du Centaure - Aligoté | G74: =IF(E74="","",IF(D74-E74>0,D74-E74,"")) | H74: EA | I74: 10.8 | J74: =E74*I74 -> 0
B75: Vins | C75: Domaine du Centaure - Pinot noir | G75: =IF(E75="","",IF(D75-E75>0,D75-E75,"")) | H75: EA | I75: 11.2 | J75: =E75*I75 -> 0
B76: Vins | C76: Vin chaud 1lt | G76: =IF(E76="","",IF(D76-E76>0,D76-E76,"")) | H76: L | I76: 4.56 | J76: =E76*I76 -> 0
B77: Vins | C77: Vin chaud TRANSGOURMET 10lt | G77: =IF(E77="","",IF(D77-E77>0,D77-E77,"")) | H77: L | I77: 37.7 | J77: =E77*I77 -> 0
A78: Catégorie :Boissons avec alcool / Spiritueux | G78: =IF(E78="","",IF(D78-E78>0,D78-E78,"")) | I78: TOTAL : | J78: =SUM(J80:J121) -> 0
B79: WHISKY | G79: =IF(E79="","",IF(D79-E79>0,D79-E79,""))
B80: Boissons avec alcool / Spiritueux | C80: Johnnie Walker - Black Label 70cl | G80: =IF(E80="","",IF(D80-E80>0,D80-E80,"")) | H80: EA | I80: 32.95 | J80: =E80*I80 -> 0
B81: Boissons avec alcool / Spiritueux | C81: Chivas 70cl | G81: =IF(E81="","",IF(D81-E81>0,D81-E81,"")) | H81: EA | I81: 56.95 | J81: =E81*I81 -> 0
B82: Boissons avec alcool / Spiritueux | C82: William Lawson 70cl | G82: =IF(E82="","",IF(D82-E82>0,D82-E82,"")) | H82: EA | I82: 15.95 | J82: =E82*I82 -> 0
B83: Boissons avec alcool / Spiritueux | C83: Johnnie Walker - Red label 70cl | G83: =IF(E83="","",IF(D83-E83>0,D83-E83,"")) | H83: EA | I83: 19.95 | J83: =E83*I83 -> 0
B84: Boissons avec alcool / Spiritueux | C84: Talisker 70cl | G84: =IF(E84="","",IF(D84-E84>0,D84-E84,"")) | H84: EA | I84: 46.95 | J84: =E84*I84 -> 0
B85: Boissons avec alcool / Spiritueux | C85: Dewar's 70cl | G85: =IF(E85="","",IF(D85-E85>0,D85-E85,"")) | H85: EA | I85: 34.95 | J85: =E85*I85 -> 0
B86: Boissons avec alcool / Spiritueux | C86: Jack Daniel's Old n7 70cl | G86: =IF(E86="","",IF(D86-E86>0,D86-E86,"")) | H86: EA | I86: 24.95 | J86: =E86*I86 -> 0
B87: VODKA | G87: =IF(E87="","",IF(D87-E87>0,D87-E87,""))
B88: Boissons avec alcool / Spiritueux | C88: Absolut 70cl | G88: =IF(E88="","",IF(D88-E88>0,D88-E88,"")) | H88: EA | I88: 19.5 | J88: =E88*I88 -> 0
B89: Boissons avec alcool / Spiritueux | C89: Wyborowa 70cl | G89: =IF(E89="","",IF(D89-E89>0,D89-E89,"")) | H89: EA | I89: 16.95 | J89: =E89*I89 -> 0
B90: Boissons avec alcool / Spiritueux | C90: Smirnoff 70cl | G90: =IF(E90="","",IF(D90-E90>0,D90-E90,"")) | H90: EA | I90: 17.95 | J90: =E90*I90 -> 0
B91: Boissons avec alcool / Spiritueux | C91: Eristoff 70cl | G91: =IF(E91="","",IF(D91-E91>0,D91-E91,"")) | H91: EA | I91: 15.95 | J91: =E91*I91 -> 0
B92: Boissons avec alcool / Spiritueux | C92: 42 Below | G92: =IF(E92="","",IF(D92-E92>0,D92-E92,"")) | H92: EA | I92: 20.95 | J92: =E92*I92 -> 0
B93: Boissons avec alcool / Spiritueux | C93: Ketel One 70cl | G93: =IF(E93="","",IF(D93-E93>0,D93-E93,"")) | H93: EA | I93: 26.95 | J93: =E93*I93 -> 0
B94: Boissons avec alcool / Spiritueux | C94: Grey Goose 70cl | G94: =IF(E94="","",IF(D94-E94>0,D94-E94,"")) | H94: EA | I94: 26.95 | J94: =E94*I94 -> 0
B95: GIN | G95: =IF(E95="","",IF(D95-E95>0,D95-E95,""))
B96: Boissons avec alcool / Spiritueux | C96: Beefeater 70cl | G96: =IF(E96="","",IF(D96-E96>0,D96-E96,"")) | H96: EA | I96: 20.95 | J96: =E96*I96 -> 0
B97: Boissons avec alcool / Spiritueux | C97: Bombay Sapphire 70cl | G97: =IF(E97="","",IF(D97-E97>0,D97-E97,"")) | H97: EA | I97: 23.95 | J97: =E97*I97 -> 0
B98: Boissons avec alcool / Spiritueux | C98: Tanqueray 70cl | G98: =IF(E98="","",IF(D98-E98>0,D98-E98,"")) | H98: EA | I98: 22.5 | J98: =E98*I98 -> 0
B99: Boissons avec alcool / Spiritueux | C99: Tanqueray cassis 70cl | G99: =IF(E99="","",IF(D99-E99>0,D99-E99,"")) | H99: EA | I99: 29.95 | J99: =E99*I99 -> 0
B100: RHUM | G100: =IF(E100="","",IF(D100-E100>0,D100-E100,""))
B101: Boissons avec alcool / Spiritueux | C101: Bacardi blanc 70cl | G101: =IF(E101="","",IF(D101-E101>0,D101-E101,"")) | H101: EA | I101: 17.95 | J101: =E101*I101 -> 0
B102: Boissons avec alcool / Spiritueux | C102: Havana Club Añejo 3 anos 70cl | G102: =IF(E102="","",IF(D102-E102>0,D102-E102,"")) | H102: EA | I102: 20.95 | J102: =E102*I102 -> 0
...

Sheet Est 2
B1: TOTAL PRODUIT CONSOLIDE
B4: Catégories | C4: Valeur d'inventaire
B5: Bières | C5: =J23 -> 2779.7
B6: Consignes | C6: =J4 -> 0
B7: Vins | C7: =J50 -> 410.35
B8: Boissons avec alcool / Spiritueux | C8: =J78 -> 0
B9: Boissons sans alcool | C9: =J122 -> 2914.06
B10: Caféterie | C10: =J176 -> 0
B11: Negoce | C11: =J187 -> 0
B12: Boulangerie | C12: =J193 -> 0
B13: Sauce & Condiments | C13: =J195 -> 377.69
B14: Surgelés | C14: =J208 -> 2004.4
B15: Viandes | C15: =J214 -> 0
B16: Graisse & Huile | C16: =J222 -> 0
B17: Mono-usages | C17: =J224 -> 285.93
B18: Produit de nettoyage | C18: =J245 -> 294.92
B19: Divers | C19: =J257 -> 0
B20: TOTAL | C20: =C5+C6+C7+C8+C9+C10+C11+C12+C13+C14+C15+C16+C17+C18+C19 -> 9067.05
A21: INVENTAIRES STADE
B22: Catégorie | C22: Article d'inventaire | D22: MIN. REQUIS | E22: STOCKS FIN DE SERVICE | F22: QUANTITE A REMETTRE | G22: MANQUE / RUPTURE | H22: UNITE | I22: PRIX | J22: VALEUR
A23: Catégorie :Bières | E23: A REMPLIR ↓ | I23: TOTAL : | J23: =SUM(J24:J40) -> 2779.7
B24: Bières | C24: Aligal 2 7kg | D24: 2 | E24: 4 | G24: =IF(E24="","",IF(D24-E24>0,D24-E24,"")) | H24: EA | I24: 55.95 | J24: =E24*I24 -> 223.8
B25: Bières | C25: Brooklyn EIPA 30lt Fût | G25: =IF(E25="","",IF(D25-E25>0,D25-E25,"")) | H25: EA | I25: 173.1 | J25: =E25*I25 -> 0
B26: Bières | C26: Cardinal Blonde 20lt Fût | D26: 20 | E26: 8 | G26: =IF(E26="","",IF(D26-E26>0,D26-E26,"")) -> 12 | H26: EA | I26: 75.4 | J26: =E26*I26 -> 603.2
B27: Bières | C27: Servettienne 20lt Fût | D27: 20 | E27: 23 | G27: =IF(E27="","",IF(D27-E27>0,D27-E27,"")) | H27: EA | I27: 84.9 | J27: =E27*I27 -> 1952.7
B28: Bières | C28: Bonde la piece bouteille | G28: =IF(E28="","",IF(D28-E28>0,D28-E28,"")) | H28: EA | I28: 2.96 | J28: =E28*I28 -> 0
B29: Bières | C29: Blanche la piece bouteille | G29: =IF(E29="","",IF(D29-E29>0,D29-E29,"")) | H29: EA | I29: 2.96 | J29: =E29*I29 -> 0
B30: Bières | C30: IPA la piece bouteille | G30: =IF(E30="","",IF(D30-E30>0,D30-E30,"")) | H30: EA | I30: 2.96 | J30: =E30*I30 -> 0
B31: Bières | C31: Grimbergen blanche 20lt Fût | G31: =IF(E31="","",IF(D31-E31>0,D31-E31,"")) | H31: EA | I31: 107.2 | J31: =E31*I31 -> 0
B32: Bières | C32: Magners 30lt Fût | G32: =IF(E32="","",IF(D32-E32>0,D32-E32,"")) | H32: EA | I32: 170.7 | J32: =E32*I32 -> 0
B33: Bières | C33: Cardinal Blonde Citernes lt | G33: =IF(E33="","",IF(D33-E33>0,D33-E33,"")) | H33: lt | I33: 3.77 | J33: =E33*I33 -> 0
B34: Bières | C34: Valaisanne Bière de Cave - Bière bouteille | G34: =IF(E34="","",IF(D34-E34>0,D34-E34,"")) | H34: EA | I34: 2.56 | J34: =E34*I34 -> 0
B35: Bières | C35: Valaisanne IPA - Bière bouteille | G35: =IF(E35="","",IF(D35-E35>0,D35-E35,"")) | H35: EA | I35: 3.08 | J35: =E35*I35 -> 0
B36: Bières | C36: Valaisanne Pale Ale - Bière bouteille | G36: =IF(E36="","",IF(D36-E36>0,D36-E36,"")) | H36: EA | I36: 2.56 | J36: =E36*I36 -> 0
B37: Bières | C37: Cardinal - Bière bouteille | G37: =IF(E37="","",IF(D37-E37>0,D37-E37,"")) | H37: EA | I37: 1.41 | J37: =E37*I37 -> 0
B38: Bières | C38: San Miguel - Bière bouteille | G38: =IF(E38="","",IF(D38-E38>0,D38-E38,"")) | H38: EA | I38: 1.73 | J38: =E38*I38 -> 0
B39: Bières | C39: Cardinal sans alcool - Bière bouteille | G39: =IF(E39="","",IF(D39-E39>0,D39-E39,"")) | H39: EA | I39: 1.46 | J39: =E39*I39 -> 0
B40: Bières | C40: Cidre 33cl "La Genevoise du Terroir" | G40: =IF(E40="","",IF(D40-E40>0,D40-E40,"")) | H40: EA | I40: 3.45 | J40: =E40*I40 -> 0
A41: Catégorie : Consignes | G41: =IF(E41="","",IF(D41-E41>0,D41-E41,"")) | I41: TOTAL : | J41: =SUM(J42:J49) -> 1950
B42: Consignes | C42: Bouteille / Aligal consignée | E42: =E24 -> 4 | G42: =IF(E42="","",IF(D42-E42>0,D42-E42,"")) | H42: EA | I42: 100 | J42: =E42*I42 -> 400
B43: Consignes | C43: Caisse 24bt vides consignées (Sodas) | G43: =IF(E43="","",IF(D43-E43>0,D43-E43,"")) | H43: EA | I43: 12.2 | J43: =E43*I43 -> 0
B44: Consignes | C44: Caisse 20bt vides consignées (Valser) | G44: =IF(E44="","",IF(D44-E44>0,D44-E44,"")) | H44: EA | I44: 11 | J44: =E44*I44 -> 0
B45: Consignes | C45: Caisse verres consignés (Bières) | G45: =IF(E45="","",IF(D45-E45>0,D45-E45,"")) | H45: EA | I45: 5 | J45: =E45*I45 -> 0
B46: Consignes | C46: Caisse BT 1,5L PET consignée | G46: =IF(E46="","",IF(D46-E46>0,D46-E46,"")) | H46: EA | I46: 5 | J46: =E46*I46 -> 0
B47: Consignes | C47: Caisse 24bt vides consignées (Bières sans alcool) | G47: =IF(E47="","",IF(D47-E47>0,D47-E47,"")) | H47: EA | I47: 11 | J47: =E47*I47 -> 0
B48: Consignes | C48: Container / Fûts consignés | E48: =E27+E26 -> 31 | G48: =IF(E48="","",IF(D48-E48>0,D48-E48,"")) | H48: EA | I48: 50 | J48: =E48*I48 -> 1550
B49: Consignes | C49: Caisse de 20bt Brasserie de la pièce | G49: =IF(E49="","",IF(D49-E49>0,D49-E49,"")) | H49: EA | I49: 5 | J49: =E49*I49 -> 0
B50: Catégorie : Vins | G50: =IF(E50="","",IF(D50-E50>0,D50-E50,"")) | I50: TOTAL : | J50: =SUM(J52:J77) -> 410.35
B51: LA CAVE DE GENÉVE | G51: =IF(E51="","",IF(D51-E51>0,D51-E51,""))
B52: Vins | C52: Baccarat brut, Blanc chardonnay 75cl | G52: =IF(E52="","",IF(D52-E52>0,D52-E52,"")) | H52: EA | I52: 13 | J52: =E52*I52 -> 0
B53: Vins | C53: Baccarat rosé 75cl | G53: =IF(E53="","",IF(D53-E53>0,D53-E53,"")) | H53: EA | I53: 13 | J53: =E53*I53 -> 0
B54: Vins | C54: Baccarat Club 75cl | G54: =IF(E54="","",IF(D54-E54>0,D54-E54,"")) | H54: EA | I54: 8.9 | J54: =E54*I54 -> 0
B55: Vins | C55: Belles filles Chasselas AOC Geneve 2019 75cl | D55: 6 | E55: 13 | G55: =IF(E55="","",IF(D55-E55>0,D55-E55,"")) | H55: EA | I55: 8.35 | J55: =E55*I55 -> 108.55
B56: Vins | C56: Belles filles Gamay AOC Geneve 2019 75cl | D56: 6 | E56: 30 | G56: =IF(E56="","",IF(D56-E56>0,D56-E56,"")) | H56: EA | I56: 8.9 | J56: =E56*I56 -> 267
B57: Vins | C57: Belles Filles, Rosé de Gamay | D57: 6 | E57: 4 | G57: =IF(E57="","",IF(D57-E57>0,D57-E57,"")) -> 2 | H57: EA | I57: 8.7 | J57: =E57*I57 -> 34.8
B58: Vins | C58: Belles Filles, Pinot Noir | G58: =IF(E58="","",IF(D58-E58>0,D58-E58,"")) | H58: EA | I58: 12.15 | J58: =E58*I58 -> 0
B59: Vins | C59: Clémence, Chasselas Vieilles Vignes | G59: =IF(E59="","",IF(D59-E59>0,D59-E59,"")) | H59: EA | I59: 11.35 | J59: =E59*I59 -> 0
B60: Vins | C60: Clémence, Divicot | G60: =IF(E60="","",IF(D60-E60>0,D60-E60,"")) | H60: EA | I60: 14.65 | J60: =E60*I60 -> 0
B61: Vins | C61: Clémence, Chardonnay | G61: =IF(E61="","",IF(D61-E61>0,D61-E61,"")) | H61: EA | I61: 16.25 | J61: =E61*I61 -> 0
B62: Vins | C62: Clémence, Merlot | G62: =IF(E62="","",IF(D62-E62>0,D62-E62,"")) | H62: EA | I62: 17.9 | J62: =E62*I62 -> 0
B63: Vins | C63: Clémence, Gamaret 75cl | G63: =IF(E63="","",IF(D63-E63>0,D63-E63,"")) | H63: EA | I63: 15.95 | J63: =E63*I63 -> 0
B64: Vins | C64: Clémence, Sauvignon 75cl | G64: =IF(E64="","",IF(D64-E64>0,D64-E64,"")) | H64: EA | I64: 15.45 | J64: =E64*I64 -> 0
B65: LAURENT PERRIER | G65: =IF(E65="","",IF(D65-E65>0,D65-E65,""))
B66: Vins | C66: Champagne, Laurent Perrier Brut la Cuvée 75cl | G66: =IF(E66="","",IF(D66-E66>0,D66-E66,"")) | H66: EA | I66: 31.05 | J66: =E66*I66 -> 0
B67: Vins | C67: Champagne, Laurent Perrier Brut la Cuvée 150cl | G67: =IF(E67="","",IF(D67-E67>0,D67-E67,"")) | H67: EA | I67: 60.79 | J67: =E67*I67 -> 0
B68: Vins | C68: Champagne, Laurent Perrier Rosé 75cl | G68: =IF(E68="","",IF(D68-E68>0,D68-E68,"")) | H68: EA | I68: 56.55 | J68: =E68*I68 -> 0
B69: Vins | C69: Champagne, Laurent Perrier Rosé 150cl | G69: =IF(E69="","",IF(D69-E69>0,D69-E69,"")) | H69: EA | I69: 107.44 | J69: =E69*I69 -> 0
B70: Vins | C70: Champagne, Laurent Perrier Ultra Brut 75cl | G70: =IF(E70="","",IF(D70-E70>0,D70-E70,"")) | H70: EA | I70: 47.4 | J70: =E70*I70 -> 0
B71: Vins | C71: Champagne, Laurent Perrier Grand Siècle 75CL | G71: =IF(E71="","",IF(D71-E71>0,D71-E71,"")) | H71: EA | I71: 87.63 | J71: =E71*I71 -> 0
B72: Vins | C72: Champagne, Laurent Perrier Blanc de Blanc 75CL | G72: =IF(E72="","",IF(D72-E72>0,D72-E72,"")) | H72: EA | I72: 52.31 | J72: =E72*I72 -> 0
B73: AUTRES VINS | G73: =IF(E73="","",IF(D73-E73>0,D73-E73,""))
B74: Vins | C74: Domaine du Centaure - Aligoté | G74: =IF(E74="","",IF(D74-E74>0,D74-E74,"")) | H74: EA | I74: 10.8 | J74: =E74*I74 -> 0
B75: Vins | C75: Domaine du Centaure - Pinot noir | G75: =IF(E75="","",IF(D75-E75>0,D75-E75,"")) | H75: EA | I75: 11.2 | J75: =E75*I75 -> 0
B76: Vins | C76: Vin chaud 1lt | G76: =IF(E76="","",IF(D76-E76>0,D76-E76,"")) | H76: L | I76: 4.56 | J76: =E76*I76 -> 0
B77: Vins | C77: Vin chaud TRANSGOURMET 10lt | G77: =IF(E77="","",IF(D77-E77>0,D77-E77,"")) | H77: L | I77: 37.7 | J77: =E77*I77 -> 0
A78: Catégorie :Boissons avec alcool / Spiritueux | G78: =IF(E78="","",IF(D78-E78>0,D78-E78,"")) | I78: TOTAL : | J78: =SUM(J80:J121) -> 0
B79: WHISKY | G79: =IF(E79="","",IF(D79-E79>0,D79-E79,""))
B80: Boissons avec alcool / Spiritueux | C80: Johnnie Walker - Black Label 70cl | G80: =IF(E80="","",IF(D80-E80>0,D80-E80,"")) | H80: EA | I80: 32.95 | J80: =E80*I80 -> 0
B81: Boissons avec alcool / Spiritueux | C81: Chivas 70cl | G81: =IF(E81="","",IF(D81-E81>0,D81-E81,"")) | H81: EA | I81: 56.95 | J81: =E81*I81 -> 0
B82: Boissons avec alcool / Spiritueux | C82: William Lawson 70cl | G82: =IF(E82="","",IF(D82-E82>0,D82-E82,"")) | H82: EA | I82: 15.95 | J82: =E82*I82 -> 0
B83: Boissons avec alcool / Spiritueux | C83: Johnnie Walker - Red label 70cl | G83: =IF(E83="","",IF(D83-E83>0,D83-E83,"")) | H83: EA | I83: 19.95 | J83: =E83*I83 -> 0
B84: Boissons avec alcool / Spiritueux | C84: Talisker 70cl | G84: =IF(E84="","",IF(D84-E84>0,D84-E84,"")) | H84: EA | I84: 46.95 | J84: =E84*I84 -> 0
B85: Boissons avec alcool / Spiritueux | C85: Dewar's 70cl | G85: =IF(E85="","",IF(D85-E85>0,D85-E85,"")) | H85: EA | I85: 34.95 | J85: =E85*I85 -> 0
B86: Boissons avec alcool / Spiritueux | C86: Jack Daniel's Old n7 70cl | G86: =IF(E86="","",IF(D86-E86>0,D86-E86,"")) | H86: EA | I86: 24.95 | J86: =E86*I86 -> 0
B87: VODKA | G87: =IF(E87="","",IF(D87-E87>0,D87-E87,""))
B88: Boissons avec alcool / Spiritueux | C88: Absolut 70cl | G88: =IF(E88="","",IF(D88-E88>0,D88-E88,"")) | H88: EA | I88: 19.5 | J88: =E88*I88 -> 0
B89: Boissons avec alcool / Spiritueux | C89: Wyborowa 70cl | G89: =IF(E89="","",IF(D89-E89>0,D89-E89,"")) | H89: EA | I89: 16.95 | J89: =E89*I89 -> 0
B90: Boissons avec alcool / Spiritueux | C90: Smirnoff 70cl | G90: =IF(E90="","",IF(D90-E90>0,D90-E90,"")) | H90: EA | I90: 17.95 | J90: =E90*I90 -> 0
