Workbook
Name Début: 'COMMANDE GD-PUBLIC SFC'!#REF!
Name Début: 'COMMANDE GD-PUBLIC SFC'!#REF!
Name Début: 'COMMANDE GD-PUBLIC GSHC'!#REF!
Name Fin: 'COMMANDE GD-PUBLIC SFC'!#REF!
Name Fin: 'COMMANDE GD-PUBLIC SFC'!#REF!
Name Fin: 'COMMANDE GD-PUBLIC GSHC'!#REF!
Name HeureDécimR: '[1]Commande extra vierge'!$T$4:$T$154
Name HeureEstim2: 'COMMANDE GD-PUBLIC SFC'!$O$6:$O$159
Name HeureEstim2: 'COMMANDE GD-PUBLIC SFC'!$O$6:$O$159
Name HeureEstim2: 'COMMANDE GD-PUBLIC GSHC'!$O$6:$O$71
Name matin: 'COMMANDE GD-PUBLIC SFC'!#REF!
Name matin: 'COMMANDE GD-PUBLIC SFC'!#REF!
Name matin: 'COMMANDE GD-PUBLIC GSHC'!#REF!
Name nuit: 'COMMANDE GD-PUBLIC SFC'!#REF!
Name nuit: 'COMMANDE GD-PUBLIC SFC'!#REF!
Name nuit: 'COMMANDE GD-PUBLIC GSHC'!#REF!
Name Pause: 'COMMANDE GD-PUBLIC SFC'!#REF!
Name Pause: 'COMMANDE GD-PUBLIC SFC'!#REF!
Name Pause: 'COMMANDE GD-PUBLIC GSHC'!#REF!
Name S: '[2]COMMANDE GD-PUBLIC'!#REF!
Name S: '[2]COMMANDE GD-PUBLIC'!#REF!
Name S: '[3]COMMANDE GD-PUBLIC'!#REF!
Name Tarifs: 'COMMANDE GD-PUBLIC SFC'!$Q$6:$Q$159
Name Tarifs: 'COMMANDE GD-PUBLIC SFC'!$Q$6:$Q$159
Name Tarifs: 'COMMANDE GD-PUBLIC GSHC'!$Q$6:$Q$71
Name Tarifs2: '[1]Commande extra vierge'!$U$4:$U$154
Name Total: 'COMMANDE GD-PUBLIC SFC'!#REF!
Name Total: 'COMMANDE GD-PUBLIC SFC'!#REF!
Name Total: 'COMMANDE GD-PUBLIC GSHC'!#REF!
Name TotalCHF: 'COMMANDE GD-PUBLIC SFC'!#REF!
Name TotalCHF: 'COMMANDE GD-PUBLIC SFC'!#REF!
Name TotalCHF: 'COMMANDE GD-PUBLIC GSHC'!#REF!
Name TotalRéelCHF: '[1]Commande extra vierge'!$V$4:$V$154

Sheet COMMANDE GD-PUBLIC GSHC
I1: OUVERT | J1: MATCH
A2: MATCH GSHC X | C2: SCL TIGERS | D2: 45974 | I2: 0.76041667 | J2: 0.82291667 | S2: COLONNE MASQUÉE
A3: PARTIE PRIME | D3: PARTIE HOTELIS | I3: HORAIRES INFOS | U3: A | V3: B | W3: E | X3: F | Y3: G
A4: LIEU | B4: NBR | C4: POSTE | D4: NOM ET PRÉNOM | E4: N° CONTRAT | F4: EMAIL CANDIDATS | G4: N° TÉL | H4: SALAIRE HORAIRE | I4: DÉBUT | J4: FIN ESTIMÉE | K4: COLONNE MASQUÉE | L4: PAUSE | M4: TOTAL COLONNE MASQUÉE | N4: COLONNE MASQUÉE Nbr heure avant 6h après 23h | O4: TOTAL DÉCIMAL | P4: TOTAL HEURE NORMAL DÉCIMAL | Q4: TOTAL HEURE SUPPL. DÉCIMAL | S4: 0.25 | T4: 0.95833333 | U4: -0.95833333 | V4: -0.70833333 | W4: 0.00069444444 | X4: 0.040972222 | Y4: 8600
A5: BEV 1 | I5: 0.72916667 | J5: 0.9375 | K5: =J5+$Y$4 -> 8600.9375 | L5: 0 | M5: =IF($I5="","",IF($J5<$I5,($J5+86400)-$I5-$L5,$J5-$I5-$L5)) -> 0.20833333 | N5: =IF(J5="","",IF(AND($U$4<=(J5-$T$4),(J5-$T$4)<=$V$4),(K5-$T$4),"00:00")+IF(AND($W$4<=(J5-$T$4),(J5-$T$4)<=$X$4),(J5-$T$4),"00:00")+IF(($S$4-I5)<0,"00:00",($S$4-I5))) -> 0 | O5: =IF($C5="","",(HOUR($M5)*60+MINUTE($M5))/60) | P5: =IF(O5="","",O5-Q5) | Q5: =IF($C5="","",(HOUR($N5)*60+MINUTE($N5))/60)
I6: 0.75 | J6: 0.89583333 | K6: =J6+$Y$4 -> 8600.8958 | L6: 0 | M6: =IF($I6="","",IF($J6<$I6,($J6+86400)-$I6-$L6,$J6-$I6-$L6)) -> 0.14583333 | N6: =IF(J6="","",IF(AND($U$4<=(J6-$T$4),(J6-$T$4)<=$V$4),(K6-$T$4),"00:00")+IF(AND($W$4<=(J6-$T$4),(J6-$T$4)<=$X$4),(J6-$T$4),"00:00")+IF(($S$4-I6)<0,"00:00",($S$4-I6))) -> 0 | O6: =IF($C6="","",(HOUR($M6)*60+MINUTE($M6))/60) | P6: =IF(O6="","",O6-Q6) | Q6: =IF($C6="","",(HOUR($N6)*60+MINUTE($N6))/60)
I7: 0.77083333 | J7: 0.89583333 | K7: =J7+$Y$4 -> 8600.8958 | L7: 0 | M7: =IF($I7="","",IF($J7<$I7,($J7+86400)-$I7-$L7,$J7-$I7-$L7)) -> 0.125 | N7: =IF(J7="","",IF(AND($U$4<=(J7-$T$4),(J7-$T$4)<=$V$4),(K7-$T$4),"00:00")+IF(AND($W$4<=(J7-$T$4),(J7-$T$4)<=$X$4),(J7-$T$4),"00:00")+IF(($S$4-I7)<0,"00:00",($S$4-I7))) -> 0 | O7: =IF($C7="","",(HOUR($M7)*60+MINUTE($M7))/60) | P7: =IF(O7="","",O7-Q7) | Q7: =IF($C7="","",(HOUR($N7)*60+MINUTE($N7))/60)
I8: 0.79166667 | J8: 0.9375 | K8: =J8+$Y$4 -> 8600.9375 | L8: 0 | M8: =IF($I8="","",IF($J8<$I8,($J8+86400)-$I8-$L8,$J8-$I8-$L8)) -> 0.14583333 | N8: =IF(J8="","",IF(AND($U$4<=(J8-$T$4),(J8-$T$4)<=$V$4),(K8-$T$4),"00:00")+IF(AND($W$4<=(J8-$T$4),(J8-$T$4)<=$X$4),(J8-$T$4),"00:00")+IF(($S$4-I8)<0,"00:00",($S$4-I8))) -> 0 | O8: =IF($C8="","",(HOUR($M8)*60+MINUTE($M8))/60) | P8: =IF(O8="","",O8-Q8) | Q8: =IF($C8="","",(HOUR($N8)*60+MINUTE($N8))/60)
K9: =J9+$Y$4 -> 8600 | L9: 0 | M9: =IF($I9="","",IF($J9<$I9,($J9+86400)-$I9-$L9,$J9-$I9-$L9)) | N9: =IF(J9="","",IF(AND($U$4<=(J9-$T$4),(J9-$T$4)<=$V$4),(K9-$T$4),"00:00")+IF(AND($W$4<=(J9-$T$4),(J9-$T$4)<=$X$4),(J9-$T$4),"00:00")+IF(($S$4-I9)<0,"00:00",($S$4-I9))) | O9: =IF($C9="","",(HOUR($M9)*60+MINUTE($M9))/60) | P9: =IF(O9="","",O9-Q9) | Q9: =IF($C9="","",(HOUR($N9)*60+MINUTE($N9))/60)
K10: =J10+$Y$4 -> 8600 | L10: 0 | M10: =IF($I10="","",IF($J10<$I10,($J10+86400)-$I10-$L10,$J10-$I10-$L10)) | N10: =IF(J10="","",IF(AND($U$4<=(J10-$T$4),(J10-$T$4)<=$V$4),(K10-$T$4),"00:00")+IF(AND($W$4<=(J10-$T$4),(J10-$T$4)<=$X$4),(J10-$T$4),"00:00")+IF(($S$4-I10)<0,"00:00",($S$4-I10))) | O10: =IF($C10="","",(HOUR($M10)*60+MINUTE($M10))/60) | P10: =IF(O10="","",O10-Q10) | Q10: =IF($C10="","",(HOUR($N10)*60+MINUTE($N10))/60)
A11: BEV 2 | I11: 0.72916667 | J11: 0.9375 | K11: =J11+$Y$4 -> 8600.9375 | L11: 0 | M11: =IF($I11="","",IF($J11<$I11,($J11+86400)-$I11-$L11,$J11-$I11-$L11)) -> 0.20833333 | N11: =IF(J11="","",IF(AND($U$4<=(J11-$T$4),(J11-$T$4)<=$V$4),(K11-$T$4),"00:00")+IF(AND($W$4<=(J11-$T$4),(J11-$T$4)<=$X$4),(J11-$T$4),"00:00")+IF(($S$4-I11)<0,"00:00",($S$4-I11))) -> 0 | O11: =IF($C11="","",(HOUR($M11)*60+MINUTE($M11))/60) | P11: =IF(O11="","",O11-Q11) | Q11: =IF($C11="","",(HOUR($N11)*60+MINUTE($N11))/60)
I12: 0.75 | J12: 0.89583333 | K12: =J12+$Y$4 -> 8600.8958 | L12: 0 | M12: =IF($I12="","",IF($J12<$I12,($J12+86400)-$I12-$L12,$J12-$I12-$L12)) -> 0.14583333 | N12: =IF(J12="","",IF(AND($U$4<=(J12-$T$4),(J12-$T$4)<=$V$4),(K12-$T$4),"00:00")+IF(AND($W$4<=(J12-$T$4),(J12-$T$4)<=$X$4),(J12-$T$4),"00:00")+IF(($S$4-I12)<0,"00:00",($S$4-I12))) -> 0 | O12: =IF($C12="","",(HOUR($M12)*60+MINUTE($M12))/60) | P12: =IF(O12="","",O12-Q12) | Q12: =IF($C12="","",(HOUR($N12)*60+MINUTE($N12))/60)
I13: 0.77083333 | J13: 0.89583333 | K13: =J13+$Y$4 -> 8600.8958 | L13: 0 | M13: =IF($I13="","",IF($J13<$I13,($J13+86400)-$I13-$L13,$J13-$I13-$L13)) -> 0.125 | N13: =IF(J13="","",IF(AND($U$4<=(J13-$T$4),(J13-$T$4)<=$V$4),(K13-$T$4),"00:00")+IF(AND($W$4<=(J13-$T$4),(J13-$T$4)<=$X$4),(J13-$T$4),"00:00")+IF(($S$4-I13)<0,"00:00",($S$4-I13))) -> 0 | O13: =IF($C13="","",(HOUR($M13)*60+MINUTE($M13))/60) | P13: =IF(O13="","",O13-Q13) | Q13: =IF($C13="","",(HOUR($N13)*60+MINUTE($N13))/60)
I14: 0.79166667 | J14: 0.9375 | K14: =J14+$Y$4 -> 8600.9375 | L14: 0 | M14: =IF($I14="","",IF($J14<$I14,($J14+86400)-$I14-$L14,$J14-$I14-$L14)) -> 0.14583333 | N14: =IF(J14="","",IF(AND($U$4<=(J14-$T$4),(J14-$T$4)<=$V$4),(K14-$T$4),"00:00")+IF(AND($W$4<=(J14-$T$4),(J14-$T$4)<=$X$4),(J14-$T$4),"00:00")+IF(($S$4-I14)<0,"00:00",($S$4-I14))) -> 0 | O14: =IF($C14="","",(HOUR($M14)*60+MINUTE($M14))/60) | P14: =IF(O14="","",O14-Q14) | Q14: =IF($C14="","",(HOUR($N14)*60+MINUTE($N14))/60)
K15: =J15+$Y$4 -> 8600 | L15: 0 | M15: =IF($I15="","",IF($J15<$I15,($J15+86400)-$I15-$L15,$J15-$I15-$L15)) | N15: =IF(J15="","",IF(AND($U$4<=(J15-$T$4),(J15-$T$4)<=$V$4),(K15-$T$4),"00:00")+IF(AND($W$4<=(J15-$T$4),(J15-$T$4)<=$X$4),(J15-$T$4),"00:00")+IF(($S$4-I15)<0,"00:00",($S$4-I15))) | O15: =IF($C15="","",(HOUR($M15)*60+MINUTE($M15))/60) | P15: =IF(O15="","",O15-Q15) | Q15: =IF($C15="","",(HOUR($N15)*60+MINUTE($N15))/60)
K16: =J16+$Y$4 -> 8600 | L16: 0 | M16: =IF($I16="","",IF($J16<$I16,($J16+86400)-$I16-$L16,$J16-$I16-$L16)) | N16: =IF(J16="","",IF(AND($U$4<=(J16-$T$4),(J16-$T$4)<=$V$4),(K16-$T$4),"00:00")+IF(AND($W$4<=(J16-$T$4),(J16-$T$4)<=$X$4),(J16-$T$4),"00:00")+IF(($S$4-I16)<0,"00:00",($S$4-I16))) | O16: =IF($C16="","",(HOUR($M16)*60+MINUTE($M16))/60) | P16: =IF(O16="","",O16-Q16) | Q16: =IF($C16="","",(HOUR($N16)*60+MINUTE($N16))/60)
A17: BEV 3 | I17: 0.72916667 | J17: 0.9375 | K17: =J17+$Y$4 -> 8600.9375 | L17: 0 | M17: =IF($I17="","",IF($J17<$I17,($J17+86400)-$I17-$L17,$J17-$I17-$L17)) -> 0.20833333 | N17: =IF(J17="","",IF(AND($U$4<=(J17-$T$4),(J17-$T$4)<=$V$4),(K17-$T$4),"00:00")+IF(AND($W$4<=(J17-$T$4),(J17-$T$4)<=$X$4),(J17-$T$4),"00:00")+IF(($S$4-I17)<0,"00:00",($S$4-I17))) -> 0 | O17: =IF($C17="","",(HOUR($M17)*60+MINUTE($M17))/60) | P17: =IF(O17="","",O17-Q17) | Q17: =IF($C17="","",(HOUR($N17)*60+MINUTE($N17))/60)
I18: 0.75 | J18: 0.89583333 | K18: =J18+$Y$4 -> 8600.8958 | L18: 0 | M18: =IF($I18="","",IF($J18<$I18,($J18+86400)-$I18-$L18,$J18-$I18-$L18)) -> 0.14583333 | N18: =IF(J18="","",IF(AND($U$4<=(J18-$T$4),(J18-$T$4)<=$V$4),(K18-$T$4),"00:00")+IF(AND($W$4<=(J18-$T$4),(J18-$T$4)<=$X$4),(J18-$T$4),"00:00")+IF(($S$4-I18)<0,"00:00",($S$4-I18))) -> 0 | O18: =IF($C18="","",(HOUR($M18)*60+MINUTE($M18))/60) | P18: =IF(O18="","",O18-Q18) | Q18: =IF($C18="","",(HOUR($N18)*60+MINUTE($N18))/60)
I19: 0.77083333 | J19: 0.89583333 | K19: =J19+$Y$4 -> 8600.8958 | L19: 0 | M19: =IF($I19="","",IF($J19<$I19,($J19+86400)-$I19-$L19,$J19-$I19-$L19)) -> 0.125 | N19: =IF(J19="","",IF(AND($U$4<=(J19-$T$4),(J19-$T$4)<=$V$4),(K19-$T$4),"00:00")+IF(AND($W$4<=(J19-$T$4),(J19-$T$4)<=$X$4),(J19-$T$4),"00:00")+IF(($S$4-I19)<0,"00:00",($S$4-I19))) -> 0 | O19: =IF($C19="","",(HOUR($M19)*60+MINUTE($M19))/60) | P19: =IF(O19="","",O19-Q19) | Q19: =IF($C19="","",(HOUR($N19)*60+MINUTE($N19))/60)
I20: 0.79166667 | J20: 0.9375 | K20: =J20+$Y$4 -> 8600.9375 | L20: 0 | M20: =IF($I20="","",IF($J20<$I20,($J20+86400)-$I20-$L20,$J20-$I20-$L20)) -> 0.14583333 | N20: =IF(J20="","",IF(AND($U$4<=(J20-$T$4),(J20-$T$4)<=$V$4),(K20-$T$4),"00:00")+IF(AND($W$4<=(J20-$T$4),(J20-$T$4)<=$X$4),(J20-$T$4),"00:00")+IF(($S$4-I20)<0,"00:00",($S$4-I20))) -> 0 | O20: =IF($C20="","",(HOUR($M20)*60+MINUTE($M20))/60) | P20: =IF(O20="","",O20-Q20) | Q20: =IF($C20="","",(HOUR($N20)*60+MINUTE($N20))/60)
K21: =J21+$Y$4 -> 8600 | L21: 0 | M21: =IF($I21="","",IF($J21<$I21,($J21+86400)-$I21-$L21,$J21-$I21-$L21)) | N21: =IF(J21="","",IF(AND($U$4<=(J21-$T$4),(J21-$T$4)<=$V$4),(K21-$T$4),"00:00")+IF(AND($W$4<=(J21-$T$4),(J21-$T$4)<=$X$4),(J21-$T$4),"00:00")+IF(($S$4-I21)<0,"00:00",($S$4-I21))) | O21: =IF($C21="","",(HOUR($M21)*60+MINUTE($M21))/60) | P21: =IF(O21="","",O21-Q21) | Q21: =IF($C21="","",(HOUR($N21)*60+MINUTE($N21))/60)
K22: =J22+$Y$4 -> 8600 | L22: 0 | M22: =IF($I22="","",IF($J22<$I22,($J22+86400)-$I22-$L22,$J22-$I22-$L22)) | N22: =IF(J22="","",IF(AND($U$4<=(J22-$T$4),(J22-$T$4)<=$V$4),(K22-$T$4),"00:00")+IF(AND($W$4<=(J22-$T$4),(J22-$T$4)<=$X$4),(J22-$T$4),"00:00")+IF(($S$4-I22)<0,"00:00",($S$4-I22))) | O22: =IF($C22="","",(HOUR($M22)*60+MINUTE($M22))/60) | P22: =IF(O22="","",O22-Q22) | Q22: =IF($C22="","",(HOUR($N22)*60+MINUTE($N22))/60)
A23: FOOD 1 | I23: 0.75 | J23: 0.9375 | K23: =J23+$Y$4 -> 8600.9375 | L23: 0 | M23: =IF($I23="","",IF($J23<$I23,($J23+86400)-$I23-$L23,$J23-$I23-$L23)) -> 0.1875 | N23: =IF(J23="","",IF(AND($U$4<=(J23-$T$4),(J23-$T$4)<=$V$4),(K23-$T$4),"00:00")+IF(AND($W$4<=(J23-$T$4),(J23-$T$4)<=$X$4),(J23-$T$4),"00:00")+IF(($S$4-I23)<0,"00:00",($S$4-I23))) -> 0 | O23: =IF($C23="","",(HOUR($M23)*60+MINUTE($M23))/60) | P23: =IF(O23="","",O23-Q23) | Q23: =IF($C23="","",(HOUR($N23)*60+MINUTE($N23))/60)
I24: 0.72916667 | J24: 0.91666667 | K24: =J24+$Y$4 -> 8600.9167 | L24: 0 | M24: =IF($I24="","",IF($J24<$I24,($J24+86400)-$I24-$L24,$J24-$I24-$L24)) -> 0.1875 | N24: =IF(J24="","",IF(AND($U$4<=(J24-$T$4),(J24-$T$4)<=$V$4),(K24-$T$4),"00:00")+IF(AND($W$4<=(J24-$T$4),(J24-$T$4)<=$X$4),(J24-$T$4),"00:00")+IF(($S$4-I24)<0,"00:00",($S$4-I24))) -> 0 | O24: =IF($C24="","",(HOUR($M24)*60+MINUTE($M24))/60) | P24: =IF(O24="","",O24-Q24) | Q24: =IF($C24="","",(HOUR($N24)*60+MINUTE($N24))/60)
K25: =J25+$Y$4 -> 8600 | L25: 0 | M25: =IF($I25="","",IF($J25<$I25,($J25+86400)-$I25-$L25,$J25-$I25-$L25)) | N25: =IF(J25="","",IF(AND($U$4<=(J25-$T$4),(J25-$T$4)<=$V$4),(K25-$T$4),"00:00")+IF(AND($W$4<=(J25-$T$4),(J25-$T$4)<=$X$4),(J25-$T$4),"00:00")+IF(($S$4-I25)<0,"00:00",($S$4-I25))) | O25: =IF($C25="","",(HOUR($M25)*60+MINUTE($M25))/60) | P25: =IF(O25="","",O25-Q25) | Q25: =IF($C25="","",(HOUR($N25)*60+MINUTE($N25))/60)
K26: =J26+$Y$4 -> 8600 | L26: 0 | M26: =IF($I26="","",IF($J26<$I26,($J26+86400)-$I26-$L26,$J26-$I26-$L26)) | N26: =IF(J26="","",IF(AND($U$4<=(J26-$T$4),(J26-$T$4)<=$V$4),(K26-$T$4),"00:00")+IF(AND($W$4<=(J26-$T$4),(J26-$T$4)<=$X$4),(J26-$T$4),"00:00")+IF(($S$4-I26)<0,"00:00",($S$4-I26))) | O26: =IF($C26="","",(HOUR($M26)*60+MINUTE($M26))/60) | P26: =IF(O26="","",O26-Q26) | Q26: =IF($C26="","",(HOUR($N26)*60+MINUTE($N26))/60)
A27: FOOD 2 | I27: 0.75 | J27: 0.9375 | K27: =J27+$Y$4 -> 8600.9375 | L27: 0 | M27: =IF($I27="","",IF($J27<$I27,($J27+86400)-$I27-$L27,$J27-$I27-$L27)) -> 0.1875 | N27: =IF(J27="","",IF(AND($U$4<=(J27-$T$4),(J27-$T$4)<=$V$4),(K27-$T$4),"00:00")+IF(AND($W$4<=(J27-$T$4),(J27-$T$4)<=$X$4),(J27-$T$4),"00:00")+IF(($S$4-I27)<0,"00:00",($S$4-I27))) -> 0 | O27: =IF($C27="","",(HOUR($M27)*60+MINUTE($M27))/60) | P27: =IF(O27="","",O27-Q27) | Q27: =IF($C27="","",(HOUR($N27)*60+MINUTE($N27))/60)
I28: 0.79166667 | J28: 0.9375 | K28: =J28+$Y$4 -> 8600.9375 | L28: 0 | M28: =IF($I28="","",IF($J28<$I28,($J28+86400)-$I28-$L28,$J28-$I28-$L28)) -> 0.14583333 | N28: =IF(J28="","",IF(AND($U$4<=(J28-$T$4),(J28-$T$4)<=$V$4),(K28-$T$4),"00:00")+IF(AND($W$4<=(J28-$T$4),(J28-$T$4)<=$X$4),(J28-$T$4),"00:00")+IF(($S$4-I28)<0,"00:00",($S$4-I28))) -> 0 | O28: =IF($C28="","",(HOUR($M28)*60+MINUTE($M28))/60) | P28: =IF(O28="","",O28-Q28) | Q28: =IF($C28="","",(HOUR($N28)*60+MINUTE($N28))/60)
K29: =J29+$Y$4 -> 8600 | L29: 0 | M29: =IF($I29="","",IF($J29<$I29,($J29+86400)-$I29-$L29,$J29-$I29-$L29)) | N29: =IF(J29="","",IF(AND($U$4<=(J29-$T$4),(J29-$T$4)<=$V$4),(K29-$T$4),"00:00")+IF(AND($W$4<=(J29-$T$4),(J29-$T$4)<=$X$4),(J29-$T$4),"00:00")+IF(($S$4-I29)<0,"00:00",($S$4-I29))) | O29: =IF($C29="","",(HOUR($M29)*60+MINUTE($M29))/60) | P29: =IF(O29="","",O29-Q29) | Q29: =IF($C29="","",(HOUR($N29)*60+MINUTE($N29))/60)
K30: =J30+$Y$4 -> 8600 | L30: 0 | M30: =IF($I30="","",IF($J30<$I30,($J30+86400)-$I30-$L30,$J30-$I30-$L30)) | N30: =IF(J30="","",IF(AND($U$4<=(J30-$T$4),(J30-$T$4)<=$V$4),(K30-$T$4),"00:00")+IF(AND($W$4<=(J30-$T$4),(J30-$T$4)<=$X$4),(J30-$T$4),"00:00")+IF(($S$4-I30)<0,"00:00",($S$4-I30))) | O30: =IF($C30="","",(HOUR($M30)*60+MINUTE($M30))/60) | P30: =IF(O30="","",O30-Q30) | Q30: =IF($C30="","",(HOUR($N30)*60+MINUTE($N30))/60)
A31: CHALET 1 | I31: 0.72916667 | J31: 0.9375 | K31: =J31+$Y$4 -> 8600.9375 | L31: 0 | M31: =IF($I31="","",IF($J31<$I31,($J31+86400)-$I31-$L31,$J31-$I31-$L31)) -> 0.20833333 | N31: =IF(J31="","",IF(AND($U$4<=(J31-$T$4),(J31-$T$4)<=$V$4),(K31-$T$4),"00:00")+IF(AND($W$4<=(J31-$T$4),(J31-$T$4)<=$X$4),(J31-$T$4),"00:00")+IF(($S$4-I31)<0,"00:00",($S$4-I31))) -> 0 | O31: =IF($C31="","",(HOUR($M31)*60+MINUTE($M31))/60) | P31: =IF(O31="","",O31-Q31) | Q31: =IF($C31="","",(HOUR($N31)*60+MINUTE($N31))/60)
I32: 0.75 | J32: 0.89583333 | K32: =J32+$Y$4 -> 8600.8958 | L32: 0 | M32: =IF($I32="","",IF($J32<$I32,($J32+86400)-$I32-$L32,$J32-$I32-$L32)) -> 0.14583333 | N32: =IF(J32="","",IF(AND($U$4<=(J32-$T$4),(J32-$T$4)<=$V$4),(K32-$T$4),"00:00")+IF(AND($W$4<=(J32-$T$4),(J32-$T$4)<=$X$4),(J32-$T$4),"00:00")+IF(($S$4-I32)<0,"00:00",($S$4-I32))) -> 0 | O32: =IF($C32="","",(HOUR($M32)*60+MINUTE($M32))/60) | P32: =IF(O32="","",O32-Q32) | Q32: =IF($C32="","",(HOUR($N32)*60+MINUTE($N32))/60)
I33: 0.72916667 | J33: 0.91666667 | K33: =J33+$Y$4 -> 8600.9167 | L33: 0 | M33: =IF($I33="","",IF($J33<$I33,($J33+86400)-$I33-$L33,$J33-$I33-$L33)) -> 0.1875 | N33: =IF(J33="","",IF(AND($U$4<=(J33-$T$4),(J33-$T$4)<=$V$4),(K33-$T$4),"00:00")+IF(AND($W$4<=(J33-$T$4),(J33-$T$4)<=$X$4),(J33-$T$4),"00:00")+IF(($S$4-I33)<0,"00:00",($S$4-I33))) -> 0 | O33: =IF($C33="","",(HOUR($M33)*60+MINUTE($M33))/60) | P33: =IF(O33="","",O33-Q33) | Q33: =IF($C33="","",(HOUR($N33)*60+MINUTE($N33))/60)
K34: =J34+$Y$4 -> 8600 | L34: 0 | M34: =IF($I34="","",IF($J34<$I34,($J34+86400)-$I34-$L34,$J34-$I34-$L34)) | N34: =IF(J34="","",IF(AND($U$4<=(J34-$T$4),(J34-$T$4)<=$V$4),(K34-$T$4),"00:00")+IF(AND($W$4<=(J34-$T$4),(J34-$T$4)<=$X$4),(J34-$T$4),"00:00")+IF(($S$4-I34)<0,"00:00",($S$4-I34))) | O34: =IF($C34="","",(HOUR($M34)*60+MINUTE($M34))/60) | P34: =IF(O34="","",O34-Q34) | Q34: =IF($C34="","",(HOUR($N34)*60+MINUTE($N34))/60)
A35: CHALET 2 | I35: 0.72916667 | J35: 0.9375 | K35: =J35+$Y$4 -> 8600.9375 | L35: 0 | M35: =IF($I35="","",IF($J35<$I35,($J35+86400)-$I35-$L35,$J35-$I35-$L35)) -> 0.20833333 | N35: =IF(J35="","",IF(AND($U$4<=(J35-$T$4),(J35-$T$4)<=$V$4),(K35-$T$4),"00:00")+IF(AND($W$4<=(J35-$T$4),(J35-$T$4)<=$X$4),(J35-$T$4),"00:00")+IF(($S$4-I35)<0,"00:00",($S$4-I35))) -> 0 | O35: =IF($C35="","",(HOUR($M35)*60+MINUTE($M35))/60) | P35: =IF(O35="","",O35-Q35) | Q35: =IF($C35="","",(HOUR($N35)*60+MINUTE($N35))/60)
I36: 0.72916667 | J36: 0.91666667 | K36: =J36+$Y$4 -> 8600.9167 | L36: 0 | M36: =IF($I36="","",IF($J36<$I36,($J36+86400)-$I36-$L36,$J36-$I36-$L36)) -> 0.1875 | N36: =IF(J36="","",IF(AND($U$4<=(J36-$T$4),(J36-$T$4)<=$V$4),(K36-$T$4),"00:00")+IF(AND($W$4<=(J36-$T$4),(J36-$T$4)<=$X$4),(J36-$T$4),"00:00")+IF(($S$4-I36)<0,"00:00",($S$4-I36))) -> 0 | O36: =IF($C36="","",(HOUR($M36)*60+MINUTE($M36))/60) | P36: =IF(O36="","",O36-Q36) | Q36: =IF($C36="","",(HOUR($N36)*60+MINUTE($N36))/60)
K37: =J37+$Y$4 -> 8600 | L37: 0 | M37: =IF($I37="","",IF($J37<$I37,($J37+86400)-$I37-$L37,$J37-$I37-$L37)) | N37: =IF(J37="","",IF(AND($U$4<=(J37-$T$4),(J37-$T$4)<=$V$4),(K37-$T$4),"00:00")+IF(AND($W$4<=(J37-$T$4),(J37-$T$4)<=$X$4),(J37-$T$4),"00:00")+IF(($S$4-I37)<0,"00:00",($S$4-I37))) | O37: =IF($C37="","",(HOUR($M37)*60+MINUTE($M37))/60) | P37: =IF(O37="","",O37-Q37) | Q37: =IF($C37="","",(HOUR($N37)*60+MINUTE($N37))/60)
K38: =J38+$Y$4 -> 8600 | L38: 0 | M38: =IF($I38="","",IF($J38<$I38,($J38+86400)-$I38-$L38,$J38-$I38-$L38)) | N38: =IF(J38="","",IF(AND($U$4<=(J38-$T$4),(J38-$T$4)<=$V$4),(K38-$T$4),"00:00")+IF(AND($W$4<=(J38-$T$4),(J38-$T$4)<=$X$4),(J38-$T$4),"00:00")+IF(($S$4-I38)<0,"00:00",($S$4-I38))) | O38: =IF($C38="","",(HOUR($M38)*60+MINUTE($M38))/60) | P38: =IF(O38="","",O38-Q38) | Q38: =IF($C38="","",(HOUR($N38)*60+MINUTE($N38))/60)
A39: CHALET 3 | I39: 0.72916667 | J39: 0.9375 | K39: =J39+$Y$4 -> 8600.9375 | L39: 0 | M39: =IF($I39="","",IF($J39<$I39,($J39+86400)-$I39-$L39,$J39-$I39-$L39)) -> 0.20833333 | N39: =IF(J39="","",IF(AND($U$4<=(J39-$T$4),(J39-$T$4)<=$V$4),(K39-$T$4),"00:00")+IF(AND($W$4<=(J39-$T$4),(J39-$T$4)<=$X$4),(J39-$T$4),"00:00")+IF(($S$4-I39)<0,"00:00",($S$4-I39))) -> 0 | O39: =IF($C39="","",(HOUR($M39)*60+MINUTE($M39))/60) | P39: =IF(O39="","",O39-Q39) | Q39: =IF($C39="","",(HOUR($N39)*60+MINUTE($N39))/60)
I40: 0.75 | J40: 0.89583333 | K40: =J40+$Y$4 -> 8600.8958 | L40: 0 | M40: =IF($I40="","",IF($J40<$I40,($J40+86400)-$I40-$L40,$J40-$I40-$L40)) -> 0.14583333 | N40: =IF(J40="","",IF(AND($U$4<=(J40-$T$4),(J40-$T$4)<=$V$4),(K40-$T$4),"00:00")+IF(AND($W$4<=(J40-$T$4),(J40-$T$4)<=$X$4),(J40-$T$4),"00:00")+IF(($S$4-I40)<0,"00:00",($S$4-I40))) -> 0 | O40: =IF($C40="","",(HOUR($M40)*60+MINUTE($M40))/60) | P40: =IF(O40="","",O40-Q40) | Q40: =IF($C40="","",(HOUR($N40)*60+MINUTE($N40))/60)
I41: 0.72916667 | J41: 0.91666667 | K41: =J41+$Y$4 -> 8600.9167 | L41: 0 | M41: =IF($I41="","",IF($J41<$I41,($J41+86400)-$I41-$L41,$J41-$I41-$L41)) -> 0.1875 | N41: =IF(J41="","",IF(AND($U$4<=(J41-$T$4),(J41-$T$4)<=$V$4),(K41-$T$4),"00:00")+IF(AND($W$4<=(J41-$T$4),(J41-$T$4)<=$X$4),(J41-$T$4),"00:00")+IF(($S$4-I41)<0,"00:00",($S$4-I41))) -> 0 | O41: =IF($C41="","",(HOUR($M41)*60+MINUTE($M41))/60) | P41: =IF(O41="","",O41-Q41) | Q41: =IF($C41="","",(HOUR($N41)*60+MINUTE($N41))/60)
K42: =J42+$Y$4 -> 8600 | L42: 0 | M42: =IF($I42="","",IF($J42<$I42,($J42+86400)-$I42-$L42,$J42-$I42-$L42)) | N42: =IF(J42="","",IF(AND($U$4<=(J42-$T$4),(J42-$T$4)<=$V$4),(K42-$T$4),"00:00")+IF(AND($W$4<=(J42-$T$4),(J42-$T$4)<=$X$4),(J42-$T$4),"00:00")+IF(($S$4-I42)<0,"00:00",($S$4-I42))) | O42: =IF($C42="","",(HOUR($M42)*60+MINUTE($M42))/60) | P42: =IF(O42="","",O42-Q42) | Q42: =IF($C42="","",(HOUR($N42)*60+MINUTE($N42))/60)
A43: PUB EXTÉRIEUR | I43: 0.75 | J43: 0.9375 | K43: =J43+$Y$4 -> 8600.9375 | L43: 0 | M43: =IF($I43="","",IF($J43<$I43,($J43+86400)-$I43-$L43,$J43-$I43-$L43)) -> 0.1875 | N43: =IF(J43="","",IF(AND($U$4<=(J43-$T$4),(J43-$T$4)<=$V$4),(K43-$T$4),"00:00")+IF(AND($W$4<=(J43-$T$4),(J43-$T$4)<=$X$4),(J43-$T$4),"00:00")+IF(($S$4-I43)<0,"00:00",($S$4-I43))) -> 0 | O43: =IF($C43="","",(HOUR($M43)*60+MINUTE($M43))/60) | P43: =IF(O43="","",O43-Q43) | Q43: =IF($C43="","",(HOUR($N43)*60+MINUTE($N43))/60)
K44: =J44+$Y$4 -> 8600 | L44: 0 | M44: =IF($I44="","",IF($J44<$I44,($J44+86400)-$I44-$L44,$J44-$I44-$L44)) | N44: =IF(J44="","",IF(AND($U$4<=(J44-$T$4),(J44-$T$4)<=$V$4),(K44-$T$4),"00:00")+IF(AND($W$4<=(J44-$T$4),(J44-$T$4)<=$X$4),(J44-$T$4),"00:00")+IF(($S$4-I44)<0,"00:00",($S$4-I44))) | O44: =IF($C44="","",(HOUR($M44)*60+MINUTE($M44))/60) | P44: =IF(O44="","",O44-Q44) | Q44: =IF($C44="","",(HOUR($N44)*60+MINUTE($N44))/60)
K45: =J45+$Y$4 -> 8600 | L45: 0 | M45: =IF($I45="","",IF($J45<$I45,($J45+86400)-$I45-$L45,$J45-$I45-$L45)) | N45: =IF(J45="","",IF(AND($U$4<=(J45-$T$4),(J45-$T$4)<=$V$4),(K45-$T$4),"00:00")+IF(AND($W$4<=(J45-$T$4),(J45-$T$4)<=$X$4),(J45-$T$4),"00:00")+IF(($S$4-I45)<0,"00:00",($S$4-I45))) | O45: =IF($C45="","",(HOUR($M45)*60+MINUTE($M45))/60) | P45: =IF(O45="","",O45-Q45) | Q45: =IF($C45="","",(HOUR($N45)*60+MINUTE($N45))/60)
A46: BAR 2023 | I46: 0.70833333 | J46: 0.9375 | K46: =J46+$Y$4 -> 8600.9375 | L46: 0 | M46: =IF($I46="","",IF($J46<$I46,($J46+86400)-$I46-$L46,$J46-$I46-$L46)) -> 0.22916667 | N46: =IF(J46="","",IF(AND($U$4<=(J46-$T$4),(J46-$T$4)<=$V$4),(K46-$T$4),"00:00")+IF(AND($W$4<=(J46-$T$4),(J46-$T$4)<=$X$4),(J46-$T$4),"00:00")+IF(($S$4-I46)<0,"00:00",($S$4-I46))) -> 0 | O46: =IF($C46="","",(HOUR($M46)*60+MINUTE($M46))/60) | P46: =IF(O46="","",O46-Q46) | Q46: =IF($C46="","",(HOUR($N46)*60+MINUTE($N46))/60)
I47: 0.72916667 | J47: 0.91666667 | K47: =J47+$Y$4 -> 8600.9167 | L47: 0 | M47: =IF($I47="","",IF($J47<$I47,($J47+86400)-$I47-$L47,$J47-$I47-$L47)) -> 0.1875 | N47: =IF(J47="","",IF(AND($U$4<=(J47-$T$4),(J47-$T$4)<=$V$4),(K47-$T$4),"00:00")+IF(AND($W$4<=(J47-$T$4),(J47-$T$4)<=$X$4),(J47-$T$4),"00:00")+IF(($S$4-I47)<0,"00:00",($S$4-I47))) -> 0 | O47: =IF($C47="","",(HOUR($M47)*60+MINUTE($M47))/60) | P47: =IF(O47="","",O47-Q47) | Q47: =IF($C47="","",(HOUR($N47)*60+MINUTE($N47))/60)
I48: 0.75 | J48: 0.89583333 | K48: =J48+$Y$4 -> 8600.8958 | L48: 0 | M48: =IF($I48="","",IF($J48<$I48,($J48+86400)-$I48-$L48,$J48-$I48-$L48)) -> 0.14583333 | N48: =IF(J48="","",IF(AND($U$4<=(J48-$T$4),(J48-$T$4)<=$V$4),(K48-$T$4),"00:00")+IF(AND($W$4<=(J48-$T$4),(J48-$T$4)<=$X$4),(J48-$T$4),"00:00")+IF(($S$4-I48)<0,"00:00",($S$4-I48))) -> 0 | O48: =IF($C48="","",(HOUR($M48)*60+MINUTE($M48))/60) | P48: =IF(O48="","",O48-Q48) | Q48: =IF($C48="","",(HOUR($N48)*60+MINUTE($N48))/60)
I49: 0.72916667 | J49: 0.91666667 | K49: =J49+$Y$4 -> 8600.9167 | L49: 0 | M49: =IF($I49="","",IF($J49<$I49,($J49+86400)-$I49-$L49,$J49-$I49-$L49)) -> 0.1875 | N49: =IF(J49="","",IF(AND($U$4<=(J49-$T$4),(J49-$T$4)<=$V$4),(K49-$T$4),"00:00")+IF(AND($W$4<=(J49-$T$4),(J49-$T$4)<=$X$4),(J49-$T$4),"00:00")+IF(($S$4-I49)<0,"00:00",($S$4-I49))) -> 0 | O49: =IF($C49="","",(HOUR($M49)*60+MINUTE($M49))/60) | P49: =IF(O49="","",O49-Q49) | Q49: =IF($C49="","",(HOUR($N49)*60+MINUTE($N49))/60)
I50: 0.72916667 | J50: 0.91666667 | K50: =J50+$Y$4 -> 8600.9167 | L50: 0 | M50: =IF($I50="","",IF($J50<$I50,($J50+86400)-$I50-$L50,$J50-$I50-$L50)) -> 0.1875 | N50: =IF(J50="","",IF(AND($U$4<=(J50-$T$4),(J50-$T$4)<=$V$4),(K50-$T$4),"00:00")+IF(AND($W$4<=(J50-$T$4),(J50-$T$4)<=$X$4),(J50-$T$4),"00:00")+IF(($S$4-I50)<0,"00:00",($S$4-I50))) -> 0 | O50: =IF($C50="","",(HOUR($M50)*60+MINUTE($M50))/60) | P50: =IF(O50="","",O50-Q50) | Q50: =IF($C50="","",(HOUR($N50)*60+MINUTE($N50))/60)
K51: =J51+$Y$4 -> 8600 | L51: 0 | M51: =IF($I51="","",IF($J51<$I51,($J51+86400)-$I51-$L51,$J51-$I51-$L51)) | N51: =IF(J51="","",IF(AND($U$4<=(J51-$T$4),(J51-$T$4)<=$V$4),(K51-$T$4),"00:00")+IF(AND($W$4<=(J51-$T$4),(J51-$T$4)<=$X$4),(J51-$T$4),"00:00")+IF(($S$4-I51)<0,"00:00",($S$4-I51))) | O51: =IF($C51="","",(HOUR($M51)*60+MINUTE($M51))/60) | P51: =IF(O51="","",O51-Q51) | Q51: =IF($C51="","",(HOUR($N51)*60+MINUTE($N51))/60)
A52: BAR COCKTAIL | I52: 0.72916667 | J52: 0.91666667 | K52: =J52+$Y$4 -> 8600.9167 | L52: 0 | M52: =IF($I52="","",IF($J52<$I52,($J52+86400)-$I52-$L52,$J52-$I52-$L52)) -> 0.1875 | N52: =IF(J52="","",IF(AND($U$4<=(J52-$T$4),(J52-$T$4)<=$V$4),(K52-$T$4),"00:00")+IF(AND($W$4<=(J52-$T$4),(J52-$T$4)<=$X$4),(J52-$T$4),"00:00")+IF(($S$4-I52)<0,"00:00",($S$4-I52))) -> 0 | O52: =IF($C52="","",(HOUR($M52)*60+MINUTE($M52))/60) | P52: =IF(O52="","",O52-Q52) | Q52: =IF($C52="","",(HOUR($N52)*60+MINUTE($N52))/60)
I53: 0.75 | J53: 0.89583333 | K53: =J53+$Y$4 -> 8600.8958 | L53: 0 | M53: =IF($I53="","",IF($J53<$I53,($J53+86400)-$I53-$L53,$J53-$I53-$L53)) -> 0.14583333 | N53: =IF(J53="","",IF(AND($U$4<=(J53-$T$4),(J53-$T$4)<=$V$4),(K53-$T$4),"00:00")+IF(AND($W$4<=(J53-$T$4),(J53-$T$4)<=$X$4),(J53-$T$4),"00:00")+IF(($S$4-I53)<0,"00:00",($S$4-I53))) -> 0 | O53: =IF($C53="","",(HOUR($M53)*60+MINUTE($M53))/60) | P53: =IF(O53="","",O53-Q53) | Q53: =IF($C53="","",(HOUR($N53)*60+MINUTE($N53))/60)
K54: =J54+$Y$4 -> 8600 | L54: 0 | M54: =IF($I54="","",IF($J54<$I54,($J54+86400)-$I54-$L54,$J54-$I54-$L54)) | N54: =IF(J54="","",IF(AND($U$4<=(J54-$T$4),(J54-$T$4)<=$V$4),(K54-$T$4),"00:00")+IF(AND($W$4<=(J54-$T$4),(J54-$T$4)<=$X$4),(J54-$T$4),"00:00")+IF(($S$4-I54)<0,"00:00",($S$4-I54))) | O54: =IF($C54="","",(HOUR($M54)*60+MINUTE($M54))/60) | P54: =IF(O54="","",O54-Q54) | Q54: =IF($C54="","",(HOUR($N54)*60+MINUTE($N54))/60)
K55: =J55+$Y$4 -> 8600 | L55: 0 | M55: =IF($I55="","",IF($J55<$I55,($J55+86400)-$I55-$L55,$J55-$I55-$L55)) | N55: =IF(J55="","",IF(AND($U$4<=(J55-$T$4),(J55-$T$4)<=$V$4),(K55-$T$4),"00:00")+IF(AND($W$4<=(J55-$T$4),(J55-$T$4)<=$X$4),(J55-$T$4),"00:00")+IF(($S$4-I55)<0,"00:00",($S$4-I55))) | O55: =IF($C55="","",(HOUR($M55)*60+MINUTE($M55))/60) | P55: =IF(O55="","",O55-Q55) | Q55: =IF($C55="","",(HOUR($N55)*60+MINUTE($N55))/60)
K56: =J56+$Y$4 -> 8600 | L56: 0 | M56: =IF($I56="","",IF($J56<$I56,($J56+86400)-$I56-$L56,$J56-$I56-$L56)) | N56: =IF(J56="","",IF(AND($U$4<=(J56-$T$4),(J56-$T$4)<=$V$4),(K56-$T$4),"00:00")+IF(AND($W$4<=(J56-$T$4),(J56-$T$4)<=$X$4),(J56-$T$4),"00:00")+IF(($S$4-I56)<0,"00:00",($S$4-I56))) | O56: =IF($C56="","",(HOUR($M56)*60+MINUTE($M56))/60) | P56: =IF(O56="","",O56-Q56) | Q56: =IF($C56="","",(HOUR($N56)*60+MINUTE($N56))/60)
A57: BAR SECRET | I57: 0.72916667 | J57: 0.91666667 | K57: =J57+$Y$4 -> 8600.9167 | L57: 0 | M57: =IF($I57="","",IF($J57<$I57,($J57+86400)-$I57-$L57,$J57-$I57-$L57)) -> 0.1875 | N57: =IF(J57="","",IF(AND($U$4<=(J57-$T$4),(J57-$T$4)<=$V$4),(K57-$T$4),"00:00")+IF(AND($W$4<=(J57-$T$4),(J57-$T$4)<=$X$4),(J57-$T$4),"00:00")+IF(($S$4-I57)<0,"00:00",($S$4-I57))) -> 0 | O57: =IF($C57="","",(HOUR($M57)*60+MINUTE($M57))/60) | P57: =IF(O57="","",O57-Q57) | Q57: =IF($C57="","",(HOUR($N57)*60+MINUTE($N57))/60)
K58: =J58+$Y$4 -> 8600 | L58: 0 | M58: =IF($I58="","",IF($J58<$I58,($J58+86400)-$I58-$L58,$J58-$I58-$L58)) | N58: =IF(J58="","",IF(AND($U$4<=(J58-$T$4),(J58-$T$4)<=$V$4),(K58-$T$4),"00:00")+IF(AND($W$4<=(J58-$T$4),(J58-$T$4)<=$X$4),(J58-$T$4),"00:00")+IF(($S$4-I58)<0,"00:00",($S$4-I58))) | O58: =IF($C58="","",(HOUR($M58)*60+MINUTE($M58))/60) | P58: =IF(O58="","",O58-Q58) | Q58: =IF($C58="","",(HOUR($N58)*60+MINUTE($N58))/60)
K59: =J59+$Y$4 -> 8600 | L59: 0 | M59: =IF($I59="","",IF($J59<$I59,($J59+86400)-$I59-$L59,$J59-$I59-$L59)) | N59: =IF(J59="","",IF(AND($U$4<=(J59-$T$4),(J59-$T$4)<=$V$4),(K59-$T$4),"00:00")+IF(AND($W$4<=(J59-$T$4),(J59-$T$4)<=$X$4),(J59-$T$4),"00:00")+IF(($S$4-I59)<0,"00:00",($S$4-I59))) | O59: =IF($C59="","",(HOUR($M59)*60+MINUTE($M59))/60) | P59: =IF(O59="","",O59-Q59) | Q59: =IF($C59="","",(HOUR($N59)*60+MINUTE($N59))/60)
A60: HOME CORNER | I60: 0.72916667 | J60: 0.9375 | K60: =J60+$Y$4 -> 8600.9375 | L60: 0 | M60: =IF($I60="","",IF($J60<$I60,($J60+86400)-$I60-$L60,$J60-$I60-$L60)) -> 0.20833333 | N60: =IF(J60="","",IF(AND($U$4<=(J60-$T$4),(J60-$T$4)<=$V$4),(K60-$T$4),"00:00")+IF(AND($W$4<=(J60-$T$4),(J60-$T$4)<=$X$4),(J60-$T$4),"00:00")+IF(($S$4-I60)<0,"00:00",($S$4-I60))) -> 0 | O60: =IF($C60="","",(HOUR($M60)*60+MINUTE($M60))/60) | P60: =IF(O60="","",O60-Q60) | Q60: =IF($C60="","",(HOUR($N60)*60+MINUTE($N60))/60)
I61: 0.77083333 | J61: 0.91666667 | K61: =J61+$Y$4 -> 8600.9167 | L61: 0 | M61: =IF($I61="","",IF($J61<$I61,($J61+86400)-$I61-$L61,$J61-$I61-$L61)) -> 0.14583333 | N61: =IF(J61="","",IF(AND($U$4<=(J61-$T$4),(J61-$T$4)<=$V$4),(K61-$T$4),"00:00")+IF(AND($W$4<=(J61-$T$4),(J61-$T$4)<=$X$4),(J61-$T$4),"00:00")+IF(($S$4-I61)<0,"00:00",($S$4-I61))) -> 0 | O61: =IF($C61="","",(HOUR($M61)*60+MINUTE($M61))/60) | P61: =IF(O61="","",O61-Q61) | Q61: =IF($C61="","",(HOUR($N61)*60+MINUTE($N61))/60)
I62: 0.79166667 | J62: 0.91666667 | K62: =J62+$Y$4 -> 8600.9167 | L62: 0 | M62: =IF($I62="","",IF($J62<$I62,($J62+86400)-$I62-$L62,$J62-$I62-$L62)) -> 0.125 | N62: =IF(J62="","",IF(AND($U$4<=(J62-$T$4),(J62-$T$4)<=$V$4),(K62-$T$4),"00:00")+IF(AND($W$4<=(J62-$T$4),(J62-$T$4)<=$X$4),(J62-$T$4),"00:00")+IF(($S$4-I62)<0,"00:00",($S$4-I62))) -> 0 | O62: =IF($C62="","",(HOUR($M62)*60+MINUTE($M62))/60) | P62: =IF(O62="","",O62-Q62) | Q62: =IF($C62="","",(HOUR($N62)*60+MINUTE($N62))/60)
K63: =J63+$Y$4 -> 8600 | L63: 0 | M63: =IF($I63="","",IF($J63<$I63,($J63+86400)-$I63-$L63,$J63-$I63-$L63)) | N63: =IF(J63="","",IF(AND($U$4<=(J63-$T$4),(J63-$T$4)<=$V$4),(K63-$T$4),"00:00")+IF(AND($W$4<=(J63-$T$4),(J63-$T$4)<=$X$4),(J63-$T$4),"00:00")+IF(($S$4-I63)<0,"00:00",($S$4-I63))) | O63: =IF($C63="","",(HOUR($M63)*60+MINUTE($M63))/60) | P63: =IF(O63="","",O63-Q63) | Q63: =IF($C63="","",(HOUR($N63)*60+MINUTE($N63))/60)
K64: =J64+$Y$4 -> 8600 | L64: 0 | M64: =IF($I64="","",IF($J64<$I64,($J64+86400)-$I64-$L64,$J64-$I64-$L64)) | N64: =IF(J64="","",IF(AND($U$4<=(J64-$T$4),(J64-$T$4)<=$V$4),(K64-$T$4),"00:00")+IF(AND($W$4<=(J64-$T$4),(J64-$T$4)<=$X$4),(J64-$T$4),"00:00")+IF(($S$4-I64)<0,"00:00",($S$4-I64))) | O64: =IF($C64="","",(HOUR($M64)*60+MINUTE($M64))/60) | P64: =IF(O64="","",O64-Q64) | Q64: =IF($C64="","",(HOUR($N64)*60+MINUTE($N64))/60)
A65: VISITEURS | I65: 0.75 | J65: 0.91666667 | K65: =J65+$Y$4 -> 8600.9167 | L65: 0 | M65: =IF($I65="","",IF($J65<$I65,($J65+86400)-$I65-$L65,$J65-$I65-$L65)) -> 0.16666667 | N65: =IF(J65="","",IF(AND($U$4<=(J65-$T$4),(J65-$T$4)<=$V$4),(K65-$T$4),"00:00")+IF(AND($W$4<=(J65-$T$4),(J65-$T$4)<=$X$4),(J65-$T$4),"00:00")+IF(($S$4-I65)<0,"00:00",($S$4-I65))) -> 0 | O65: =IF($C65="","",(HOUR($M65)*60+MINUTE($M65))/60) | P65: =IF(O65="","",O65-Q65) | Q65: =IF($C65="","",(HOUR($N65)*60+MINUTE($N65))/60)
K66: =J66+$Y$4 -> 8600 | L66: 0 | M66: =IF($I66="","",IF($J66<$I66,($J66+86400)-$I66-$L66,$J66-$I66-$L66)) | N66: =IF(J66="","",IF(AND($U$4<=(J66-$T$4),(J66-$T$4)<=$V$4),(K66-$T$4),"00:00")+IF(AND($W$4<=(J66-$T$4),(J66-$T$4)<=$X$4),(J66-$T$4),"00:00")+IF(($S$4-I66)<0,"00:00",($S$4-I66))) | O66: =IF($C66="","",(HOUR($M66)*60+MINUTE($M66))/60) | P66: =IF(O66="","",O66-Q66) | Q66: =IF($C66="","",(HOUR($N66)*60+MINUTE($N66))/60)
K67: =J67+$Y$4 -> 8600 | L67: 0 | M67: =IF($I67="","",IF($J67<$I67,($J67+86400)-$I67-$L67,$J67-$I67-$L67)) | N67: =IF(J67="","",IF(AND($U$4<=(J67-$T$4),(J67-$T$4)<=$V$4),(K67-$T$4),"00:00")+IF(AND($W$4<=(J67-$T$4),(J67-$T$4)<=$X$4),(J67-$T$4),"00:00")+IF(($S$4-I67)<0,"00:00",($S$4-I67))) | O67: =IF($C67="","",(HOUR($M67)*60+MINUTE($M67))/60) | P67: =IF(O67="","",O67-Q67) | Q67: =IF($C67="","",(HOUR($N67)*60+MINUTE($N67))/60)
K68: =J68+$Y$4 -> 8600 | L68: 0 | M68: =IF($I68="","",IF($J68<$I68,($J68+86400)-$I68-$L68,$J68-$I68-$L68)) | N68: =IF(J68="","",IF(AND($U$4<=(J68-$T$4),(J68-$T$4)<=$V$4),(K68-$T$4),"00:00")+IF(AND($W$4<=(J68-$T$4),(J68-$T$4)<=$X$4),(J68-$T$4),"00:00")+IF(($S$4-I68)<0,"00:00",($S$4-I68))) | O68: =IF($C68="","",(HOUR($M68)*60+MINUTE($M68))/60) | P68: =IF(O68="","",O68-Q68) | Q68: =IF($C68="","",(HOUR($N68)*60+MINUTE($N68))/60)
K69: =J69+$Y$4 -> 8600 | L69: 0 | M69: =IF($I69="","",IF($J69<$I69,($J69+86400)-$I69-$L69,$J69-$I69-$L69)) | N69: =IF(J69="","",IF(AND($U$4<=(J69-$T$4),(J69-$T$4)<=$V$4),(K69-$T$4),"00:00")+IF(AND($W$4<=(J69-$T$4),(J69-$T$4)<=$X$4),(J69-$T$4),"00:00")+IF(($S$4-I69)<0,"00:00",($S$4-I69))) | O69: =IF($C69="","",(HOUR($M69)*60+MINUTE($M69))/60) | P69: =IF(O69="","",O69-Q69) | Q69: =IF($C69="","",(HOUR($N69)*60+MINUTE($N69))/60)
K70: =J70+$Y$4 -> 8600 | L70: 0 | M70: =IF($I70="","",IF($J70<$I70,($J70+86400)-$I70-$L70,$J70-$I70-$L70)) | N70: =IF(J70="","",IF(AND($U$4<=(J70-$T$4),(J70-$T$4)<=$V$4),(K70-$T$4),"00:00")+IF(AND($W$4<=(J70-$T$4),(J70-$T$4)<=$X$4),(J70-$T$4),"00:00")+IF(($S$4-I70)<0,"00:00",($S$4-I70))) | O70: =IF($C70="","",(HOUR($M70)*60+MINUTE($M70))/60) | P70: =IF(O70="","",O70-Q70) | Q70: =IF($C70="","",(HOUR($N70)*60+MINUTE($N70))/60)
B71: EXTRAS TOTAL | O71: HEURES TOTALES | P71: HEURES NORMALES | Q71: HEURES DE NUIT
A72: TOTAL | B72: =SUM(B5:B70) -> 0 | O72: =SUM(O5:O70) -> 0 | P72: =SUM(P5:P70) -> 0 | Q72: =SUM(Q5:Q70) -> 0

Sheet FEUILLES HEURES
B2: ='COMMANDE GD-PUBLIC GSHC'!$A$2 -> MATCH GSHC X | C2: ='COMMANDE GD-PUBLIC GSHC'!$C$2 -> SCL TIGERS | E2: DATE | F2: ='COMMANDE GD-PUBLIC GSHC'!$D$2 -> 45974
B4: HEURE DÉBUT MATCH | C4: ='COMMANDE GD-PUBLIC GSHC'!$J$2 -> 0.82291667 | E4: LIEU | F4: PATINOIRE DES VERNETS
B7: POINT DE VENTE | C7: FONCTION | D7: HORAIRES DE PRÉSENCE | H7: SIGNATURE
B8: ='COMMANDE GD-PUBLIC GSHC'!A5 -> BEV 1 | D8: ARRIVÉE | E8: PAUSE | F8: DÉPART | G8: REMARQUE / APPRÉCIATION PAR LE RESPONSABLE
B9: =IF('COMMANDE GD-PUBLIC GSHC'!D5="","",'COMMANDE GD-PUBLIC GSHC'!D5) | C9: =IF('COMMANDE GD-PUBLIC GSHC'!C5="","",'COMMANDE GD-PUBLIC GSHC'!C5) | D9: =IF('COMMANDE GD-PUBLIC GSHC'!I5="","",'COMMANDE GD-PUBLIC GSHC'!I5) -> 0.72916667
B10: =IF('COMMANDE GD-PUBLIC GSHC'!D6="","",'COMMANDE GD-PUBLIC GSHC'!D6) | C10: =IF('COMMANDE GD-PUBLIC GSHC'!C6="","",'COMMANDE GD-PUBLIC GSHC'!C6) | D10: =IF('COMMANDE GD-PUBLIC GSHC'!I6="","",'COMMANDE GD-PUBLIC GSHC'!I6) -> 0.75
B11: =IF('COMMANDE GD-PUBLIC GSHC'!D7="","",'COMMANDE GD-PUBLIC GSHC'!D7) | C11: =IF('COMMANDE GD-PUBLIC GSHC'!C7="","",'COMMANDE GD-PUBLIC GSHC'!C7) | D11: =IF('COMMANDE GD-PUBLIC GSHC'!I7="","",'COMMANDE GD-PUBLIC GSHC'!I7) -> 0.77083333
B12: =IF('COMMANDE GD-PUBLIC GSHC'!D8="","",'COMMANDE GD-PUBLIC GSHC'!D8) | C12: =IF('COMMANDE GD-PUBLIC GSHC'!C8="","",'COMMANDE GD-PUBLIC GSHC'!C8) | D12: =IF('COMMANDE GD-PUBLIC GSHC'!I8="","",'COMMANDE GD-PUBLIC GSHC'!I8) -> 0.79166667
B13: =IF('COMMANDE GD-PUBLIC GSHC'!D9="","",'COMMANDE GD-PUBLIC GSHC'!D9) | C13: =IF('COMMANDE GD-PUBLIC GSHC'!C9="","",'COMMANDE GD-PUBLIC GSHC'!C9) | D13: =IF('COMMANDE GD-PUBLIC GSHC'!I9="","",'COMMANDE GD-PUBLIC GSHC'!I9)
B14: =IF('COMMANDE GD-PUBLIC GSHC'!D10="","",'COMMANDE GD-PUBLIC GSHC'!D10) | C14: =IF('COMMANDE GD-PUBLIC GSHC'!C10="","",'COMMANDE GD-PUBLIC GSHC'!C10) | D14: =IF('COMMANDE GD-PUBLIC GSHC'!I10="","",'COMMANDE GD-PUBLIC GSHC'!I10)
B19: ='COMMANDE GD-PUBLIC GSHC'!$A$2 -> MATCH GSHC X | C19: ='COMMANDE GD-PUBLIC GSHC'!$C$2 -> SCL TIGERS | E19: DATE | F19: ='COMMANDE GD-PUBLIC GSHC'!$D$2 -> 45974
B21: HEURE DÉBUT MATCH | C21: ='COMMANDE GD-PUBLIC GSHC'!$J$2 -> 0.82291667 | E21: LIEU | F21: PATINOIRE DES VERNETS
B24: POINT DE VENTE | C24: FONCTION | D24: HORAIRES DE PRÉSENCE | H24: SIGNATURE
B25: ='COMMANDE GD-PUBLIC GSHC'!A11 -> BEV 2 | D25: ARRIVÉE | E25: PAUSE | F25: DÉPART | G25: REMARQUE / APPRÉCIATION PAR LE RESPONSABLE
B26: =IF('COMMANDE GD-PUBLIC GSHC'!D11="","",'COMMANDE GD-PUBLIC GSHC'!D11) | C26: =IF('COMMANDE GD-PUBLIC GSHC'!C11="","",'COMMANDE GD-PUBLIC GSHC'!C11) | D26: =IF('COMMANDE GD-PUBLIC GSHC'!I11="","",'COMMANDE GD-PUBLIC GSHC'!I11) -> 0.72916667
B27: =IF('COMMANDE GD-PUBLIC GSHC'!D12="","",'COMMANDE GD-PUBLIC GSHC'!D12) | C27: =IF('COMMANDE GD-PUBLIC GSHC'!C12="","",'COMMANDE GD-PUBLIC GSHC'!C12) | D27: =IF('COMMANDE GD-PUBLIC GSHC'!I12="","",'COMMANDE GD-PUBLIC GSHC'!I12) -> 0.75
B28: =IF('COMMANDE GD-PUBLIC GSHC'!D13="","",'COMMANDE GD-PUBLIC GSHC'!D13) | C28: =IF('COMMANDE GD-PUBLIC GSHC'!C13="","",'COMMANDE GD-PUBLIC GSHC'!C13) | D28: =IF('COMMANDE GD-PUBLIC GSHC'!I13="","",'COMMANDE GD-PUBLIC GSHC'!I13) -> 0.77083333
B29: =IF('COMMANDE GD-PUBLIC GSHC'!D14="","",'COMMANDE GD-PUBLIC GSHC'!D14) | C29: =IF('COMMANDE GD-PUBLIC GSHC'!C14="","",'COMMANDE GD-PUBLIC GSHC'!C14) | D29: =IF('COMMANDE GD-PUBLIC GSHC'!I14="","",'COMMANDE GD-PUBLIC GSHC'!I14) -> 0.79166667
B30: =IF('COMMANDE GD-PUBLIC GSHC'!D15="","",'COMMANDE GD-PUBLIC GSHC'!D15) | C30: =IF('COMMANDE GD-PUBLIC GSHC'!C15="","",'COMMANDE GD-PUBLIC GSHC'!C15) | D30: =IF('COMMANDE GD-PUBLIC GSHC'!I15="","",'COMMANDE GD-PUBLIC GSHC'!I15)
B31: =IF('COMMANDE GD-PUBLIC GSHC'!D16="","",'COMMANDE GD-PUBLIC GSHC'!D16) | C31: =IF('COMMANDE GD-PUBLIC GSHC'!C16="","",'COMMANDE GD-PUBLIC GSHC'!C16) | D31: =IF('COMMANDE GD-PUBLIC GSHC'!I16="","",'COMMANDE GD-PUBLIC GSHC'!I16)
B36: ='COMMANDE GD-PUBLIC GSHC'!$A$2 -> MATCH GSHC X | C36: ='COMMANDE GD-PUBLIC GSHC'!$C$2 -> SCL TIGERS | E36: DATE | F36: ='COMMANDE GD-PUBLIC GSHC'!$D$2 -> 45974
B38: HEURE DÉBUT MATCH | C38: ='COMMANDE GD-PUBLIC GSHC'!$J$2 -> 0.82291667 | E38: LIEU | F38: PATINOIRE DES VERNETS
B41: POINT DE VENTE | C41: FONCTION | D41: HORAIRES DE PRÉSENCE | H41: SIGNATURE
B42: ='COMMANDE GD-PUBLIC GSHC'!A17 -> BEV 3 | D42: ARRIVÉE | E42: PAUSE | F42: DÉPART | G42: REMARQUE / APPRÉCIATION PAR LE RESPONSABLE
B43: =IF('COMMANDE GD-PUBLIC GSHC'!D17="","",'COMMANDE GD-PUBLIC GSHC'!D17) | C43: =IF('COMMANDE GD-PUBLIC GSHC'!C17="","",'COMMANDE GD-PUBLIC GSHC'!C17) | D43: =IF('COMMANDE GD-PUBLIC GSHC'!I17="","",'COMMANDE GD-PUBLIC GSHC'!I17) -> 0.72916667
B44: =IF('COMMANDE GD-PUBLIC GSHC'!D18="","",'COMMANDE GD-PUBLIC GSHC'!D18) | C44: =IF('COMMANDE GD-PUBLIC GSHC'!C18="","",'COMMANDE GD-PUBLIC GSHC'!C18) | D44: =IF('COMMANDE GD-PUBLIC GSHC'!I18="","",'COMMANDE GD-PUBLIC GSHC'!I18) -> 0.75
B45: =IF('COMMANDE GD-PUBLIC GSHC'!D19="","",'COMMANDE GD-PUBLIC GSHC'!D19) | C45: =IF('COMMANDE GD-PUBLIC GSHC'!C19="","",'COMMANDE GD-PUBLIC GSHC'!C19) | D45: =IF('COMMANDE GD-PUBLIC GSHC'!I19="","",'COMMANDE GD-PUBLIC GSHC'!I19) -> 0.77083333
B46: =IF('COMMANDE GD-PUBLIC GSHC'!D20="","",'COMMANDE GD-PUBLIC GSHC'!D20) | C46: =IF('COMMANDE GD-PUBLIC GSHC'!C20="","",'COMMANDE GD-PUBLIC GSHC'!C20) | D46: =IF('COMMANDE GD-PUBLIC GSHC'!I20="","",'COMMANDE GD-PUBLIC GSHC'!I20) -> 0.79166667
B47: =IF('COMMANDE GD-PUBLIC GSHC'!D21="","",'COMMANDE GD-PUBLIC GSHC'!D21) | C47: =IF('COMMANDE GD-PUBLIC GSHC'!C21="","",'COMMANDE GD-PUBLIC GSHC'!C21) | D47: =IF('COMMANDE GD-PUBLIC GSHC'!I21="","",'COMMANDE GD-PUBLIC GSHC'!I21)
B48: =IF('COMMANDE GD-PUBLIC GSHC'!D22="","",'COMMANDE GD-PUBLIC GSHC'!D22) | C48: =IF('COMMANDE GD-PUBLIC GSHC'!C22="","",'COMMANDE GD-PUBLIC GSHC'!C22) | D48: =IF('COMMANDE GD-PUBLIC GSHC'!I22="","",'COMMANDE GD-PUBLIC GSHC'!I22)
B53: ='COMMANDE GD-PUBLIC GSHC'!$A$2 -> MATCH GSHC X | C53: ='COMMANDE GD-PUBLIC GSHC'!$C$2 -> SCL TIGERS | E53: DATE | F53: ='COMMANDE GD-PUBLIC GSHC'!$D$2 -> 45974
B55: HEURE DÉBUT MATCH | C55: ='COMMANDE GD-PUBLIC GSHC'!$J$2 -> 0.82291667 | E55: LIEU | F55: PATINOIRE DES VERNETS
B58: POINT DE VENTE | C58: FONCTION | D58: HORAIRES DE PRÉSENCE | H58: SIGNATURE
B59: ='COMMANDE GD-PUBLIC GSHC'!A23 -> FOOD 1 | D59: ARRIVÉE | E59: PAUSE | F59: DÉPART | G59: REMARQUE / APPRÉCIATION PAR LE RESPONSABLE
B60: =IF('COMMANDE GD-PUBLIC GSHC'!D23="","",'COMMANDE GD-PUBLIC GSHC'!D23) | C60: =IF('COMMANDE GD-PUBLIC GSHC'!C23="","",'COMMANDE GD-PUBLIC GSHC'!C23) | D60: =IF('COMMANDE GD-PUBLIC GSHC'!I23="","",'COMMANDE GD-PUBLIC GSHC'!I23) -> 0.75
B61: =IF('COMMANDE GD-PUBLIC GSHC'!D24="","",'COMMANDE GD-PUBLIC GSHC'!D24) | C61: =IF('COMMANDE GD-PUBLIC GSHC'!C24="","",'COMMANDE GD-PUBLIC GSHC'!C24) | D61: =IF('COMMANDE GD-PUBLIC GSHC'!I24="","",'COMMANDE GD-PUBLIC GSHC'!I24) -> 0.72916667
B62: =IF('COMMANDE GD-PUBLIC GSHC'!D25="","",'COMMANDE GD-PUBLIC GSHC'!D25) | C62: =IF('COMMANDE GD-PUBLIC GSHC'!C25="","",'COMMANDE GD-PUBLIC GSHC'!C25) | D62: =IF('COMMANDE GD-PUBLIC GSHC'!I25="","",'COMMANDE GD-PUBLIC GSHC'!I25)
B63: =IF('COMMANDE GD-PUBLIC GSHC'!D26="","",'COMMANDE GD-PUBLIC GSHC'!D26) | C63: =IF('COMMANDE GD-PUBLIC GSHC'!C26="","",'COMMANDE GD-PUBLIC GSHC'!C26) | D63: =IF('COMMANDE GD-PUBLIC GSHC'!I26="","",'COMMANDE GD-PUBLIC GSHC'!I26)
B68: ='COMMANDE GD-PUBLIC GSHC'!$A$2 -> MATCH GSHC X | C68: ='COMMANDE GD-PUBLIC GSHC'!$C$2 -> SCL TIGERS | E68: DATE | F68: ='COMMANDE GD-PUBLIC GSHC'!$D$2 -> 45974
B70: HEURE DÉBUT MATCH | C70: ='COMMANDE GD-PUBLIC GSHC'!$J$2 -> 0.82291667 | E70: LIEU | F70: PATINOIRE DES VERNETS
B73: POINT DE VENTE | C73: FONCTION | D73: HORAIRES DE PRÉSENCE | H73: SIGNATURE
B74: ='COMMANDE GD-PUBLIC GSHC'!A27 -> FOOD 2 | D74: ARRIVÉE | E74: PAUSE | F74: DÉPART | G74: REMARQUE / APPRÉCIATION PAR LE RESPONSABLE
B75: =IF('COMMANDE GD-PUBLIC GSHC'!D27="","",'COMMANDE GD-PUBLIC GSHC'!D27) | C75: =IF('COMMANDE GD-PUBLIC GSHC'!C27="","",'COMMANDE GD-PUBLIC GSHC'!C27) | D75: =IF('COMMANDE GD-PUBLIC GSHC'!I27="","",'COMMANDE GD-PUBLIC GSHC'!I27) -> 0.75
B76: =IF('COMMANDE GD-PUBLIC GSHC'!D28="","",'COMMANDE GD-PUBLIC GSHC'!D28) | C76: =IF('COMMANDE GD-PUBLIC GSHC'!C28="","",'COMMANDE GD-PUBLIC GSHC'!C28) | D76: =IF('COMMANDE GD-PUBLIC GSHC'!I28="","",'COMMANDE GD-PUBLIC GSHC'!I28) -> 0.79166667
B77: =IF('COMMANDE GD-PUBLIC GSHC'!D29="","",'COMMANDE GD-PUBLIC GSHC'!D29) | C77: =IF('COMMANDE GD-PUBLIC GSHC'!C29="","",'COMMANDE GD-PUBLIC GSHC'!C29) | D77: =IF('COMMANDE GD-PUBLIC GSHC'!I29="","",'COMMANDE GD-PUBLIC GSHC'!I29)
B78: =IF('COMMANDE GD-PUBLIC GSHC'!D30="","",'COMMANDE GD-PUBLIC GSHC'!D30) | C78: =IF('COMMANDE GD-PUBLIC GSHC'!C30="","",'COMMANDE GD-PUBLIC GSHC'!C30) | D78: =IF('COMMANDE GD-PUBLIC GSHC'!I30="","",'COMMANDE GD-PUBLIC GSHC'!I30)
B84: ='COMMANDE GD-PUBLIC GSHC'!$A$2 -> MATCH GSHC X | C84: ='COMMANDE GD-PUBLIC GSHC'!$C$2 -> SCL TIGERS | E84: DATE | F84: ='COMMANDE GD-PUBLIC GSHC'!$D$2 -> 45974
B86: HEURE DÉBUT MATCH | C86: ='COMMANDE GD-PUBLIC GSHC'!$J$2 -> 0.82291667 | E86: LIEU | F86: PATINOIRE DES VERNETS
B89: POINT DE VENTE | C89: FONCTION | D89: HORAIRES DE PRÉSENCE | H89: SIGNATURE
B90: ='COMMANDE GD-PUBLIC GSHC'!A31 -> CHALET 1 | D90: ARRIVÉE | E90: PAUSE | F90: DÉPART | G90: REMARQUE / APPRÉCIATION PAR LE RESPONSABLE
B91: =IF('COMMANDE GD-PUBLIC GSHC'!D31="","",'COMMANDE GD-PUBLIC GSHC'!D31) | C91: =IF('COMMANDE GD-PUBLIC GSHC'!C31="","",'COMMANDE GD-PUBLIC GSHC'!C31) | D91: =IF('COMMANDE GD-PUBLIC GSHC'!I31="","",'COMMANDE GD-PUBLIC GSHC'!I31) -> 0.72916667
B92: =IF('COMMANDE GD-PUBLIC GSHC'!D32="","",'COMMANDE GD-PUBLIC GSHC'!D32) | C92: =IF('COMMANDE GD-PUBLIC GSHC'!C32="","",'COMMANDE GD-PUBLIC GSHC'!C32) | D92: =IF('COMMANDE GD-PUBLIC GSHC'!I32="","",'COMMANDE GD-PUBLIC GSHC'!I32) -> 0.75
B93: =IF('COMMANDE GD-PUBLIC GSHC'!D33="","",'COMMANDE GD-PUBLIC GSHC'!D33) | C93: =IF('COMMANDE GD-PUBLIC GSHC'!C33="","",'COMMANDE GD-PUBLIC GSHC'!C33) | D93: =IF('COMMANDE GD-PUBLIC GSHC'!I33="","",'COMMANDE GD-PUBLIC GSHC'!I33) -> 0.72916667
B94: =IF('COMMANDE GD-PUBLIC GSHC'!D34="","",'COMMANDE GD-PUBLIC GSHC'!D34) | C94: =IF('COMMANDE GD-PUBLIC GSHC'!C34="","",'COMMANDE GD-PUBLIC GSHC'!C34) | D94: =IF('COMMANDE GD-PUBLIC GSHC'!I34="","",'COMMANDE GD-PUBLIC GSHC'!I34)
B99: ='COMMANDE GD-PUBLIC GSHC'!$A$2 -> MATCH GSHC X | C99: ='COMMANDE GD-PUBLIC GSHC'!$C$2 -> SCL TIGERS | E99: DATE | F99: ='COMMANDE GD-PUBLIC GSHC'!$D$2 -> 45974
B101: HEURE DÉBUT MATCH | C101: ='COMMANDE GD-PUBLIC GSHC'!$J$2 -> 0.82291667 | E101: LIEU | F101: PATINOIRE DES VERNETS
B104: POINT DE VENTE | C104: FONCTION | D104: HORAIRES DE PRÉSENCE | H104: SIGNATURE
B105: ='COMMANDE GD-PUBLIC GSHC'!A35 -> CHALET 2 | D105: ARRIVÉE | E105: PAUSE | F105: DÉPART | G105: REMARQUE / APPRÉCIATION PAR LE RESPONSABLE
B106: =IF('COMMANDE GD-PUBLIC GSHC'!D35="","",'COMMANDE GD-PUBLIC GSHC'!D35) | C106: =IF('COMMANDE GD-PUBLIC GSHC'!C35="","",'COMMANDE GD-PUBLIC GSHC'!C35) | D106: =IF('COMMANDE GD-PUBLIC GSHC'!I35="","",'COMMANDE GD-PUBLIC GSHC'!I35) -> 0.72916667
B107: =IF('COMMANDE GD-PUBLIC GSHC'!D36="","",'COMMANDE GD-PUBLIC GSHC'!D36) | C107: =IF('COMMANDE GD-PUBLIC GSHC'!C36="","",'COMMANDE GD-PUBLIC GSHC'!C36) | D107: =IF('COMMANDE GD-PUBLIC GSHC'!I36="","",'COMMANDE GD-PUBLIC GSHC'!I36) -> 0.72916667
B108: =IF('COMMANDE GD-PUBLIC GSHC'!D37="","",'COMMANDE GD-PUBLIC GSHC'!D37) | C108: =IF('COMMANDE GD-PUBLIC GSHC'!C37="","",'COMMANDE GD-PUBLIC GSHC'!C37) | D108: =IF('COMMANDE GD-PUBLIC GSHC'!I37="","",'COMMANDE GD-PUBLIC GSHC'!I37)
B109: =IF('COMMANDE GD-PUBLIC GSHC'!D38="","",'COMMANDE GD-PUBLIC GSHC'!D38) | C109: =IF('COMMANDE GD-PUBLIC GSHC'!C38="","",'COMMANDE GD-PUBLIC GSHC'!C38) | D109: =IF('COMMANDE GD-PUBLIC GSHC'!I38="","",'COMMANDE GD-PUBLIC GSHC'!I38)
B114: ='COMMANDE GD-PUBLIC GSHC'!$A$2 -> MATCH GSHC X | C114: ='COMMANDE GD-PUBLIC GSHC'!$C$2 -> SCL TIGERS | E114: DATE | F114: ='COMMANDE GD-PUBLIC GSHC'!$D$2 -> 45974
B116: HEURE DÉBUT MATCH | C116: ='COMMANDE GD-PUBLIC GSHC'!$J$2 -> 0.82291667 | E116: LIEU | F116: PATINOIRE DES VERNETS
B119: POINT DE VENTE | C119: FONCTION | D119: HORAIRES DE PRÉSENCE | H119: SIGNATURE
B120: ='COMMANDE GD-PUBLIC GSHC'!A39 -> CHALET 3 | D120: ARRIVÉE | E120: PAUSE | F120: DÉPART | G120: REMARQUE / APPRÉCIATION PAR LE RESPONSABLE
B121: =IF('COMMANDE GD-PUBLIC GSHC'!D39="","",'COMMANDE GD-PUBLIC GSHC'!D39) | C121: =IF('COMMANDE GD-PUBLIC GSHC'!C39="","",'COMMANDE GD-PUBLIC GSHC'!C39) | D121: =IF('COMMANDE GD-PUBLIC GSHC'!I39="","",'COMMANDE GD-PUBLIC GSHC'!I39) -> 0.72916667
B122: =IF('COMMANDE GD-PUBLIC GSHC'!D40="","",'COMMANDE GD-PUBLIC GSHC'!D40) | C122: =IF('COMMANDE GD-PUBLIC GSHC'!C40="","",'COMMANDE GD-PUBLIC GSHC'!C40) | D122: =IF('COMMANDE GD-PUBLIC GSHC'!I40="","",'COMMANDE GD-PUBLIC GSHC'!I40) -> 0.75
B123: =IF('COMMANDE GD-PUBLIC GSHC'!D41="","",'COMMANDE GD-PUBLIC GSHC'!D41) | C123: =IF('COMMANDE GD-PUBLIC GSHC'!C41="","",'COMMANDE GD-PUBLIC GSHC'!C41) | D123: =IF('COMMANDE GD-PUBLIC GSHC'!I41="","",'COMMANDE GD-PUBLIC GSHC'!I41) -> 0.72916667
B124: =IF('COMMANDE GD-PUBLIC GSHC'!D42="","",'COMMANDE GD-PUBLIC GSHC'!D42) | C124: =IF('COMMANDE GD-PUBLIC GSHC'!C42="","",'COMMANDE GD-PUBLIC GSHC'!C42) | D124: =IF('COMMANDE GD-PUBLIC GSHC'!I42="","",'COMMANDE GD-PUBLIC GSHC'!I42)
B129: ='COMMANDE GD-PUBLIC GSHC'!$A$2 -> MATCH GSHC X | C129: ='COMMANDE GD-PUBLIC GSHC'!$C$2 -> SCL TIGERS | E129: DATE | F129: ='COMMANDE GD-PUBLIC GSHC'!$D$2 -> 45974
B131: HEURE DÉBUT MATCH | C131: ='COMMANDE GD-PUBLIC GSHC'!$J$2 -> 0.82291667 | E131: LIEU | F131: PATINOIRE DES VERNETS
B134: POINT DE VENTE | C134: FONCTION | D134: HORAIRES DE PRÉSENCE | H134: SIGNATURE
B135: ='COMMANDE GD-PUBLIC GSHC'!A43 -> PUB EXTÉRIEUR | D135: ARRIVÉE | E135: PAUSE | F135: DÉPART | G135: REMARQUE / APPRÉCIATION PAR LE RESPONSABLE
B136: =IF('COMMANDE GD-PUBLIC GSHC'!D43="","",'COMMANDE GD-PUBLIC GSHC'!D43) | C136: =IF('COMMANDE GD-PUBLIC GSHC'!C43="","",'COMMANDE GD-PUBLIC GSHC'!C43) | D136: =IF('COMMANDE GD-PUBLIC GSHC'!I43="","",'COMMANDE GD-PUBLIC GSHC'!I43) -> 0.75
B137: =IF('COMMANDE GD-PUBLIC GSHC'!D44="","",'COMMANDE GD-PUBLIC GSHC'!D44) | C137: =IF('COMMANDE GD-PUBLIC GSHC'!C44="","",'COMMANDE GD-PUBLIC GSHC'!C44) | D137: =IF('COMMANDE GD-PUBLIC GSHC'!I44="","",'COMMANDE GD-PUBLIC GSHC'!I44)
B138: =IF('COMMANDE GD-PUBLIC GSHC'!D45="","",'COMMANDE GD-PUBLIC GSHC'!D45) | C138: =IF('COMMANDE GD-PUBLIC GSHC'!C45="","",'COMMANDE GD-PUBLIC GSHC'!C45) | D138: =IF('COMMANDE GD-PUBLIC GSHC'!I45="","",'COMMANDE GD-PUBLIC GSHC'!I45)
B143: ='COMMANDE GD-PUBLIC GSHC'!$A$2 -> MATCH GSHC X | C143: ='COMMANDE GD-PUBLIC GSHC'!$C$2 -> SCL TIGERS | E143: DATE | F143: ='COMMANDE GD-PUBLIC GSHC'!$D$2 -> 45974
B145: HEURE DÉBUT MATCH | C145: ='COMMANDE GD-PUBLIC GSHC'!$J$2 -> 0.82291667 | E145: LIEU | F145: PATINOIRE DES VERNETS
B148: POINT DE VENTE | C148: FONCTION | D148: HORAIRES DE PRÉSENCE | H148: SIGNATURE
B149: ='COMMANDE GD-PUBLIC GSHC'!A46 -> BAR 2023 | D149: ARRIVÉE | E149: PAUSE | F149: DÉPART | G149: REMARQUE / APPRÉCIATION PAR LE RESPONSABLE
B150: =IF('COMMANDE GD-PUBLIC GSHC'!D46="","",'COMMANDE GD-PUBLIC GSHC'!D46) | C150: =IF('COMMANDE GD-PUBLIC GSHC'!C46="","",'COMMANDE GD-PUBLIC GSHC'!C46) | D150: =IF('COMMANDE GD-PUBLIC GSHC'!I46="","",'COMMANDE GD-PUBLIC GSHC'!I46) -> 0.70833333
B151: =IF('COMMANDE GD-PUBLIC GSHC'!D47="","",'COMMANDE GD-PUBLIC GSHC'!D47) | C151: =IF('COMMANDE GD-PUBLIC GSHC'!C47="","",'COMMANDE GD-PUBLIC GSHC'!C47) | D151: =IF('COMMANDE GD-PUBLIC GSHC'!I47="","",'COMMANDE GD-PUBLIC GSHC'!I47) -> 0.72916667
B152: =IF('COMMANDE GD-PUBLIC GSHC'!D48="","",'COMMANDE GD-PUBLIC GSHC'!D48) | C152: =IF('COMMANDE GD-PUBLIC GSHC'!C48="","",'COMMANDE GD-PUBLIC GSHC'!C48) | D152: =IF('COMMANDE GD-PUBLIC GSHC'!I48="","",'COMMANDE GD-PUBLIC GSHC'!I48) -> 0.75
B153: =IF('COMMANDE GD-PUBLIC GSHC'!D49="","",'COMMANDE GD-PUBLIC GSHC'!D49) | C153: =IF('COMMANDE GD-PUBLIC GSHC'!C49="","",'COMMANDE GD-PUBLIC GSHC'!C49) | D153: =IF('COMMANDE GD-PUBLIC GSHC'!I49="","",'COMMANDE GD-PUBLIC GSHC'!I49) -> 0.72916667
B154: =IF('COMMANDE GD-PUBLIC GSHC'!D50="","",'COMMANDE GD-PUBLIC GSHC'!D50) | C154: =IF('COMMANDE GD-PUBLIC GSHC'!C50="","",'COMMANDE GD-PUBLIC GSHC'!C50) | D154: =IF('COMMANDE GD-PUBLIC GSHC'!I50="","",'COMMANDE GD-PUBLIC GSHC'!I50) -> 0.72916667
B155: =IF('COMMANDE GD-PUBLIC GSHC'!D51="","",'COMMANDE GD-PUBLIC GSHC'!D51) | C155: =IF('COMMANDE GD-PUBLIC GSHC'!C51="","",'COMMANDE GD-PUBLIC GSHC'!C51) | D155: =IF('COMMANDE GD-PUBLIC GSHC'!I51="","",'COMMANDE GD-PUBLIC GSHC'!I51)
B160: ='COMMANDE GD-PUBLIC GSHC'!$A$2 -> MATCH GSHC X | C160: ='COMMANDE GD-PUBLIC GSHC'!$C$2 -> SCL TIGERS | E160: DATE | F160: ='COMMANDE GD-PUBLIC GSHC'!$D$2 -> 45974
B162: HEURE DÉBUT MATCH | C162: ='COMMANDE GD-PUBLIC GSHC'!$J$2 -> 0.82291667 | E162: LIEU | F162: PATINOIRE DES VERNETS
B165: POINT DE VENTE | C165: FONCTION | D165: HORAIRES DE PRÉSENCE | H165: SIGNATURE
B166: ='COMMANDE GD-PUBLIC GSHC'!A52 -> BAR COCKTAIL | D166: ARRIVÉE | E166: PAUSE | F166: DÉPART | G166: REMARQUE / APPRÉCIATION PAR LE RESPONSABLE
B167: =IF('COMMANDE GD-PUBLIC GSHC'!D52="","",'COMMANDE GD-PUBLIC GSHC'!D52) | C167: =IF('COMMANDE GD-PUBLIC GSHC'!C52="","",'COMMANDE GD-PUBLIC GSHC'!C52) | D167: =IF('COMMANDE GD-PUBLIC GSHC'!I52="","",'COMMANDE GD-PUBLIC GSHC'!I52) -> 0.72916667
B168: =IF('COMMANDE GD-PUBLIC GSHC'!D53="","",'COMMANDE GD-PUBLIC GSHC'!D53) | C168: =IF('COMMANDE GD-PUBLIC GSHC'!C53="","",'COMMANDE GD-PUBLIC GSHC'!C53) | D168: =IF('COMMANDE GD-PUBLIC GSHC'!I53="","",'COMMANDE GD-PUBLIC GSHC'!I53) -> 0.75
B169: =IF('COMMANDE GD-PUBLIC GSHC'!D54="","",'COMMANDE GD-PUBLIC GSHC'!D54) | C169: =IF('COMMANDE GD-PUBLIC GSHC'!C54="","",'COMMANDE GD-PUBLIC GSHC'!C54) | D169: =IF('COMMANDE GD-PUBLIC GSHC'!I54="","",'COMMANDE GD-PUBLIC GSHC'!I54)
B170: =IF('COMMANDE GD-PUBLIC GSHC'!D55="","",'COMMANDE GD-PUBLIC GSHC'!D55) | C170: =IF('COMMANDE GD-PUBLIC GSHC'!C55="","",'COMMANDE GD-PUBLIC GSHC'!C55) | D170: =IF('COMMANDE GD-PUBLIC GSHC'!I55="","",'COMMANDE GD-PUBLIC GSHC'!I55)
B176: ='COMMANDE GD-PUBLIC GSHC'!$A$2 -> MATCH GSHC X | C176: ='COMMANDE GD-PUBLIC GSHC'!$C$2 -> SCL TIGERS | E176: DATE | F176: ='COMMANDE GD-PUBLIC GSHC'!$D$2 -> 45974
B178: HEURE DÉBUT MATCH | C178: ='COMMANDE GD-PUBLIC GSHC'!$J$2 -> 0.82291667 | E178: LIEU | F178: PATINOIRE DES VERNETS
B181: POINT DE VENTE | C181: FONCTION | D181: HORAIRES DE PRÉSENCE | H181: SIGNATURE
B182: ='COMMANDE GD-PUBLIC GSHC'!A57 -> BAR SECRET | D182: ARRIVÉE | E182: PAUSE | F182: DÉPART | G182: REMARQUE / APPRÉCIATION PAR LE RESPONSABLE
B183: =IF('COMMANDE GD-PUBLIC GSHC'!D57="","",'COMMANDE GD-PUBLIC GSHC'!D57) | C183: =IF('COMMANDE GD-PUBLIC GSHC'!C57="","",'COMMANDE GD-PUBLIC GSHC'!C57) | D183: =IF('COMMANDE GD-PUBLIC GSHC'!I57="","",'COMMANDE GD-PUBLIC GSHC'!I57) -> 0.72916667
...

Sheet Feuilles Heures a remplir GSHC
B2: ='COMMANDE GD-PUBLIC GSHC'!$A$2 -> MATCH GSHC X | C2: ='COMMANDE GD-PUBLIC GSHC'!$C$2 -> SCL TIGERS | E2: DATE | F2: ='COMMANDE GD-PUBLIC GSHC'!$D$2 -> 45974
B4: HEURE DÉBUT MATCH | C4: ='COMMANDE GD-PUBLIC GSHC'!$J$2 -> 0.82291667 | E4: LIEU | F4: PATINOIRE DES VERNETS
B7: POINT DE VENTE | C7: FONCTION | D7: HORAIRES DE PRÉSENCE | H7: SIGNATURE
B8: ='COMMANDE GD-PUBLIC GSHC'!A5 -> BEV 1 | D8: ARRIVÉE | E8: PAUSE | F8: DÉPART | G8: REMARQUE / APPRÉCIATION PAR LE RESPONSABLE
B9: =IF('COMMANDE GD-PUBLIC GSHC'!D5="","",'COMMANDE GD-PUBLIC GSHC'!D5) | C9: =IF('COMMANDE GD-PUBLIC GSHC'!C5="","",'COMMANDE GD-PUBLIC GSHC'!C5) | D9: =IF('COMMANDE GD-PUBLIC GSHC'!I5="","",'COMMANDE GD-PUBLIC GSHC'!I5) -> 0.72916667 | H9: FALSE
B10: =IF('COMMANDE GD-PUBLIC GSHC'!D6="","",'COMMANDE GD-PUBLIC GSHC'!D6) | C10: =IF('COMMANDE GD-PUBLIC GSHC'!C6="","",'COMMANDE GD-PUBLIC GSHC'!C6) | D10: =IF('COMMANDE GD-PUBLIC GSHC'!I6="","",'COMMANDE GD-PUBLIC GSHC'!I6) -> 0.75 | H10: FALSE
B11: =IF('COMMANDE GD-PUBLIC GSHC'!D7="","",'COMMANDE GD-PUBLIC GSHC'!D7) | C11: =IF('COMMANDE GD-PUBLIC GSHC'!C7="","",'COMMANDE GD-PUBLIC GSHC'!C7) | D11: =IF('COMMANDE GD-PUBLIC GSHC'!I7="","",'COMMANDE GD-PUBLIC GSHC'!I7) -> 0.77083333 | H11: FALSE
B12: =IF('COMMANDE GD-PUBLIC GSHC'!D8="","",'COMMANDE GD-PUBLIC GSHC'!D8) | C12: =IF('COMMANDE GD-PUBLIC GSHC'!C8="","",'COMMANDE GD-PUBLIC GSHC'!C8) | D12: =IF('COMMANDE GD-PUBLIC GSHC'!I8="","",'COMMANDE GD-PUBLIC GSHC'!I8) -> 0.79166667 | H12: FALSE
B13: =IF('COMMANDE GD-PUBLIC GSHC'!D9="","",'COMMANDE GD-PUBLIC GSHC'!D9) | C13: =IF('COMMANDE GD-PUBLIC GSHC'!C9="","",'COMMANDE GD-PUBLIC GSHC'!C9) | D13: =IF('COMMANDE GD-PUBLIC GSHC'!I9="","",'COMMANDE GD-PUBLIC GSHC'!I9) | H13: FALSE
B14: =IF('COMMANDE GD-PUBLIC GSHC'!D10="","",'COMMANDE GD-PUBLIC GSHC'!D10) | C14: =IF('COMMANDE GD-PUBLIC GSHC'!C10="","",'COMMANDE GD-PUBLIC GSHC'!C10) | D14: =IF('COMMANDE GD-PUBLIC GSHC'!I10="","",'COMMANDE GD-PUBLIC GSHC'!I10) | H14: FALSE
H15: FALSE
B19: ='COMMANDE GD-PUBLIC GSHC'!$A$2 -> MATCH GSHC X | C19: ='COMMANDE GD-PUBLIC GSHC'!$C$2 -> SCL TIGERS | E19: DATE | F19: ='COMMANDE GD-PUBLIC GSHC'!$D$2 -> 45974
B21: HEURE DÉBUT MATCH | C21: ='COMMANDE GD-PUBLIC GSHC'!$J$2 -> 0.82291667 | E21: LIEU | F21: PATINOIRE DES VERNETS
B24: POINT DE VENTE | C24: FONCTION | D24: HORAIRES DE PRÉSENCE | H24: SIGNATURE
B25: ='COMMANDE GD-PUBLIC GSHC'!A11 -> BEV 2 | D25: ARRIVÉE | E25: PAUSE | F25: DÉPART | G25: REMARQUE / APPRÉCIATION PAR LE RESPONSABLE
B26: =IF('COMMANDE GD-PUBLIC GSHC'!D11="","",'COMMANDE GD-PUBLIC GSHC'!D11) | C26: =IF('COMMANDE GD-PUBLIC GSHC'!C11="","",'COMMANDE GD-PUBLIC GSHC'!C11) | D26: =IF('COMMANDE GD-PUBLIC GSHC'!I11="","",'COMMANDE GD-PUBLIC GSHC'!I11) -> 0.72916667 | H26: FALSE
B27: =IF('COMMANDE GD-PUBLIC GSHC'!D12="","",'COMMANDE GD-PUBLIC GSHC'!D12) | C27: =IF('COMMANDE GD-PUBLIC GSHC'!C12="","",'COMMANDE GD-PUBLIC GSHC'!C12) | D27: =IF('COMMANDE GD-PUBLIC GSHC'!I12="","",'COMMANDE GD-PUBLIC GSHC'!I12) -> 0.75 | H27: FALSE
B28: =IF('COMMANDE GD-PUBLIC GSHC'!D13="","",'COMMANDE GD-PUBLIC GSHC'!D13) | C28: =IF('COMMANDE GD-PUBLIC GSHC'!C13="","",'COMMANDE GD-PUBLIC GSHC'!C13) | D28: =IF('COMMANDE GD-PUBLIC GSHC'!I13="","",'COMMANDE GD-PUBLIC GSHC'!I13) -> 0.77083333 | H28: FALSE
B29: =IF('COMMANDE GD-PUBLIC GSHC'!D14="","",'COMMANDE GD-PUBLIC GSHC'!D14) | C29: =IF('COMMANDE GD-PUBLIC GSHC'!C14="","",'COMMANDE GD-PUBLIC GSHC'!C14) | D29: =IF('COMMANDE GD-PUBLIC GSHC'!I14="","",'COMMANDE GD-PUBLIC GSHC'!I14) -> 0.79166667 | H29: FALSE
B30: =IF('COMMANDE GD-PUBLIC GSHC'!D15="","",'COMMANDE GD-PUBLIC GSHC'!D15) | C30: =IF('COMMANDE GD-PUBLIC GSHC'!C15="","",'COMMANDE GD-PUBLIC GSHC'!C15) | D30: =IF('COMMANDE GD-PUBLIC GSHC'!I15="","",'COMMANDE GD-PUBLIC GSHC'!I15) | H30: FALSE
B31: =IF('COMMANDE GD-PUBLIC GSHC'!D16="","",'COMMANDE GD-PUBLIC GSHC'!D16) | C31: =IF('COMMANDE GD-PUBLIC GSHC'!C16="","",'COMMANDE GD-PUBLIC GSHC'!C16) | D31: =IF('COMMANDE GD-PUBLIC GSHC'!I16="","",'COMMANDE GD-PUBLIC GSHC'!I16) | H31: FALSE
H32: FALSE
B36: ='COMMANDE GD-PUBLIC GSHC'!$A$2 -> MATCH GSHC X | C36: ='COMMANDE GD-PUBLIC GSHC'!$C$2 -> SCL TIGERS | E36: DATE | F36: ='COMMANDE GD-PUBLIC GSHC'!$D$2 -> 45974
B38: HEURE DÉBUT MATCH | C38: ='COMMANDE GD-PUBLIC GSHC'!$J$2 -> 0.82291667 | E38: LIEU | F38: PATINOIRE DES VERNETS
B41: POINT DE VENTE | C41: FONCTION | D41: HORAIRES DE PRÉSENCE | H41: SIGNATURE
B42: ='COMMANDE GD-PUBLIC GSHC'!A17 -> BEV 3 | D42: ARRIVÉE | E42: PAUSE | F42: DÉPART | G42: REMARQUE / APPRÉCIATION PAR LE RESPONSABLE
B43: =IF('COMMANDE GD-PUBLIC GSHC'!D17="","",'COMMANDE GD-PUBLIC GSHC'!D17) | C43: =IF('COMMANDE GD-PUBLIC GSHC'!C17="","",'COMMANDE GD-PUBLIC GSHC'!C17) | D43: =IF('COMMANDE GD-PUBLIC GSHC'!I17="","",'COMMANDE GD-PUBLIC GSHC'!I17) -> 0.72916667 | H43: FALSE
B44: =IF('COMMANDE GD-PUBLIC GSHC'!D18="","",'COMMANDE GD-PUBLIC GSHC'!D18) | C44: =IF('COMMANDE GD-PUBLIC GSHC'!C18="","",'COMMANDE GD-PUBLIC GSHC'!C18) | D44: =IF('COMMANDE GD-PUBLIC GSHC'!I18="","",'COMMANDE GD-PUBLIC GSHC'!I18) -> 0.75 | H44: FALSE
B45: =IF('COMMANDE GD-PUBLIC GSHC'!D19="","",'COMMANDE GD-PUBLIC GSHC'!D19) | C45: =IF('COMMANDE GD-PUBLIC GSHC'!C19="","",'COMMANDE GD-PUBLIC GSHC'!C19) | D45: =IF('COMMANDE GD-PUBLIC GSHC'!I19="","",'COMMANDE GD-PUBLIC GSHC'!I19) -> 0.77083333 | H45: FALSE
B46: =IF('COMMANDE GD-PUBLIC GSHC'!D20="","",'COMMANDE GD-PUBLIC GSHC'!D20) | C46: =IF('COMMANDE GD-PUBLIC GSHC'!C20="","",'COMMANDE GD-PUBLIC GSHC'!C20) | D46: =IF('COMMANDE GD-PUBLIC GSHC'!I20="","",'COMMANDE GD-PUBLIC GSHC'!I20) -> 0.79166667 | H46: FALSE
B47: =IF('COMMANDE GD-PUBLIC GSHC'!D21="","",'COMMANDE GD-PUBLIC GSHC'!D21) | C47: =IF('COMMANDE GD-PUBLIC GSHC'!C21="","",'COMMANDE GD-PUBLIC GSHC'!C21) | D47: =IF('COMMANDE GD-PUBLIC GSHC'!I21="","",'COMMANDE GD-PUBLIC GSHC'!I21) | H47: FALSE
B48: =IF('COMMANDE GD-PUBLIC GSHC'!D22="","",'COMMANDE GD-PUBLIC GSHC'!D22) | C48: =IF('COMMANDE GD-PUBLIC GSHC'!C22="","",'COMMANDE GD-PUBLIC GSHC'!C22) | D48: =IF('COMMANDE GD-PUBLIC GSHC'!I22="","",'COMMANDE GD-PUBLIC GSHC'!I22) | H48: FALSE
H49: FALSE
B53: ='COMMANDE GD-PUBLIC GSHC'!$A$2 -> MATCH GSHC X | C53: ='COMMANDE GD-PUBLIC GSHC'!$C$2 -> SCL TIGERS | E53: DATE | F53: ='COMMANDE GD-PUBLIC GSHC'!$D$2 -> 45974
B55: HEURE DÉBUT MATCH | C55: ='COMMANDE GD-PUBLIC GSHC'!$J$2 -> 0.82291667 | E55: LIEU | F55: PATINOIRE DES VERNETS
B58: POINT DE VENTE | C58: FONCTION | D58: HORAIRES DE PRÉSENCE | H58: SIGNATURE
B59: ='COMMANDE GD-PUBLIC GSHC'!A23 -> FOOD 1 | D59: ARRIVÉE | E59: PAUSE | F59: DÉPART | G59: REMARQUE / APPRÉCIATION PAR LE RESPONSABLE
B60: =IF('COMMANDE GD-PUBLIC GSHC'!D23="","",'COMMANDE GD-PUBLIC GSHC'!D23) | C60: =IF('COMMANDE GD-PUBLIC GSHC'!C23="","",'COMMANDE GD-PUBLIC GSHC'!C23) | D60: =IF('COMMANDE GD-PUBLIC GSHC'!I23="","",'COMMANDE GD-PUBLIC GSHC'!I23) -> 0.75 | H60: FALSE
B61: =IF('COMMANDE GD-PUBLIC GSHC'!D24="","",'COMMANDE GD-PUBLIC GSHC'!D24) | C61: =IF('COMMANDE GD-PUBLIC GSHC'!C24="","",'COMMANDE GD-PUBLIC GSHC'!C24) | D61: 17h30 | H61: FALSE
B62: =IF('COMMANDE GD-PUBLIC GSHC'!D25="","",'COMMANDE GD-PUBLIC GSHC'!D25) | C62: =IF('COMMANDE GD-PUBLIC GSHC'!C25="","",'COMMANDE GD-PUBLIC GSHC'!C25) | D62: =IF('COMMANDE GD-PUBLIC GSHC'!I25="","",'COMMANDE GD-PUBLIC GSHC'!I25) | H62: FALSE
B63: =IF('COMMANDE GD-PUBLIC GSHC'!D26="","",'COMMANDE GD-PUBLIC GSHC'!D26) | C63: =IF('COMMANDE GD-PUBLIC GSHC'!C26="","",'COMMANDE GD-PUBLIC GSHC'!C26) | D63: =IF('COMMANDE GD-PUBLIC GSHC'!I26="","",'COMMANDE GD-PUBLIC GSHC'!I26) | H63: FALSE
H64: FALSE
B68: ='COMMANDE GD-PUBLIC GSHC'!$A$2 -> MATCH GSHC X | C68: ='COMMANDE GD-PUBLIC GSHC'!$C$2 -> SCL TIGERS | E68: DATE | F68: ='COMMANDE GD-PUBLIC GSHC'!$D$2 -> 45974
B70: HEURE DÉBUT MATCH | C70: ='COMMANDE GD-PUBLIC GSHC'!$J$2 -> 0.82291667 | E70: LIEU | F70: PATINOIRE DES VERNETS
B73: POINT DE VENTE | C73: FONCTION | D73: HORAIRES DE PRÉSENCE | H73: SIGNATURE
B74: ='COMMANDE GD-PUBLIC GSHC'!A27 -> FOOD 2 | D74: ARRIVÉE | E74: PAUSE | F74: DÉPART | G74: REMARQUE / APPRÉCIATION PAR LE RESPONSABLE
B75: =IF('COMMANDE GD-PUBLIC GSHC'!D27="","",'COMMANDE GD-PUBLIC GSHC'!D27) | C75: =IF('COMMANDE GD-PUBLIC GSHC'!C27="","",'COMMANDE GD-PUBLIC GSHC'!C27) | D75: =IF('COMMANDE GD-PUBLIC GSHC'!I27="","",'COMMANDE GD-PUBLIC GSHC'!I27) -> 0.75 | H75: FALSE
B76: =IF('COMMANDE GD-PUBLIC GSHC'!D28="","",'COMMANDE GD-PUBLIC GSHC'!D28) | C76: =IF('COMMANDE GD-PUBLIC GSHC'!C28="","",'COMMANDE GD-PUBLIC GSHC'!C28) | D76: =IF('COMMANDE GD-PUBLIC GSHC'!I28="","",'COMMANDE GD-PUBLIC GSHC'!I28) -> 0.79166667 | H76: FALSE
B77: =IF('COMMANDE GD-PUBLIC GSHC'!D29="","",'COMMANDE GD-PUBLIC GSHC'!D29) | C77: =IF('COMMANDE GD-PUBLIC GSHC'!C29="","",'COMMANDE GD-PUBLIC GSHC'!C29) | D77: =IF('COMMANDE GD-PUBLIC GSHC'!I29="","",'COMMANDE GD-PUBLIC GSHC'!I29) | H77: FALSE
B78: =IF('COMMANDE GD-PUBLIC GSHC'!D30="","",'COMMANDE GD-PUBLIC GSHC'!D30) | C78: =IF('COMMANDE GD-PUBLIC GSHC'!C30="","",'COMMANDE GD-PUBLIC GSHC'!C30) | D78: =IF('COMMANDE GD-PUBLIC GSHC'!I30="","",'COMMANDE GD-PUBLIC GSHC'!I30) | H78: FALSE
H79: FALSE
B84: ='COMMANDE GD-PUBLIC GSHC'!$A$2 -> MATCH GSHC X | C84: ='COMMANDE GD-PUBLIC GSHC'!$C$2 -> SCL TIGERS | E84: DATE | F84: ='COMMANDE GD-PUBLIC GSHC'!$D$2 -> 45974
B86: HEURE DÉBUT MATCH | C86: ='COMMANDE GD-PUBLIC GSHC'!$J$2 -> 0.82291667 | E86: LIEU | F86: PATINOIRE DES VERNETS
B89: POINT DE VENTE | C89: FONCTION | D89: HORAIRES DE PRÉSENCE | H89: SIGNATURE
B90: ='COMMANDE GD-PUBLIC GSHC'!A31 -> CHALET 1 | D90: ARRIVÉE | E90: PAUSE | F90: DÉPART | G90: REMARQUE / APPRÉCIATION PAR LE RESPONSABLE
B91: =IF('COMMANDE GD-PUBLIC GSHC'!D31="","",'COMMANDE GD-PUBLIC GSHC'!D31) | C91: =IF('COMMANDE GD-PUBLIC GSHC'!C31="","",'COMMANDE GD-PUBLIC GSHC'!C31) | D91: =IF('COMMANDE GD-PUBLIC GSHC'!I31="","",'COMMANDE GD-PUBLIC GSHC'!I31) -> 0.72916667 | H91: FALSE
B92: Elisabeth Mathieu | C92: =IF('COMMANDE GD-PUBLIC GSHC'!C32="","",'COMMANDE GD-PUBLIC GSHC'!C32) | D92: =IF('COMMANDE GD-PUBLIC GSHC'!I32="","",'COMMANDE GD-PUBLIC GSHC'!I32) -> 0.75 | H92: FALSE
B93: =IF('COMMANDE GD-PUBLIC GSHC'!D33="","",'COMMANDE GD-PUBLIC GSHC'!D33) | C93: =IF('COMMANDE GD-PUBLIC GSHC'!C33="","",'COMMANDE GD-PUBLIC GSHC'!C33) | D93: =IF('COMMANDE GD-PUBLIC GSHC'!I33="","",'COMMANDE GD-PUBLIC GSHC'!I33) -> 0.72916667 | H93: FALSE
B94: =IF('COMMANDE GD-PUBLIC GSHC'!D34="","",'COMMANDE GD-PUBLIC GSHC'!D34) | C94: =IF('COMMANDE GD-PUBLIC GSHC'!C34="","",'COMMANDE GD-PUBLIC GSHC'!C34) | D94: =IF('COMMANDE GD-PUBLIC GSHC'!I34="","",'COMMANDE GD-PUBLIC GSHC'!I34) | H94: FALSE
H95: FALSE
B99: ='COMMANDE GD-PUBLIC GSHC'!$A$2 -> MATCH GSHC X | C99: ='COMMANDE GD-PUBLIC GSHC'!$C$2 -> SCL TIGERS | E99: DATE | F99: ='COMMANDE GD-PUBLIC GSHC'!$D$2 -> 45974
B101: HEURE DÉBUT MATCH | C101: ='COMMANDE GD-PUBLIC GSHC'!$J$2 -> 0.82291667 | E101: LIEU | F101: PATINOIRE DES VERNETS
B104: POINT DE VENTE | C104: FONCTION | D104: HORAIRES DE PRÉSENCE | H104: SIGNATURE
B105: ='COMMANDE GD-PUBLIC GSHC'!A35 -> CHALET 2 | D105: ARRIVÉE | E105: PAUSE | F105: DÉPART | G105: REMARQUE / APPRÉCIATION PAR LE RESPONSABLE
B106: =IF('COMMANDE GD-PUBLIC GSHC'!D35="","",'COMMANDE GD-PUBLIC GSHC'!D35) | C106: =IF('COMMANDE GD-PUBLIC GSHC'!C35="","",'COMMANDE GD-PUBLIC GSHC'!C35) | D106: =IF('COMMANDE GD-PUBLIC GSHC'!I35="","",'COMMANDE GD-PUBLIC GSHC'!I35) -> 0.72916667 | H106: FALSE
B107: =IF('COMMANDE GD-PUBLIC GSHC'!D36="","",'COMMANDE GD-PUBLIC GSHC'!D36) | C107: =IF('COMMANDE GD-PUBLIC GSHC'!C36="","",'COMMANDE GD-PUBLIC GSHC'!C36) | D107: =IF('COMMANDE GD-PUBLIC GSHC'!I36="","",'COMMANDE GD-PUBLIC GSHC'!I36) -> 0.72916667 | H107: FALSE
B108: =IF('COMMANDE GD-PUBLIC GSHC'!D37="","",'COMMANDE GD-PUBLIC GSHC'!D37) | C108: =IF('COMMANDE GD-PUBLIC GSHC'!C37="","",'COMMANDE GD-PUBLIC GSHC'!C37) | D108: =IF('COMMANDE GD-PUBLIC GSHC'!I37="","",'COMMANDE GD-PUBLIC GSHC'!I37) | H108: FALSE
B109: =IF('COMMANDE GD-PUBLIC GSHC'!D38="","",'COMMANDE GD-PUBLIC GSHC'!D38) | C109: =IF('COMMANDE GD-PUBLIC GSHC'!C38="","",'COMMANDE GD-PUBLIC GSHC'!C38) | D109: =IF('COMMANDE GD-PUBLIC GSHC'!I38="","",'COMMANDE GD-PUBLIC GSHC'!I38) | H109: FALSE
H110: FALSE
B114: ='COMMANDE GD-PUBLIC GSHC'!$A$2 -> MATCH GSHC X | C114: ='COMMANDE GD-PUBLIC GSHC'!$C$2 -> SCL TIGERS | E114: DATE | F114: ='COMMANDE GD-PUBLIC GSHC'!$D$2 -> 45974
B116: HEURE DÉBUT MATCH | C116: ='COMMANDE GD-PUBLIC GSHC'!$J$2 -> 0.82291667 | E116: LIEU | F116: PATINOIRE DES VERNETS
B119: POINT DE VENTE | C119: FONCTION | D119: HORAIRES DE PRÉSENCE | H119: SIGNATURE
B120: ='COMMANDE GD-PUBLIC GSHC'!A39 -> CHALET 3 | D120: ARRIVÉE | E120: PAUSE | F120: DÉPART | G120: REMARQUE / APPRÉCIATION PAR LE RESPONSABLE
B121: =IF('COMMANDE GD-PUBLIC GSHC'!D39="","",'COMMANDE GD-PUBLIC GSHC'!D39) | C121: =IF('COMMANDE GD-PUBLIC GSHC'!C39="","",'COMMANDE GD-PUBLIC GSHC'!C39) | D121: =IF('COMMANDE GD-PUBLIC GSHC'!I39="","",'COMMANDE GD-PUBLIC GSHC'!I39) -> 0.72916667 | H121: FALSE
B122: Léo Julien wilfried Emanuel | C122: =IF('COMMANDE GD-PUBLIC GSHC'!C40="","",'COMMANDE GD-PUBLIC GSHC'!C40) | D122: =IF('COMMANDE GD-PUBLIC GSHC'!I40="","",'COMMANDE GD-PUBLIC GSHC'!I40) -> 0.75 | H122: FALSE
B123: Zidoun Hampton | C123: =IF('COMMANDE GD-PUBLIC GSHC'!C41="","",'COMMANDE GD-PUBLIC GSHC'!C41) | D123: 0.72916667 | H123: FALSE
B124: =IF('COMMANDE GD-PUBLIC GSHC'!D42="","",'COMMANDE GD-PUBLIC GSHC'!D42) | C124: =IF('COMMANDE GD-PUBLIC GSHC'!C42="","",'COMMANDE GD-PUBLIC GSHC'!C42) | D124: =IF('COMMANDE GD-PUBLIC GSHC'!I42="","",'COMMANDE GD-PUBLIC GSHC'!I42) | H124: FALSE
H125: FALSE
B129: ='COMMANDE GD-PUBLIC GSHC'!$A$2 -> MATCH GSHC X | C129: ='COMMANDE GD-PUBLIC GSHC'!$C$2 -> SCL TIGERS | E129: DATE | F129: ='COMMANDE GD-PUBLIC GSHC'!$D$2 -> 45974
B131: HEURE DÉBUT MATCH | C131: ='COMMANDE GD-PUBLIC GSHC'!$J$2 -> 0.82291667 | E131: LIEU | F131: PATINOIRE DES VERNETS
B134: POINT DE VENTE | C134: FONCTION | D134: HORAIRES DE PRÉSENCE | H134: SIGNATURE
B135: ='COMMANDE GD-PUBLIC GSHC'!A43 -> PUB EXTÉRIEUR | D135: ARRIVÉE | E135: PAUSE | F135: DÉPART | G135: REMARQUE / APPRÉCIATION PAR LE RESPONSABLE
B136: =IF('COMMANDE GD-PUBLIC GSHC'!D43="","",'COMMANDE GD-PUBLIC GSHC'!D43) | C136: =IF('COMMANDE GD-PUBLIC GSHC'!C43="","",'COMMANDE GD-PUBLIC GSHC'!C43) | D136: =IF('COMMANDE GD-PUBLIC GSHC'!I43="","",'COMMANDE GD-PUBLIC GSHC'!I43) -> 0.75 | H136: FALSE
B137: =IF('COMMANDE GD-PUBLIC GSHC'!D44="","",'COMMANDE GD-PUBLIC GSHC'!D44) | C137: =IF('COMMANDE GD-PUBLIC GSHC'!C44="","",'COMMANDE GD-PUBLIC GSHC'!C44) | D137: =IF('COMMANDE GD-PUBLIC GSHC'!I44="","",'COMMANDE GD-PUBLIC GSHC'!I44) | H137: FALSE
B138: =IF('COMMANDE GD-PUBLIC GSHC'!D45="","",'COMMANDE GD-PUBLIC GSHC'!D45) | C138: =IF('COMMANDE GD-PUBLIC GSHC'!C45="","",'COMMANDE GD-PUBLIC GSHC'!C45) | D138: =IF('COMMANDE GD-PUBLIC GSHC'!I45="","",'COMMANDE GD-PUBLIC GSHC'!I45) | H138: FALSE
H139: FALSE
B143: ='COMMANDE GD-PUBLIC GSHC'!$A$2 -> MATCH GSHC X | C143: ='COMMANDE GD-PUBLIC GSHC'!$C$2 -> SCL TIGERS | E143: DATE | F143: ='COMMANDE GD-PUBLIC GSHC'!$D$2 -> 45974
B145: HEURE DÉBUT MATCH | C145: ='COMMANDE GD-PUBLIC GSHC'!$J$2 -> 0.82291667 | E145: LIEU | F145: PATINOIRE DES VERNETS
B148: POINT DE VENTE | C148: FONCTION | D148: HORAIRES DE PRÉSENCE | H148: SIGNATURE
B149: ='COMMANDE GD-PUBLIC GSHC'!A46 -> BAR 2023 | D149: ARRIVÉE | E149: PAUSE | F149: DÉPART | G149: REMARQUE / APPRÉCIATION PAR LE RESPONSABLE
B150: =IF('COMMANDE GD-PUBLIC GSHC'!D46="","",'COMMANDE GD-PUBLIC GSHC'!D46) | C150: =IF('COMMANDE GD-PUBLIC GSHC'!C46="","",'COMMANDE GD-PUBLIC GSHC'!C46) | D150: =IF('COMMANDE GD-PUBLIC GSHC'!I46="","",'COMMANDE GD-PUBLIC GSHC'!I46) -> 0.70833333 | H150: FALSE
B151: =IF('COMMANDE GD-PUBLIC GSHC'!D47="","",'COMMANDE GD-PUBLIC GSHC'!D47) | C151: =IF('COMMANDE GD-PUBLIC GSHC'!C47="","",'COMMANDE GD-PUBLIC GSHC'!C47) | D151: =IF('COMMANDE GD-PUBLIC GSHC'!I47="","",'COMMANDE GD-PUBLIC GSHC'!I47) -> 0.72916667 | H151: FALSE
B152: =IF('COMMANDE GD-PUBLIC GSHC'!D48="","",'COMMANDE GD-PUBLIC GSHC'!D48) | C152: =IF('COMMANDE GD-PUBLIC GSHC'!C48="","",'COMMANDE GD-PUBLIC GSHC'!C48) | D152: =IF('COMMANDE GD-PUBLIC GSHC'!I48="","",'COMMANDE GD-PUBLIC GSHC'!I48) -> 0.75 | H152: FALSE
B153: =IF('COMMANDE GD-PUBLIC GSHC'!D49="","",'COMMANDE GD-PUBLIC GSHC'!D49) | C153: =IF('COMMANDE GD-PUBLIC GSHC'!C49="","",'COMMANDE GD-PUBLIC GSHC'!C49) | D153: =IF('COMMANDE GD-PUBLIC GSHC'!I49="","",'COMMANDE GD-PUBLIC GSHC'!I49) -> 0.72916667 | H153: FALSE
B154: =IF('COMMANDE GD-PUBLIC GSHC'!D50="","",'COMMANDE GD-PUBLIC GSHC'!D50) | C154: =IF('COMMANDE GD-PUBLIC GSHC'!C50="","",'COMMANDE GD-PUBLIC GSHC'!C50) | D154: =IF('COMMANDE GD-PUBLIC GSHC'!I50="","",'COMMANDE GD-PUBLIC GSHC'!I50) -> 0.72916667 | H154: FALSE
B155: Radureau philippe | C155: =IF('COMMANDE GD-PUBLIC GSHC'!C51="","",'COMMANDE GD-PUBLIC GSHC'!C51) | D155: 0.70833333 | H155: FALSE
H156: FALSE
B160: ='COMMANDE GD-PUBLIC GSHC'!$A$2 -> MATCH GSHC X | C160: ='COMMANDE GD-PUBLIC GSHC'!$C$2 -> SCL TIGERS | E160: DATE | F160: ='COMMANDE GD-PUBLIC GSHC'!$D$2 -> 45974
B162: HEURE DÉBUT MATCH | C162: ='COMMANDE GD-PUBLIC GSHC'!$J$2 -> 0.82291667 | E162: LIEU | F162: PATINOIRE DES VERNETS
B165: POINT DE VENTE | C165: FONCTION | D165: HORAIRES DE PRÉSENCE | H165: SIGNATURE
...

Sheet COMMANDE GD-PUBLIC SFC
I1: OUVERT | J1: MATCH
A2: MATCH SFC X | C2: FC THOUNE | D2: 45969 | I2: 0.79166667 | J2: 0.85416667 | S2: COLONNE MASQUÉE
A3: PARTIE PRIME | D3: PARTIE HOTELIS | I3: HORAIRES INFOS | U3: A | V3: B | W3: E | X3: F | Y3: G
A4: LIEU | B4: NBR | C4: POSTE | D4: NOM ET PRÉNOM | E4: N° CONTRAT | F4: EMAIL CANDIDATS | G4: N° TÉL | H4: SALAIRE HORAIRE | I4: DÉBUT | J4: FIN ESTIMÉE | K4: COLONNE MASQUÉE | L4: PAUSE | M4: TOTAL COLONNE MASQUÉE | N4: COLONNE MASQUÉE Nbr heure avant 6h après 23h | O4: TOTAL DÉCIMAL | P4: TOTAL HEURE NORMAL DÉCIMAL | Q4: TOTAL HEURE SUPPL. DÉCIMAL | S4: 0.25 | T4: 0.95833333 | U4: -0.95833333 | V4: -0.70833333 | W4: 0.00069444444 | X4: 0.040972222 | Y4: 8600
A5: NORD 1 | I5: 0.75 | J5: 0.9375 | K5: =J5+$Y$4 -> 8600.9375 | L5: 0 | M5: =IF($I5="","",IF($J5<$I5,($J5+86400)-$I5-$L5,$J5-$I5-$L5)) -> 0.1875 | N5: =IF(J5="","",IF(AND($U$4<=(J5-$T$4),(J5-$T$4)<=$V$4),(K5-$T$4),"00:00")+IF(AND($W$4<=(J5-$T$4),(J5-$T$4)<=$X$4),(J5-$T$4),"00:00")+IF(($S$4-I5)<0,"00:00",($S$4-I5))) -> 0 | O5: =IF($C5="","",(HOUR($M5)*60+MINUTE($M5))/60) | P5: =IF(O5="","",O5-Q5) | Q5: =IF($C5="","",(HOUR($N5)*60+MINUTE($N5))/60)
I6: 0.75 | J6: 0.89583333 | K6: =J6+$Y$4 -> 8600.8958 | L6: 0 | M6: =IF($I6="","",IF($J6<$I6,($J6+86400)-$I6-$L6,$J6-$I6-$L6)) -> 0.14583333 | N6: =IF(J6="","",IF(AND($U$4<=(J6-$T$4),(J6-$T$4)<=$V$4),(K6-$T$4),"00:00")+IF(AND($W$4<=(J6-$T$4),(J6-$T$4)<=$X$4),(J6-$T$4),"00:00")+IF(($S$4-I6)<0,"00:00",($S$4-I6))) -> 0 | O6: =IF($C6="","",(HOUR($M6)*60+MINUTE($M6))/60) | P6: =IF(O6="","",O6-Q6) | Q6: =IF($C6="","",(HOUR($N6)*60+MINUTE($N6))/60)
I7: 0.77083333 | J7: 0.89583333 | K7: =J7+$Y$4 -> 8600.8958 | L7: 0 | M7: =IF($I7="","",IF($J7<$I7,($J7+86400)-$I7-$L7,$J7-$I7-$L7)) -> 0.125 | N7: =IF(J7="","",IF(AND($U$4<=(J7-$T$4),(J7-$T$4)<=$V$4),(K7-$T$4),"00:00")+IF(AND($W$4<=(J7-$T$4),(J7-$T$4)<=$X$4),(J7-$T$4),"00:00")+IF(($S$4-I7)<0,"00:00",($S$4-I7))) -> 0 | O7: =IF($C7="","",(HOUR($M7)*60+MINUTE($M7))/60) | P7: =IF(O7="","",O7-Q7) | Q7: =IF($C7="","",(HOUR($N7)*60+MINUTE($N7))/60)
I8: 0.77083333 | J8: 0.9375 | K8: =J8+$Y$4 -> 8600.9375 | L8: 0 | M8: =IF($I8="","",IF($J8<$I8,($J8+86400)-$I8-$L8,$J8-$I8-$L8)) -> 0.16666667 | N8: =IF(J8="","",IF(AND($U$4<=(J8-$T$4),(J8-$T$4)<=$V$4),(K8-$T$4),"00:00")+IF(AND($W$4<=(J8-$T$4),(J8-$T$4)<=$X$4),(J8-$T$4),"00:00")+IF(($S$4-I8)<0,"00:00",($S$4-I8))) -> 0 | O8: =IF($C8="","",(HOUR($M8)*60+MINUTE($M8))/60) | P8: =IF(O8="","",O8-Q8) | Q8: =IF($C8="","",(HOUR($N8)*60+MINUTE($N8))/60)
I9: 0.79166667 | J9: 0.91666667 | K9: =J9+$Y$4 -> 8600.9167 | L9: 0 | M9: =IF($I9="","",IF($J9<$I9,($J9+86400)-$I9-$L9,$J9-$I9-$L9)) -> 0.125 | N9: =IF(J9="","",IF(AND($U$4<=(J9-$T$4),(J9-$T$4)<=$V$4),(K9-$T$4),"00:00")+IF(AND($W$4<=(J9-$T$4),(J9-$T$4)<=$X$4),(J9-$T$4),"00:00")+IF(($S$4-I9)<0,"00:00",($S$4-I9))) -> 0 | O9: =IF($C9="","",(HOUR($M9)*60+MINUTE($M9))/60) | P9: =IF(O9="","",O9-Q9) | Q9: =IF($C9="","",(HOUR($N9)*60+MINUTE($N9))/60)
I10: 0.79166667 | J10: 0.91666667 | K10: =J10+$Y$4 -> 8600.9167 | L10: 0 | M10: =IF($I10="","",IF($J10<$I10,($J10+86400)-$I10-$L10,$J10-$I10-$L10)) -> 0.125 | N10: =IF(J10="","",IF(AND($U$4<=(J10-$T$4),(J10-$T$4)<=$V$4),(K10-$T$4),"00:00")+IF(AND($W$4<=(J10-$T$4),(J10-$T$4)<=$X$4),(J10-$T$4),"00:00")+IF(($S$4-I10)<0,"00:00",($S$4-I10))) -> 0 | O10: =IF($C10="","",(HOUR($M10)*60+MINUTE($M10))/60) | P10: =IF(O10="","",O10-Q10) | Q10: =IF($C10="","",(HOUR($N10)*60+MINUTE($N10))/60)
I11: 0.79166667 | J11: 0.91666667 | K11: =J11+$Y$4 -> 8600.9167 | L11: 0 | M11: =IF($I11="","",IF($J11<$I11,($J11+86400)-$I11-$L11,$J11-$I11-$L11)) -> 0.125 | N11: =IF(J11="","",IF(AND($U$4<=(J11-$T$4),(J11-$T$4)<=$V$4),(K11-$T$4),"00:00")+IF(AND($W$4<=(J11-$T$4),(J11-$T$4)<=$X$4),(J11-$T$4),"00:00")+IF(($S$4-I11)<0,"00:00",($S$4-I11))) -> 0 | O11: =IF($C11="","",(HOUR($M11)*60+MINUTE($M11))/60) | P11: =IF(O11="","",O11-Q11) | Q11: =IF($C11="","",(HOUR($N11)*60+MINUTE($N11))/60)
I12: 0.8125 | J12: 0.9375 | K12: =J12+$Y$4 -> 8600.9375 | L12: 0 | M12: =IF($I12="","",IF($J12<$I12,($J12+86400)-$I12-$L12,$J12-$I12-$L12)) -> 0.125 | N12: =IF(J12="","",IF(AND($U$4<=(J12-$T$4),(J12-$T$4)<=$V$4),(K12-$T$4),"00:00")+IF(AND($W$4<=(J12-$T$4),(J12-$T$4)<=$X$4),(J12-$T$4),"00:00")+IF(($S$4-I12)<0,"00:00",($S$4-I12))) -> 0 | O12: =IF($C12="","",(HOUR($M12)*60+MINUTE($M12))/60) | P12: =IF(O12="","",O12-Q12) | Q12: =IF($C12="","",(HOUR($N12)*60+MINUTE($N12))/60)
I13: 0.8125 | J13: 0.9375 | K13: =J13+$Y$4 -> 8600.9375 | L13: 0 | M13: =IF($I13="","",IF($J13<$I13,($J13+86400)-$I13-$L13,$J13-$I13-$L13)) -> 0.125 | N13: =IF(J13="","",IF(AND($U$4<=(J13-$T$4),(J13-$T$4)<=$V$4),(K13-$T$4),"00:00")+IF(AND($W$4<=(J13-$T$4),(J13-$T$4)<=$X$4),(J13-$T$4),"00:00")+IF(($S$4-I13)<0,"00:00",($S$4-I13))) -> 0 | O13: =IF($C13="","",(HOUR($M13)*60+MINUTE($M13))/60) | P13: =IF(O13="","",O13-Q13) | Q13: =IF($C13="","",(HOUR($N13)*60+MINUTE($N13))/60)
I14: 0.75 | J14: 0.91666667 | K14: =J14+$Y$4 -> 8600.9167 | L14: 0 | M14: =IF($I14="","",IF($J14<$I14,($J14+86400)-$I14-$L14,$J14-$I14-$L14)) -> 0.16666667 | N14: =IF(J14="","",IF(AND($U$4<=(J14-$T$4),(J14-$T$4)<=$V$4),(K14-$T$4),"00:00")+IF(AND($W$4<=(J14-$T$4),(J14-$T$4)<=$X$4),(J14-$T$4),"00:00")+IF(($S$4-I14)<0,"00:00",($S$4-I14))) -> 0 | O14: =IF($C14="","",(HOUR($M14)*60+MINUTE($M14))/60) | P14: =IF(O14="","",O14-Q14) | Q14: =IF($C14="","",(HOUR($N14)*60+MINUTE($N14))/60)
I15: 0.75 | J15: 0.91666667 | K15: =J15+$Y$4 -> 8600.9167 | L15: 0 | M15: =IF($I15="","",IF($J15<$I15,($J15+86400)-$I15-$L15,$J15-$I15-$L15)) -> 0.16666667 | N15: =IF(J15="","",IF(AND($U$4<=(J15-$T$4),(J15-$T$4)<=$V$4),(K15-$T$4),"00:00")+IF(AND($W$4<=(J15-$T$4),(J15-$T$4)<=$X$4),(J15-$T$4),"00:00")+IF(($S$4-I15)<0,"00:00",($S$4-I15))) -> 0 | O15: =IF($C15="","",(HOUR($M15)*60+MINUTE($M15))/60) | P15: =IF(O15="","",O15-Q15) | Q15: =IF($C15="","",(HOUR($N15)*60+MINUTE($N15))/60)
I16: 0.75 | J16: 0.91666667 | K16: =J16+$Y$4 -> 8600.9167 | L16: 0 | M16: =IF($I16="","",IF($J16<$I16,($J16+86400)-$I16-$L16,$J16-$I16-$L16)) -> 0.16666667 | N16: =IF(J16="","",IF(AND($U$4<=(J16-$T$4),(J16-$T$4)<=$V$4),(K16-$T$4),"00:00")+IF(AND($W$4<=(J16-$T$4),(J16-$T$4)<=$X$4),(J16-$T$4),"00:00")+IF(($S$4-I16)<0,"00:00",($S$4-I16))) -> 0 | O16: =IF($C16="","",(HOUR($M16)*60+MINUTE($M16))/60) | P16: =IF(O16="","",O16-Q16) | Q16: =IF($C16="","",(HOUR($N16)*60+MINUTE($N16))/60)
K17: =J17+$Y$4 -> 8600 | L17: 0 | M17: =IF($I17="","",IF($J17<$I17,($J17+86400)-$I17-$L17,$J17-$I17-$L17)) | N17: =IF(J17="","",IF(AND($U$4<=(J17-$T$4),(J17-$T$4)<=$V$4),(K17-$T$4),"00:00")+IF(AND($W$4<=(J17-$T$4),(J17-$T$4)<=$X$4),(J17-$T$4),"00:00")+IF(($S$4-I17)<0,"00:00",($S$4-I17))) | O17: =IF($C17="","",(HOUR($M17)*60+MINUTE($M17))/60) | P17: =IF(O17="","",O17-Q17) | Q17: =IF($C17="","",(HOUR($N17)*60+MINUTE($N17))/60)
A18: NORD 2 | I18: 0.75 | J18: 0.9375 | K18: =J18+$Y$4 -> 8600.9375 | L18: 0 | M18: =IF($I18="","",IF($J18<$I18,($J18+86400)-$I18-$L18,$J18-$I18-$L18)) -> 0.1875 | N18: =IF(J18="","",IF(AND($U$4<=(J18-$T$4),(J18-$T$4)<=$V$4),(K18-$T$4),"00:00")+IF(AND($W$4<=(J18-$T$4),(J18-$T$4)<=$X$4),(J18-$T$4),"00:00")+IF(($S$4-I18)<0,"00:00",($S$4-I18))) -> 0 | O18: =IF($C18="","",(HOUR($M18)*60+MINUTE($M18))/60) | P18: =IF(O18="","",O18-Q18) | Q18: =IF($C18="","",(HOUR($N18)*60+MINUTE($N18))/60)
I19: 0.75 | J19: 0.89583333 | K19: =J19+$Y$4 -> 8600.8958 | L19: 0 | M19: =IF($I19="","",IF($J19<$I19,($J19+86400)-$I19-$L19,$J19-$I19-$L19)) -> 0.14583333 | N19: =IF(J19="","",IF(AND($U$4<=(J19-$T$4),(J19-$T$4)<=$V$4),(K19-$T$4),"00:00")+IF(AND($W$4<=(J19-$T$4),(J19-$T$4)<=$X$4),(J19-$T$4),"00:00")+IF(($S$4-I19)<0,"00:00",($S$4-I19))) -> 0 | O19: =IF($C19="","",(HOUR($M19)*60+MINUTE($M19))/60) | P19: =IF(O19="","",O19-Q19) | Q19: =IF($C19="","",(HOUR($N19)*60+MINUTE($N19))/60)
I20: 0.77083333 | J20: 0.89583333 | K20: =J20+$Y$4 -> 8600.8958 | L20: 0 | M20: =IF($I20="","",IF($J20<$I20,($J20+86400)-$I20-$L20,$J20-$I20-$L20)) -> 0.125 | N20: =IF(J20="","",IF(AND($U$4<=(J20-$T$4),(J20-$T$4)<=$V$4),(K20-$T$4),"00:00")+IF(AND($W$4<=(J20-$T$4),(J20-$T$4)<=$X$4),(J20-$T$4),"00:00")+IF(($S$4-I20)<0,"00:00",($S$4-I20))) -> 0 | O20: =IF($C20="","",(HOUR($M20)*60+MINUTE($M20))/60) | P20: =IF(O20="","",O20-Q20) | Q20: =IF($C20="","",(HOUR($N20)*60+MINUTE($N20))/60)
I21: 0.77083333 | J21: 0.9375 | K21: =J21+$Y$4 -> 8600.9375 | L21: 0 | M21: =IF($I21="","",IF($J21<$I21,($J21+86400)-$I21-$L21,$J21-$I21-$L21)) -> 0.16666667 | N21: =IF(J21="","",IF(AND($U$4<=(J21-$T$4),(J21-$T$4)<=$V$4),(K21-$T$4),"00:00")+IF(AND($W$4<=(J21-$T$4),(J21-$T$4)<=$X$4),(J21-$T$4),"00:00")+IF(($S$4-I21)<0,"00:00",($S$4-I21))) -> 0 | O21: =IF($C21="","",(HOUR($M21)*60+MINUTE($M21))/60) | P21: =IF(O21="","",O21-Q21) | Q21: =IF($C21="","",(HOUR($N21)*60+MINUTE($N21))/60)
I22: 0.79166667 | J22: 0.91666667 | K22: =J22+$Y$4 -> 8600.9167 | L22: 0 | M22: =IF($I22="","",IF($J22<$I22,($J22+86400)-$I22-$L22,$J22-$I22-$L22)) -> 0.125 | N22: =IF(J22="","",IF(AND($U$4<=(J22-$T$4),(J22-$T$4)<=$V$4),(K22-$T$4),"00:00")+IF(AND($W$4<=(J22-$T$4),(J22-$T$4)<=$X$4),(J22-$T$4),"00:00")+IF(($S$4-I22)<0,"00:00",($S$4-I22))) -> 0 | O22: =IF($C22="","",(HOUR($M22)*60+MINUTE($M22))/60) | P22: =IF(O22="","",O22-Q22) | Q22: =IF($C22="","",(HOUR($N22)*60+MINUTE($N22))/60)
I23: 0.79166667 | J23: 0.91666667 | K23: =J23+$Y$4 -> 8600.9167 | L23: 0 | M23: =IF($I23="","",IF($J23<$I23,($J23+86400)-$I23-$L23,$J23-$I23-$L23)) -> 0.125 | N23: =IF(J23="","",IF(AND($U$4<=(J23-$T$4),(J23-$T$4)<=$V$4),(K23-$T$4),"00:00")+IF(AND($W$4<=(J23-$T$4),(J23-$T$4)<=$X$4),(J23-$T$4),"00:00")+IF(($S$4-I23)<0,"00:00",($S$4-I23))) -> 0 | O23: =IF($C23="","",(HOUR($M23)*60+MINUTE($M23))/60) | P23: =IF(O23="","",O23-Q23) | Q23: =IF($C23="","",(HOUR($N23)*60+MINUTE($N23))/60)
I24: 0.79166667 | J24: 0.91666667 | K24: =J24+$Y$4 -> 8600.9167 | L24: 0 | M24: =IF($I24="","",IF($J24<$I24,($J24+86400)-$I24-$L24,$J24-$I24-$L24)) -> 0.125 | N24: =IF(J24="","",IF(AND($U$4<=(J24-$T$4),(J24-$T$4)<=$V$4),(K24-$T$4),"00:00")+IF(AND($W$4<=(J24-$T$4),(J24-$T$4)<=$X$4),(J24-$T$4),"00:00")+IF(($S$4-I24)<0,"00:00",($S$4-I24))) -> 0 | O24: =IF($C24="","",(HOUR($M24)*60+MINUTE($M24))/60) | P24: =IF(O24="","",O24-Q24) | Q24: =IF($C24="","",(HOUR($N24)*60+MINUTE($N24))/60)
I25: 0.8125 | J25: 0.9375 | K25: =J25+$Y$4 -> 8600.9375 | L25: 0 | M25: =IF($I25="","",IF($J25<$I25,($J25+86400)-$I25-$L25,$J25-$I25-$L25)) -> 0.125 | N25: =IF(J25="","",IF(AND($U$4<=(J25-$T$4),(J25-$T$4)<=$V$4),(K25-$T$4),"00:00")+IF(AND($W$4<=(J25-$T$4),(J25-$T$4)<=$X$4),(J25-$T$4),"00:00")+IF(($S$4-I25)<0,"00:00",($S$4-I25))) -> 0 | O25: =IF($C25="","",(HOUR($M25)*60+MINUTE($M25))/60) | P25: =IF(O25="","",O25-Q25) | Q25: =IF($C25="","",(HOUR($N25)*60+MINUTE($N25))/60)
I26: 0.8125 | J26: 0.9375 | K26: =J26+$Y$4 -> 8600.9375 | L26: 0 | M26: =IF($I26="","",IF($J26<$I26,($J26+86400)-$I26-$L26,$J26-$I26-$L26)) -> 0.125 | N26: =IF(J26="","",IF(AND($U$4<=(J26-$T$4),(J26-$T$4)<=$V$4),(K26-$T$4),"00:00")+IF(AND($W$4<=(J26-$T$4),(J26-$T$4)<=$X$4),(J26-$T$4),"00:00")+IF(($S$4-I26)<0,"00:00",($S$4-I26))) -> 0 | O26: =IF($C26="","",(HOUR($M26)*60+MINUTE($M26))/60) | P26: =IF(O26="","",O26-Q26) | Q26: =IF($C26="","",(HOUR($N26)*60+MINUTE($N26))/60)
I27: 0.75 | J27: 0.91666667 | K27: =J27+$Y$4 -> 8600.9167 | L27: 0 | M27: =IF($I27="","",IF($J27<$I27,($J27+86400)-$I27-$L27,$J27-$I27-$L27)) -> 0.16666667 | N27: =IF(J27="","",IF(AND($U$4<=(J27-$T$4),(J27-$T$4)<=$V$4),(K27-$T$4),"00:00")+IF(AND($W$4<=(J27-$T$4),(J27-$T$4)<=$X$4),(J27-$T$4),"00:00")+IF(($S$4-I27)<0,"00:00",($S$4-I27))) -> 0 | O27: =IF($C27="","",(HOUR($M27)*60+MINUTE($M27))/60) | P27: =IF(O27="","",O27-Q27) | Q27: =IF($C27="","",(HOUR($N27)*60+MINUTE($N27))/60)
I28: 0.75 | J28: 0.91666667 | K28: =J28+$Y$4 -> 8600.9167 | L28: 0 | M28: =IF($I28="","",IF($J28<$I28,($J28+86400)-$I28-$L28,$J28-$I28-$L28)) -> 0.16666667 | N28: =IF(J28="","",IF(AND($U$4<=(J28-$T$4),(J28-$T$4)<=$V$4),(K28-$T$4),"00:00")+IF(AND($W$4<=(J28-$T$4),(J28-$T$4)<=$X$4),(J28-$T$4),"00:00")+IF(($S$4-I28)<0,"00:00",($S$4-I28))) -> 0 | O28: =IF($C28="","",(HOUR($M28)*60+MINUTE($M28))/60) | P28: =IF(O28="","",O28-Q28) | Q28: =IF($C28="","",(HOUR($N28)*60+MINUTE($N28))/60)
I29: 0.75 | J29: 0.91666667 | K29: =J29+$Y$4 -> 8600.9167 | L29: 0 | M29: =IF($I29="","",IF($J29<$I29,($J29+86400)-$I29-$L29,$J29-$I29-$L29)) -> 0.16666667 | N29: =IF(J29="","",IF(AND($U$4<=(J29-$T$4),(J29-$T$4)<=$V$4),(K29-$T$4),"00:00")+IF(AND($W$4<=(J29-$T$4),(J29-$T$4)<=$X$4),(J29-$T$4),"00:00")+IF(($S$4-I29)<0,"00:00",($S$4-I29))) -> 0 | O29: =IF($C29="","",(HOUR($M29)*60+MINUTE($M29))/60) | P29: =IF(O29="","",O29-Q29) | Q29: =IF($C29="","",(HOUR($N29)*60+MINUTE($N29))/60)
K30: =J30+$Y$4 -> 8600 | L30: 0 | M30: =IF($I30="","",IF($J30<$I30,($J30+86400)-$I30-$L30,$J30-$I30-$L30)) | N30: =IF(J30="","",IF(AND($U$4<=(J30-$T$4),(J30-$T$4)<=$V$4),(K30-$T$4),"00:00")+IF(AND($W$4<=(J30-$T$4),(J30-$T$4)<=$X$4),(J30-$T$4),"00:00")+IF(($S$4-I30)<0,"00:00",($S$4-I30))) | O30: =IF($C30="","",(HOUR($M30)*60+MINUTE($M30))/60) | P30: =IF(O30="","",O30-Q30) | Q30: =IF($C30="","",(HOUR($N30)*60+MINUTE($N30))/60)
A31: NORD MOBILE 1 | I31: 0.75 | J31: 0.9375 | K31: =J31+$Y$4 -> 8600.9375 | L31: 0 | M31: =IF($I31="","",IF($J31<$I31,($J31+86400)-$I31-$L31,$J31-$I31-$L31)) -> 0.1875 | N31: =IF(J31="","",IF(AND($U$4<=(J31-$T$4),(J31-$T$4)<=$V$4),(K31-$T$4),"00:00")+IF(AND($W$4<=(J31-$T$4),(J31-$T$4)<=$X$4),(J31-$T$4),"00:00")+IF(($S$4-I31)<0,"00:00",($S$4-I31))) -> 0 | O31: =IF($C31="","",(HOUR($M31)*60+MINUTE($M31))/60) | P31: =IF(O31="","",O31-Q31) | Q31: =IF($C31="","",(HOUR($N31)*60+MINUTE($N31))/60)
I32: 0.75 | J32: 0.89583333 | K32: =J32+$Y$4 -> 8600.8958 | L32: 0 | M32: =IF($I32="","",IF($J32<$I32,($J32+86400)-$I32-$L32,$J32-$I32-$L32)) -> 0.14583333 | N32: =IF(J32="","",IF(AND($U$4<=(J32-$T$4),(J32-$T$4)<=$V$4),(K32-$T$4),"00:00")+IF(AND($W$4<=(J32-$T$4),(J32-$T$4)<=$X$4),(J32-$T$4),"00:00")+IF(($S$4-I32)<0,"00:00",($S$4-I32))) -> 0 | O32: =IF($C32="","",(HOUR($M32)*60+MINUTE($M32))/60) | P32: =IF(O32="","",O32-Q32) | Q32: =IF($C32="","",(HOUR($N32)*60+MINUTE($N32))/60)
I33: 0.77083333 | J33: 0.89583333 | K33: =J33+$Y$4 -> 8600.8958 | L33: 0 | M33: =IF($I33="","",IF($J33<$I33,($J33+86400)-$I33-$L33,$J33-$I33-$L33)) -> 0.125 | N33: =IF(J33="","",IF(AND($U$4<=(J33-$T$4),(J33-$T$4)<=$V$4),(K33-$T$4),"00:00")+IF(AND($W$4<=(J33-$T$4),(J33-$T$4)<=$X$4),(J33-$T$4),"00:00")+IF(($S$4-I33)<0,"00:00",($S$4-I33))) -> 0 | O33: =IF($C33="","",(HOUR($M33)*60+MINUTE($M33))/60) | P33: =IF(O33="","",O33-Q33) | Q33: =IF($C33="","",(HOUR($N33)*60+MINUTE($N33))/60)
I34: 0.77083333 | J34: 0.89583333 | K34: =J34+$Y$4 -> 8600.8958 | L34: 0 | M34: =IF($I34="","",IF($J34<$I34,($J34+86400)-$I34-$L34,$J34-$I34-$L34)) -> 0.125 | N34: =IF(J34="","",IF(AND($U$4<=(J34-$T$4),(J34-$T$4)<=$V$4),(K34-$T$4),"00:00")+IF(AND($W$4<=(J34-$T$4),(J34-$T$4)<=$X$4),(J34-$T$4),"00:00")+IF(($S$4-I34)<0,"00:00",($S$4-I34))) -> 0 | O34: =IF($C34="","",(HOUR($M34)*60+MINUTE($M34))/60) | P34: =IF(O34="","",O34-Q34) | Q34: =IF($C34="","",(HOUR($N34)*60+MINUTE($N34))/60)
I35: 0.8125 | J35: 0.9375 | K35: =J35+$Y$4 -> 8600.9375 | L35: 0 | M35: =IF($I35="","",IF($J35<$I35,($J35+86400)-$I35-$L35,$J35-$I35-$L35)) -> 0.125 | N35: =IF(J35="","",IF(AND($U$4<=(J35-$T$4),(J35-$T$4)<=$V$4),(K35-$T$4),"00:00")+IF(AND($W$4<=(J35-$T$4),(J35-$T$4)<=$X$4),(J35-$T$4),"00:00")+IF(($S$4-I35)<0,"00:00",($S$4-I35))) -> 0 | O35: =IF($C35="","",(HOUR($M35)*60+MINUTE($M35))/60) | P35: =IF(O35="","",O35-Q35) | Q35: =IF($C35="","",(HOUR($N35)*60+MINUTE($N35))/60)
I36: 0.8125 | J36: 0.9375 | K36: =J36+$Y$4 -> 8600.9375 | L36: 0 | M36: =IF($I36="","",IF($J36<$I36,($J36+86400)-$I36-$L36,$J36-$I36-$L36)) -> 0.125 | N36: =IF(J36="","",IF(AND($U$4<=(J36-$T$4),(J36-$T$4)<=$V$4),(K36-$T$4),"00:00")+IF(AND($W$4<=(J36-$T$4),(J36-$T$4)<=$X$4),(J36-$T$4),"00:00")+IF(($S$4-I36)<0,"00:00",($S$4-I36))) -> 0 | O36: =IF($C36="","",(HOUR($M36)*60+MINUTE($M36))/60) | P36: =IF(O36="","",O36-Q36) | Q36: =IF($C36="","",(HOUR($N36)*60+MINUTE($N36))/60)
I37: 0.8125 | J37: 0.9375 | K37: =J37+$Y$4 -> 8600.9375 | L37: 0 | M37: =IF($I37="","",IF($J37<$I37,($J37+86400)-$I37-$L37,$J37-$I37-$L37)) -> 0.125 | N37: =IF(J37="","",IF(AND($U$4<=(J37-$T$4),(J37-$T$4)<=$V$4),(K37-$T$4),"00:00")+IF(AND($W$4<=(J37-$T$4),(J37-$T$4)<=$X$4),(J37-$T$4),"00:00")+IF(($S$4-I37)<0,"00:00",($S$4-I37))) -> 0 | O37: =IF($C37="","",(HOUR($M37)*60+MINUTE($M37))/60) | P37: =IF(O37="","",O37-Q37) | Q37: =IF($C37="","",(HOUR($N37)*60+MINUTE($N37))/60)
K38: =J38+$Y$4 -> 8600 | L38: 0 | M38: =IF($I38="","",IF($J38<$I38,($J38+86400)-$I38-$L38,$J38-$I38-$L38)) | N38: =IF(J38="","",IF(AND($U$4<=(J38-$T$4),(J38-$T$4)<=$V$4),(K38-$T$4),"00:00")+IF(AND($W$4<=(J38-$T$4),(J38-$T$4)<=$X$4),(J38-$T$4),"00:00")+IF(($S$4-I38)<0,"00:00",($S$4-I38))) | O38: =IF($C38="","",(HOUR($M38)*60+MINUTE($M38))/60) | P38: =IF(O38="","",O38-Q38) | Q38: =IF($C38="","",(HOUR($N38)*60+MINUTE($N38))/60)
K39: =J39+$Y$4 -> 8600 | L39: 0 | M39: =IF($I39="","",IF($J39<$I39,($J39+86400)-$I39-$L39,$J39-$I39-$L39)) | N39: =IF(J39="","",IF(AND($U$4<=(J39-$T$4),(J39-$T$4)<=$V$4),(K39-$T$4),"00:00")+IF(AND($W$4<=(J39-$T$4),(J39-$T$4)<=$X$4),(J39-$T$4),"00:00")+IF(($S$4-I39)<0,"00:00",($S$4-I39))) | O39: =IF($C39="","",(HOUR($M39)*60+MINUTE($M39))/60) | P39: =IF(O39="","",O39-Q39) | Q39: =IF($C39="","",(HOUR($N39)*60+MINUTE($N39))/60)
A40: NORD MOBILE 2 | I40: 0.75 | J40: 0.9375 | K40: =J40+$Y$4 -> 8600.9375 | L40: 0 | M40: =IF($I40="","",IF($J40<$I40,($J40+86400)-$I40-$L40,$J40-$I40-$L40)) -> 0.1875 | N40: =IF(J40="","",IF(AND($U$4<=(J40-$T$4),(J40-$T$4)<=$V$4),(K40-$T$4),"00:00")+IF(AND($W$4<=(J40-$T$4),(J40-$T$4)<=$X$4),(J40-$T$4),"00:00")+IF(($S$4-I40)<0,"00:00",($S$4-I40))) -> 0 | O40: =IF($C40="","",(HOUR($M40)*60+MINUTE($M40))/60) | P40: =IF(O40="","",O40-Q40) | Q40: =IF($C40="","",(HOUR($N40)*60+MINUTE($N40))/60)
I41: 0.75 | J41: 0.89583333 | K41: =J41+$Y$4 -> 8600.8958 | L41: 0 | M41: =IF($I41="","",IF($J41<$I41,($J41+86400)-$I41-$L41,$J41-$I41-$L41)) -> 0.14583333 | N41: =IF(J41="","",IF(AND($U$4<=(J41-$T$4),(J41-$T$4)<=$V$4),(K41-$T$4),"00:00")+IF(AND($W$4<=(J41-$T$4),(J41-$T$4)<=$X$4),(J41-$T$4),"00:00")+IF(($S$4-I41)<0,"00:00",($S$4-I41))) -> 0 | O41: =IF($C41="","",(HOUR($M41)*60+MINUTE($M41))/60) | P41: =IF(O41="","",O41-Q41) | Q41: =IF($C41="","",(HOUR($N41)*60+MINUTE($N41))/60)
I42: 0.77083333 | J42: 0.89583333 | K42: =J42+$Y$4 -> 8600.8958 | L42: 0 | M42: =IF($I42="","",IF($J42<$I42,($J42+86400)-$I42-$L42,$J42-$I42-$L42)) -> 0.125 | N42: =IF(J42="","",IF(AND($U$4<=(J42-$T$4),(J42-$T$4)<=$V$4),(K42-$T$4),"00:00")+IF(AND($W$4<=(J42-$T$4),(J42-$T$4)<=$X$4),(J42-$T$4),"00:00")+IF(($S$4-I42)<0,"00:00",($S$4-I42))) -> 0 | O42: =IF($C42="","",(HOUR($M42)*60+MINUTE($M42))/60) | P42: =IF(O42="","",O42-Q42) | Q42: =IF($C42="","",(HOUR($N42)*60+MINUTE($N42))/60)
I43: 0.77083333 | J43: 0.89583333 | K43: =J43+$Y$4 -> 8600.8958 | L43: 0 | M43: =IF($I43="","",IF($J43<$I43,($J43+86400)-$I43-$L43,$J43-$I43-$L43)) -> 0.125 | N43: =IF(J43="","",IF(AND($U$4<=(J43-$T$4),(J43-$T$4)<=$V$4),(K43-$T$4),"00:00")+IF(AND($W$4<=(J43-$T$4),(J43-$T$4)<=$X$4),(J43-$T$4),"00:00")+IF(($S$4-I43)<0,"00:00",($S$4-I43))) -> 0 | O43: =IF($C43="","",(HOUR($M43)*60+MINUTE($M43))/60) | P43: =IF(O43="","",O43-Q43) | Q43: =IF($C43="","",(HOUR($N43)*60+MINUTE($N43))/60)
I44: 0.8125 | J44: 0.9375 | K44: =J44+$Y$4 -> 8600.9375 | L44: 0 | M44: =IF($I44="","",IF($J44<$I44,($J44+86400)-$I44-$L44,$J44-$I44-$L44)) -> 0.125 | N44: =IF(J44="","",IF(AND($U$4<=(J44-$T$4),(J44-$T$4)<=$V$4),(K44-$T$4),"00:00")+IF(AND($W$4<=(J44-$T$4),(J44-$T$4)<=$X$4),(J44-$T$4),"00:00")+IF(($S$4-I44)<0,"00:00",($S$4-I44))) -> 0 | O44: =IF($C44="","",(HOUR($M44)*60+MINUTE($M44))/60) | P44: =IF(O44="","",O44-Q44) | Q44: =IF($C44="","",(HOUR($N44)*60+MINUTE($N44))/60)
I45: 0.8125 | J45: 0.9375 | K45: =J45+$Y$4 -> 8600.9375 | L45: 0 | M45: =IF($I45="","",IF($J45<$I45,($J45+86400)-$I45-$L45,$J45-$I45-$L45)) -> 0.125 | N45: =IF(J45="","",IF(AND($U$4<=(J45-$T$4),(J45-$T$4)<=$V$4),(K45-$T$4),"00:00")+IF(AND($W$4<=(J45-$T$4),(J45-$T$4)<=$X$4),(J45-$T$4),"00:00")+IF(($S$4-I45)<0,"00:00",($S$4-I45))) -> 0 | O45: =IF($C45="","",(HOUR($M45)*60+MINUTE($M45))/60) | P45: =IF(O45="","",O45-Q45) | Q45: =IF($C45="","",(HOUR($N45)*60+MINUTE($N45))/60)
I46: 0.8125 | J46: 0.9375 | K46: =J46+$Y$4 -> 8600.9375 | L46: 0 | M46: =IF($I46="","",IF($J46<$I46,($J46+86400)-$I46-$L46,$J46-$I46-$L46)) -> 0.125 | N46: =IF(J46="","",IF(AND($U$4<=(J46-$T$4),(J46-$T$4)<=$V$4),(K46-$T$4),"00:00")+IF(AND($W$4<=(J46-$T$4),(J46-$T$4)<=$X$4),(J46-$T$4),"00:00")+IF(($S$4-I46)<0,"00:00",($S$4-I46))) -> 0 | O46: =IF($C46="","",(HOUR($M46)*60+MINUTE($M46))/60) | P46: =IF(O46="","",O46-Q46) | Q46: =IF($C46="","",(HOUR($N46)*60+MINUTE($N46))/60)
K47: =J47+$Y$4 -> 8600 | L47: 0 | M47: =IF($I47="","",IF($J47<$I47,($J47+86400)-$I47-$L47,$J47-$I47-$L47)) | N47: =IF(J47="","",IF(AND($U$4<=(J47-$T$4),(J47-$T$4)<=$V$4),(K47-$T$4),"00:00")+IF(AND($W$4<=(J47-$T$4),(J47-$T$4)<=$X$4),(J47-$T$4),"00:00")+IF(($S$4-I47)<0,"00:00",($S$4-I47))) | O47: =IF($C47="","",(HOUR($M47)*60+MINUTE($M47))/60) | P47: =IF(O47="","",O47-Q47) | Q47: =IF($C47="","",(HOUR($N47)*60+MINUTE($N47))/60)
K48: =J48+$Y$4 -> 8600 | L48: 0 | M48: =IF($I48="","",IF($J48<$I48,($J48+86400)-$I48-$L48,$J48-$I48-$L48)) | N48: =IF(J48="","",IF(AND($U$4<=(J48-$T$4),(J48-$T$4)<=$V$4),(K48-$T$4),"00:00")+IF(AND($W$4<=(J48-$T$4),(J48-$T$4)<=$X$4),(J48-$T$4),"00:00")+IF(($S$4-I48)<0,"00:00",($S$4-I48))) | O48: =IF($C48="","",(HOUR($M48)*60+MINUTE($M48))/60) | P48: =IF(O48="","",O48-Q48) | Q48: =IF($C48="","",(HOUR($N48)*60+MINUTE($N48))/60)
A49: ESPLANADE | I49: 0.75 | J49: 0.9375 | K49: =J49+$Y$4 -> 8600.9375 | L49: 0 | M49: =IF($I49="","",IF($J49<$I49,($J49+86400)-$I49-$L49,$J49-$I49-$L49)) -> 0.1875 | N49: =IF(J49="","",IF(AND($U$4<=(J49-$T$4),(J49-$T$4)<=$V$4),(K49-$T$4),"00:00")+IF(AND($W$4<=(J49-$T$4),(J49-$T$4)<=$X$4),(J49-$T$4),"00:00")+IF(($S$4-I49)<0,"00:00",($S$4-I49))) -> 0 | O49: =IF($C49="","",(HOUR($M49)*60+MINUTE($M49))/60) | P49: =IF(O49="","",O49-Q49) | Q49: =IF($C49="","",(HOUR($N49)*60+MINUTE($N49))/60)
I50: 0.75 | J50: 0.9375 | K50: =J50+$Y$4 -> 8600.9375 | L50: 0 | M50: =IF($I50="","",IF($J50<$I50,($J50+86400)-$I50-$L50,$J50-$I50-$L50)) -> 0.1875 | N50: =IF(J50="","",IF(AND($U$4<=(J50-$T$4),(J50-$T$4)<=$V$4),(K50-$T$4),"00:00")+IF(AND($W$4<=(J50-$T$4),(J50-$T$4)<=$X$4),(J50-$T$4),"00:00")+IF(($S$4-I50)<0,"00:00",($S$4-I50))) -> 0 | O50: =IF($C50="","",(HOUR($M50)*60+MINUTE($M50))/60) | P50: =IF(O50="","",O50-Q50) | Q50: =IF($C50="","",(HOUR($N50)*60+MINUTE($N50))/60)
I51: 0.77083333 | J51: 0.9375 | K51: =J51+$Y$4 -> 8600.9375 | L51: 0 | M51: =IF($I51="","",IF($J51<$I51,($J51+86400)-$I51-$L51,$J51-$I51-$L51)) -> 0.16666667 | N51: =IF(J51="","",IF(AND($U$4<=(J51-$T$4),(J51-$T$4)<=$V$4),(K51-$T$4),"00:00")+IF(AND($W$4<=(J51-$T$4),(J51-$T$4)<=$X$4),(J51-$T$4),"00:00")+IF(($S$4-I51)<0,"00:00",($S$4-I51))) -> 0 | O51: =IF($C51="","",(HOUR($M51)*60+MINUTE($M51))/60) | P51: =IF(O51="","",O51-Q51) | Q51: =IF($C51="","",(HOUR($N51)*60+MINUTE($N51))/60)
I52: 0.77083333 | J52: 0.9375 | K52: =J52+$Y$4 -> 8600.9375 | L52: 0 | M52: =IF($I52="","",IF($J52<$I52,($J52+86400)-$I52-$L52,$J52-$I52-$L52)) -> 0.16666667 | N52: =IF(J52="","",IF(AND($U$4<=(J52-$T$4),(J52-$T$4)<=$V$4),(K52-$T$4),"00:00")+IF(AND($W$4<=(J52-$T$4),(J52-$T$4)<=$X$4),(J52-$T$4),"00:00")+IF(($S$4-I52)<0,"00:00",($S$4-I52))) -> 0 | O52: =IF($C52="","",(HOUR($M52)*60+MINUTE($M52))/60) | P52: =IF(O52="","",O52-Q52) | Q52: =IF($C52="","",(HOUR($N52)*60+MINUTE($N52))/60)
I53: 0.77083333 | J53: 0.9375 | K53: =J53+$Y$4 -> 8600.9375 | L53: 0 | M53: =IF($I53="","",IF($J53<$I53,($J53+86400)-$I53-$L53,$J53-$I53-$L53)) -> 0.16666667 | N53: =IF(J53="","",IF(AND($U$4<=(J53-$T$4),(J53-$T$4)<=$V$4),(K53-$T$4),"00:00")+IF(AND($W$4<=(J53-$T$4),(J53-$T$4)<=$X$4),(J53-$T$4),"00:00")+IF(($S$4-I53)<0,"00:00",($S$4-I53))) -> 0 | O53: =IF($C53="","",(HOUR($M53)*60+MINUTE($M53))/60) | P53: =IF(O53="","",O53-Q53) | Q53: =IF($C53="","",(HOUR($N53)*60+MINUTE($N53))/60)
I54: 0.79166667 | J54: 0.9375 | K54: =J54+$Y$4 -> 8600.9375 | L54: 0 | M54: =IF($I54="","",IF($J54<$I54,($J54+86400)-$I54-$L54,$J54-$I54-$L54)) -> 0.14583333 | N54: =IF(J54="","",IF(AND($U$4<=(J54-$T$4),(J54-$T$4)<=$V$4),(K54-$T$4),"00:00")+IF(AND($W$4<=(J54-$T$4),(J54-$T$4)<=$X$4),(J54-$T$4),"00:00")+IF(($S$4-I54)<0,"00:00",($S$4-I54))) -> 0 | O54: =IF($C54="","",(HOUR($M54)*60+MINUTE($M54))/60) | P54: =IF(O54="","",O54-Q54) | Q54: =IF($C54="","",(HOUR($N54)*60+MINUTE($N54))/60)
I55: 0.79166667 | J55: 0.9375 | K55: =J55+$Y$4 -> 8600.9375 | L55: 0 | M55: =IF($I55="","",IF($J55<$I55,($J55+86400)-$I55-$L55,$J55-$I55-$L55)) -> 0.14583333 | N55: =IF(J55="","",IF(AND($U$4<=(J55-$T$4),(J55-$T$4)<=$V$4),(K55-$T$4),"00:00")+IF(AND($W$4<=(J55-$T$4),(J55-$T$4)<=$X$4),(J55-$T$4),"00:00")+IF(($S$4-I55)<0,"00:00",($S$4-I55))) -> 0 | O55: =IF($C55="","",(HOUR($M55)*60+MINUTE($M55))/60) | P55: =IF(O55="","",O55-Q55) | Q55: =IF($C55="","",(HOUR($N55)*60+MINUTE($N55))/60)
K56: =J56+$Y$4 -> 8600 | L56: 0 | M56: =IF($I56="","",IF($J56<$I56,($J56+86400)-$I56-$L56,$J56-$I56-$L56)) | N56: =IF(J56="","",IF(AND($U$4<=(J56-$T$4),(J56-$T$4)<=$V$4),(K56-$T$4),"00:00")+IF(AND($W$4<=(J56-$T$4),(J56-$T$4)<=$X$4),(J56-$T$4),"00:00")+IF(($S$4-I56)<0,"00:00",($S$4-I56))) | O56: =IF($C56="","",(HOUR($M56)*60+MINUTE($M56))/60) | P56: =IF(O56="","",O56-Q56) | Q56: =IF($C56="","",(HOUR($N56)*60+MINUTE($N56))/60)
K57: =J57+$Y$4 -> 8600 | L57: 0 | M57: =IF($I57="","",IF($J57<$I57,($J57+86400)-$I57-$L57,$J57-$I57-$L57)) | N57: =IF(J57="","",IF(AND($U$4<=(J57-$T$4),(J57-$T$4)<=$V$4),(K57-$T$4),"00:00")+IF(AND($W$4<=(J57-$T$4),(J57-$T$4)<=$X$4),(J57-$T$4),"00:00")+IF(($S$4-I57)<0,"00:00",($S$4-I57))) | O57: =IF($C57="","",(HOUR($M57)*60+MINUTE($M57))/60) | P57: =IF(O57="","",O57-Q57) | Q57: =IF($C57="","",(HOUR($N57)*60+MINUTE($N57))/60)
A58: FISH AND SHIPS | I58: 0.77083333 | J58: 0.9375 | K58: =J58+$Y$4 -> 8600.9375 | L58: 0 | M58: =IF($I58="","",IF($J58<$I58,($J58+86400)-$I58-$L58,$J58-$I58-$L58)) -> 0.16666667 | N58: =IF(J58="","",IF(AND($U$4<=(J58-$T$4),(J58-$T$4)<=$V$4),(K58-$T$4),"00:00")+IF(AND($W$4<=(J58-$T$4),(J58-$T$4)<=$X$4),(J58-$T$4),"00:00")+IF(($S$4-I58)<0,"00:00",($S$4-I58))) -> 0 | O58: =IF($C58="","",(HOUR($M58)*60+MINUTE($M58))/60) | P58: =IF(O58="","",O58-Q58) | Q58: =IF($C58="","",(HOUR($N58)*60+MINUTE($N58))/60)
I59: 0.79166667 | J59: 0.9375 | K59: =J59+$Y$4 -> 8600.9375 | L59: 0 | M59: =IF($I59="","",IF($J59<$I59,($J59+86400)-$I59-$L59,$J59-$I59-$L59)) -> 0.14583333 | N59: =IF(J59="","",IF(AND($U$4<=(J59-$T$4),(J59-$T$4)<=$V$4),(K59-$T$4),"00:00")+IF(AND($W$4<=(J59-$T$4),(J59-$T$4)<=$X$4),(J59-$T$4),"00:00")+IF(($S$4-I59)<0,"00:00",($S$4-I59))) -> 0 | O59: =IF($C59="","",(HOUR($M59)*60+MINUTE($M59))/60) | P59: =IF(O59="","",O59-Q59) | Q59: =IF($C59="","",(HOUR($N59)*60+MINUTE($N59))/60)
I60: 0.8125 | J60: 0.9375 | K60: =J60+$Y$4 -> 8600.9375 | L60: 0 | M60: =IF($I60="","",IF($J60<$I60,($J60+86400)-$I60-$L60,$J60-$I60-$L60)) -> 0.125 | N60: =IF(J60="","",IF(AND($U$4<=(J60-$T$4),(J60-$T$4)<=$V$4),(K60-$T$4),"00:00")+IF(AND($W$4<=(J60-$T$4),(J60-$T$4)<=$X$4),(J60-$T$4),"00:00")+IF(($S$4-I60)<0,"00:00",($S$4-I60))) -> 0 | O60: =IF($C60="","",(HOUR($M60)*60+MINUTE($M60))/60) | P60: =IF(O60="","",O60-Q60) | Q60: =IF($C60="","",(HOUR($N60)*60+MINUTE($N60))/60)
K61: =J61+$Y$4 -> 8600 | L61: 0 | M61: =IF($I61="","",IF($J61<$I61,($J61+86400)-$I61-$L61,$J61-$I61-$L61)) | N61: =IF(J61="","",IF(AND($U$4<=(J61-$T$4),(J61-$T$4)<=$V$4),(K61-$T$4),"00:00")+IF(AND($W$4<=(J61-$T$4),(J61-$T$4)<=$X$4),(J61-$T$4),"00:00")+IF(($S$4-I61)<0,"00:00",($S$4-I61))) | O61: =IF($C61="","",(HOUR($M61)*60+MINUTE($M61))/60) | P61: =IF(O61="","",O61-Q61) | Q61: =IF($C61="","",(HOUR($N61)*60+MINUTE($N61))/60)
A62: EST 1 | I62: 0.75 | J62: 0.9375 | K62: =J62+$Y$4 -> 8600.9375 | L62: 0 | M62: =IF($I62="","",IF($J62<$I62,($J62+86400)-$I62-$L62,$J62-$I62-$L62)) -> 0.1875 | N62: =IF(J62="","",IF(AND($U$4<=(J62-$T$4),(J62-$T$4)<=$V$4),(K62-$T$4),"00:00")+IF(AND($W$4<=(J62-$T$4),(J62-$T$4)<=$X$4),(J62-$T$4),"00:00")+IF(($S$4-I62)<0,"00:00",($S$4-I62))) -> 0 | O62: =IF($C62="","",(HOUR($M62)*60+MINUTE($M62))/60) | P62: =IF(O62="","",O62-Q62) | Q62: =IF($C62="","",(HOUR($N62)*60+MINUTE($N62))/60)
I63: 0.75 | J63: 0.89583333 | K63: =J63+$Y$4 -> 8600.8958 | L63: 0 | M63: =IF($I63="","",IF($J63<$I63,($J63+86400)-$I63-$L63,$J63-$I63-$L63)) -> 0.14583333 | N63: =IF(J63="","",IF(AND($U$4<=(J63-$T$4),(J63-$T$4)<=$V$4),(K63-$T$4),"00:00")+IF(AND($W$4<=(J63-$T$4),(J63-$T$4)<=$X$4),(J63-$T$4),"00:00")+IF(($S$4-I63)<0,"00:00",($S$4-I63))) -> 0 | O63: =IF($C63="","",(HOUR($M63)*60+MINUTE($M63))/60) | P63: =IF(O63="","",O63-Q63) | Q63: =IF($C63="","",(HOUR($N63)*60+MINUTE($N63))/60)
I64: 0.77083333 | J64: 0.89583333 | K64: =J64+$Y$4 -> 8600.8958 | L64: 0 | M64: =IF($I64="","",IF($J64<$I64,($J64+86400)-$I64-$L64,$J64-$I64-$L64)) -> 0.125 | N64: =IF(J64="","",IF(AND($U$4<=(J64-$T$4),(J64-$T$4)<=$V$4),(K64-$T$4),"00:00")+IF(AND($W$4<=(J64-$T$4),(J64-$T$4)<=$X$4),(J64-$T$4),"00:00")+IF(($S$4-I64)<0,"00:00",($S$4-I64))) -> 0 | O64: =IF($C64="","",(HOUR($M64)*60+MINUTE($M64))/60) | P64: =IF(O64="","",O64-Q64) | Q64: =IF($C64="","",(HOUR($N64)*60+MINUTE($N64))/60)
I65: 0.77083333 | J65: 0.9375 | K65: =J65+$Y$4 -> 8600.9375 | L65: 0 | M65: =IF($I65="","",IF($J65<$I65,($J65+86400)-$I65-$L65,$J65-$I65-$L65)) -> 0.16666667 | N65: =IF(J65="","",IF(AND($U$4<=(J65-$T$4),(J65-$T$4)<=$V$4),(K65-$T$4),"00:00")+IF(AND($W$4<=(J65-$T$4),(J65-$T$4)<=$X$4),(J65-$T$4),"00:00")+IF(($S$4-I65)<0,"00:00",($S$4-I65))) -> 0 | O65: =IF($C65="","",(HOUR($M65)*60+MINUTE($M65))/60) | P65: =IF(O65="","",O65-Q65) | Q65: =IF($C65="","",(HOUR($N65)*60+MINUTE($N65))/60)
I66: 0.79166667 | J66: 0.91666667 | K66: =J66+$Y$4 -> 8600.9167 | L66: 0 | M66: =IF($I66="","",IF($J66<$I66,($J66+86400)-$I66-$L66,$J66-$I66-$L66)) -> 0.125 | N66: =IF(J66="","",IF(AND($U$4<=(J66-$T$4),(J66-$T$4)<=$V$4),(K66-$T$4),"00:00")+IF(AND($W$4<=(J66-$T$4),(J66-$T$4)<=$X$4),(J66-$T$4),"00:00")+IF(($S$4-I66)<0,"00:00",($S$4-I66))) -> 0 | O66: =IF($C66="","",(HOUR($M66)*60+MINUTE($M66))/60) | P66: =IF(O66="","",O66-Q66) | Q66: =IF($C66="","",(HOUR($N66)*60+MINUTE($N66))/60)
I67: 0.79166667 | J67: 0.91666667 | K67: =J67+$Y$4 -> 8600.9167 | L67: 0 | M67: =IF($I67="","",IF($J67<$I67,($J67+86400)-$I67-$L67,$J67-$I67-$L67)) -> 0.125 | N67: =IF(J67="","",IF(AND($U$4<=(J67-$T$4),(J67-$T$4)<=$V$4),(K67-$T$4),"00:00")+IF(AND($W$4<=(J67-$T$4),(J67-$T$4)<=$X$4),(J67-$T$4),"00:00")+IF(($S$4-I67)<0,"00:00",($S$4-I67))) -> 0 | O67: =IF($C67="","",(HOUR($M67)*60+MINUTE($M67))/60) | P67: =IF(O67="","",O67-Q67) | Q67: =IF($C67="","",(HOUR($N67)*60+MINUTE($N67))/60)
I68: 0.79166667 | J68: 0.91666667 | K68: =J68+$Y$4 -> 8600.9167 | L68: 0 | M68: =IF($I68="","",IF($J68<$I68,($J68+86400)-$I68-$L68,$J68-$I68-$L68)) -> 0.125 | N68: =IF(J68="","",IF(AND($U$4<=(J68-$T$4),(J68-$T$4)<=$V$4),(K68-$T$4),"00:00")+IF(AND($W$4<=(J68-$T$4),(J68-$T$4)<=$X$4),(J68-$T$4),"00:00")+IF(($S$4-I68)<0,"00:00",($S$4-I68))) -> 0 | O68: =IF($C68="","",(HOUR($M68)*60+MINUTE($M68))/60) | P68: =IF(O68="","",O68-Q68) | Q68: =IF($C68="","",(HOUR($N68)*60+MINUTE($N68))/60)
I69: 0.8125 | J69: 0.9375 | K69: =J69+$Y$4 -> 8600.9375 | L69: 0 | M69: =IF($I69="","",IF($J69<$I69,($J69+86400)-$I69-$L69,$J69-$I69-$L69)) -> 0.125 | N69: =IF(J69="","",IF(AND($U$4<=(J69-$T$4),(J69-$T$4)<=$V$4),(K69-$T$4),"00:00")+IF(AND($W$4<=(J69-$T$4),(J69-$T$4)<=$X$4),(J69-$T$4),"00:00")+IF(($S$4-I69)<0,"00:00",($S$4-I69))) -> 0 | O69: =IF($C69="","",(HOUR($M69)*60+MINUTE($M69))/60) | P69: =IF(O69="","",O69-Q69) | Q69: =IF($C69="","",(HOUR($N69)*60+MINUTE($N69))/60)
I70: 0.8125 | J70: 0.9375 | K70: =J70+$Y$4 -> 8600.9375 | L70: 0 | M70: =IF($I70="","",IF($J70<$I70,($J70+86400)-$I70-$L70,$J70-$I70-$L70)) -> 0.125 | N70: =IF(J70="","",IF(AND($U$4<=(J70-$T$4),(J70-$T$4)<=$V$4),(K70-$T$4),"00:00")+IF(AND($W$4<=(J70-$T$4),(J70-$T$4)<=$X$4),(J70-$T$4),"00:00")+IF(($S$4-I70)<0,"00:00",($S$4-I70))) -> 0 | O70: =IF($C70="","",(HOUR($M70)*60+MINUTE($M70))/60) | P70: =IF(O70="","",O70-Q70) | Q70: =IF($C70="","",(HOUR($N70)*60+MINUTE($N70))/60)
I71: 0.75 | J71: 0.91666667 | K71: =J71+$Y$4 -> 8600.9167 | L71: 0 | M71: =IF($I71="","",IF($J71<$I71,($J71+86400)-$I71-$L71,$J71-$I71-$L71)) -> 0.16666667 | N71: =IF(J71="","",IF(AND($U$4<=(J71-$T$4),(J71-$T$4)<=$V$4),(K71-$T$4),"00:00")+IF(AND($W$4<=(J71-$T$4),(J71-$T$4)<=$X$4),(J71-$T$4),"00:00")+IF(($S$4-I71)<0,"00:00",($S$4-I71))) -> 0 | O71: =IF($C71="","",(HOUR($M71)*60+MINUTE($M71))/60) | P71: =IF(O71="","",O71-Q71) | Q71: =IF($C71="","",(HOUR($N71)*60+MINUTE($N71))/60)
I72: 0.75 | J72: 0.91666667 | K72: =J72+$Y$4 -> 8600.9167 | L72: 0 | M72: =IF($I72="","",IF($J72<$I72,($J72+86400)-$I72-$L72,$J72-$I72-$L72)) -> 0.16666667 | N72: =IF(J72="","",IF(AND($U$4<=(J72-$T$4),(J72-$T$4)<=$V$4),(K72-$T$4),"00:00")+IF(AND($W$4<=(J72-$T$4),(J72-$T$4)<=$X$4),(J72-$T$4),"00:00")+IF(($S$4-I72)<0,"00:00",($S$4-I72))) -> 0 | O72: =IF($C72="","",(HOUR($M72)*60+MINUTE($M72))/60) | P72: =IF(O72="","",O72-Q72) | Q72: =IF($C72="","",(HOUR($N72)*60+MINUTE($N72))/60)
I73: 0.75 | J73: 0.91666667 | K73: =J73+$Y$4 -> 8600.9167 | L73: 0 | M73: =IF($I73="","",IF($J73<$I73,($J73+86400)-$I73-$L73,$J73-$I73-$L73)) -> 0.16666667 | N73: =IF(J73="","",IF(AND($U$4<=(J73-$T$4),(J73-$T$4)<=$V$4),(K73-$T$4),"00:00")+IF(AND($W$4<=(J73-$T$4),(J73-$T$4)<=$X$4),(J73-$T$4),"00:00")+IF(($S$4-I73)<0,"00:00",($S$4-I73))) -> 0 | O73: =IF($C73="","",(HOUR($M73)*60+MINUTE($M73))/60) | P73: =IF(O73="","",O73-Q73) | Q73: =IF($C73="","",(HOUR($N73)*60+MINUTE($N73))/60)
K74: =J74+$Y$4 -> 8600 | L74: 0 | M74: =IF($I74="","",IF($J74<$I74,($J74+86400)-$I74-$L74,$J74-$I74-$L74)) | N74: =IF(J74="","",IF(AND($U$4<=(J74-$T$4),(J74-$T$4)<=$V$4),(K74-$T$4),"00:00")+IF(AND($W$4<=(J74-$T$4),(J74-$T$4)<=$X$4),(J74-$T$4),"00:00")+IF(($S$4-I74)<0,"00:00",($S$4-I74))) | O74: =IF($C74="","",(HOUR($M74)*60+MINUTE($M74))/60) | P74: =IF(O74="","",O74-Q74) | Q74: =IF($C74="","",(HOUR($N74)*60+MINUTE($N74))/60)
A75: EST 2 | I75: 0.75 | J75: 0.9375 | K75: =J75+$Y$4 -> 8600.9375 | L75: 0 | M75: =IF($I75="","",IF($J75<$I75,($J75+86400)-$I75-$L75,$J75-$I75-$L75)) -> 0.1875 | N75: =IF(J75="","",IF(AND($U$4<=(J75-$T$4),(J75-$T$4)<=$V$4),(K75-$T$4),"00:00")+IF(AND($W$4<=(J75-$T$4),(J75-$T$4)<=$X$4),(J75-$T$4),"00:00")+IF(($S$4-I75)<0,"00:00",($S$4-I75))) -> 0 | O75: =IF($C75="","",(HOUR($M75)*60+MINUTE($M75))/60) | P75: =IF(O75="","",O75-Q75) | Q75: =IF($C75="","",(HOUR($N75)*60+MINUTE($N75))/60)
I76: 0.75 | J76: 0.89583333 | K76: =J76+$Y$4 -> 8600.8958 | L76: 0 | M76: =IF($I76="","",IF($J76<$I76,($J76+86400)-$I76-$L76,$J76-$I76-$L76)) -> 0.14583333 | N76: =IF(J76="","",IF(AND($U$4<=(J76-$T$4),(J76-$T$4)<=$V$4),(K76-$T$4),"00:00")+IF(AND($W$4<=(J76-$T$4),(J76-$T$4)<=$X$4),(J76-$T$4),"00:00")+IF(($S$4-I76)<0,"00:00",($S$4-I76))) -> 0 | O76: =IF($C76="","",(HOUR($M76)*60+MINUTE($M76))/60) | P76: =IF(O76="","",O76-Q76) | Q76: =IF($C76="","",(HOUR($N76)*60+MINUTE($N76))/60)
I77: 0.77083333 | J77: 0.89583333 | K77: =J77+$Y$4 -> 8600.8958 | L77: 0 | M77: =IF($I77="","",IF($J77<$I77,($J77+86400)-$I77-$L77,$J77-$I77-$L77)) -> 0.125 | N77: =IF(J77="","",IF(AND($U$4<=(J77-$T$4),(J77-$T$4)<=$V$4),(K77-$T$4),"00:00")+IF(AND($W$4<=(J77-$T$4),(J77-$T$4)<=$X$4),(J77-$T$4),"00:00")+IF(($S$4-I77)<0,"00:00",($S$4-I77))) -> 0 | O77: =IF($C77="","",(HOUR($M77)*60+MINUTE($M77))/60) | P77: =IF(O77="","",O77-Q77) | Q77: =IF($C77="","",(HOUR($N77)*60+MINUTE($N77))/60)
I78: 0.77083333 | J78: 0.9375 | K78: =J78+$Y$4 -> 8600.9375 | L78: 0 | M78: =IF($I78="","",IF($J78<$I78,($J78+86400)-$I78-$L78,$J78-$I78-$L78)) -> 0.16666667 | N78: =IF(J78="","",IF(AND($U$4<=(J78-$T$4),(J78-$T$4)<=$V$4),(K78-$T$4),"00:00")+IF(AND($W$4<=(J78-$T$4),(J78-$T$4)<=$X$4),(J78-$T$4),"00:00")+IF(($S$4-I78)<0,"00:00",($S$4-I78))) -> 0 | O78: =IF($C78="","",(HOUR($M78)*60+MINUTE($M78))/60) | P78: =IF(O78="","",O78-Q78) | Q78: =IF($C78="","",(HOUR($N78)*60+MINUTE($N78))/60)
I79: 0.79166667 | J79: 0.91666667 | K79: =J79+$Y$4 -> 8600.9167 | L79: 0 | M79: =IF($I79="","",IF($J79<$I79,($J79+86400)-$I79-$L79,$J79-$I79-$L79)) -> 0.125 | N79: =IF(J79="","",IF(AND($U$4<=(J79-$T$4),(J79-$T$4)<=$V$4),(K79-$T$4),"00:00")+IF(AND($W$4<=(J79-$T$4),(J79-$T$4)<=$X$4),(J79-$T$4),"00:00")+IF(($S$4-I79)<0,"00:00",($S$4-I79))) -> 0 | O79: =IF($C79="","",(HOUR($M79)*60+MINUTE($M79))/60) | P79: =IF(O79="","",O79-Q79) | Q79: =IF($C79="","",(HOUR($N79)*60+MINUTE($N79))/60)
I80: 0.79166667 | J80: 0.91666667 | K80: =J80+$Y$4 -> 8600.9167 | L80: 0 | M80: =IF($I80="","",IF($J80<$I80,($J80+86400)-$I80-$L80,$J80-$I80-$L80)) -> 0.125 | N80: =IF(J80="","",IF(AND($U$4<=(J80-$T$4),(J80-$T$4)<=$V$4),(K80-$T$4),"00:00")+IF(AND($W$4<=(J80-$T$4),(J80-$T$4)<=$X$4),(J80-$T$4),"00:00")+IF(($S$4-I80)<0,"00:00",($S$4-I80))) -> 0 | O80: =IF($C80="","",(HOUR($M80)*60+MINUTE($M80))/60) | P80: =IF(O80="","",O80-Q80) | Q80: =IF($C80="","",(HOUR($N80)*60+MINUTE($N80))/60)
I81: 0.79166667 | J81: 0.91666667 | K81: =J81+$Y$4 -> 8600.9167 | L81: 0 | M81: =IF($I81="","",IF($J81<$I81,($J81+86400)-$I81-$L81,$J81-$I81-$L81)) -> 0.125 | N81: =IF(J81="","",IF(AND($U$4<=(J81-$T$4),(J81-$T$4)<=$V$4),(K81-$T$4),"00:00")+IF(AND($W$4<=(J81-$T$4),(J81-$T$4)<=$X$4),(J81-$T$4),"00:00")+IF(($S$4-I81)<0,"00:00",($S$4-I81))) -> 0 | O81: =IF($C81="","",(HOUR($M81)*60+MINUTE($M81))/60) | P81: =IF(O81="","",O81-Q81) | Q81: =IF($C81="","",(HOUR($N81)*60+MINUTE($N81))/60)
I82: 0.8125 | J82: 0.9375 | K82: =J82+$Y$4 -> 8600.9375 | L82: 0 | M82: =IF($I82="","",IF($J82<$I82,($J82+86400)-$I82-$L82,$J82-$I82-$L82)) -> 0.125 | N82: =IF(J82="","",IF(AND($U$4<=(J82-$T$4),(J82-$T$4)<=$V$4),(K82-$T$4),"00:00")+IF(AND($W$4<=(J82-$T$4),(J82-$T$4)<=$X$4),(J82-$T$4),"00:00")+IF(($S$4-I82)<0,"00:00",($S$4-I82))) -> 0 | O82: =IF($C82="","",(HOUR($M82)*60+MINUTE($M82))/60) | P82: =IF(O82="","",O82-Q82) | Q82: =IF($C82="","",(HOUR($N82)*60+MINUTE($N82))/60)
I83: 0.8125 | J83: 0.9375 | K83: =J83+$Y$4 -> 8600.9375 | L83: 0 | M83: =IF($I83="","",IF($J83<$I83,($J83+86400)-$I83-$L83,$J83-$I83-$L83)) -> 0.125 | N83: =IF(J83="","",IF(AND($U$4<=(J83-$T$4),(J83-$T$4)<=$V$4),(K83-$T$4),"00:00")+IF(AND($W$4<=(J83-$T$4),(J83-$T$4)<=$X$4),(J83-$T$4),"00:00")+IF(($S$4-I83)<0,"00:00",($S$4-I83))) -> 0 | O83: =IF($C83="","",(HOUR($M83)*60+MINUTE($M83))/60) | P83: =IF(O83="","",O83-Q83) | Q83: =IF($C83="","",(HOUR($N83)*60+MINUTE($N83))/60)
I84: 0.75 | J84: 0.91666667 | K84: =J84+$Y$4 -> 8600.9167 | L84: 0 | M84: =IF($I84="","",IF($J84<$I84,($J84+86400)-$I84-$L84,$J84-$I84-$L84)) -> 0.16666667 | N84: =IF(J84="","",IF(AND($U$4<=(J84-$T$4),(J84-$T$4)<=$V$4),(K84-$T$4),"00:00")+IF(AND($W$4<=(J84-$T$4),(J84-$T$4)<=$X$4),(J84-$T$4),"00:00")+IF(($S$4-I84)<0,"00:00",($S$4-I84))) -> 0 | O84: =IF($C84="","",(HOUR($M84)*60+MINUTE($M84))/60) | P84: =IF(O84="","",O84-Q84) | Q84: =IF($C84="","",(HOUR($N84)*60+MINUTE($N84))/60)
I85: 0.75 | J85: 0.91666667 | K85: =J85+$Y$4 -> 8600.9167 | L85: 0 | M85: =IF($I85="","",IF($J85<$I85,($J85+86400)-$I85-$L85,$J85-$I85-$L85)) -> 0.16666667 | N85: =IF(J85="","",IF(AND($U$4<=(J85-$T$4),(J85-$T$4)<=$V$4),(K85-$T$4),"00:00")+IF(AND($W$4<=(J85-$T$4),(J85-$T$4)<=$X$4),(J85-$T$4),"00:00")+IF(($S$4-I85)<0,"00:00",($S$4-I85))) -> 0 | O85: =IF($C85="","",(HOUR($M85)*60+MINUTE($M85))/60) | P85: =IF(O85="","",O85-Q85) | Q85: =IF($C85="","",(HOUR($N85)*60+MINUTE($N85))/60)
I86: 0.75 | J86: 0.91666667 | K86: =J86+$Y$4 -> 8600.9167 | L86: 0 | M86: =IF($I86="","",IF($J86<$I86,($J86+86400)-$I86-$L86,$J86-$I86-$L86)) -> 0.16666667 | N86: =IF(J86="","",IF(AND($U$4<=(J86-$T$4),(J86-$T$4)<=$V$4),(K86-$T$4),"00:00")+IF(AND($W$4<=(J86-$T$4),(J86-$T$4)<=$X$4),(J86-$T$4),"00:00")+IF(($S$4-I86)<0,"00:00",($S$4-I86))) -> 0 | O86: =IF($C86="","",(HOUR($M86)*60+MINUTE($M86))/60) | P86: =IF(O86="","",O86-Q86) | Q86: =IF($C86="","",(HOUR($N86)*60+MINUTE($N86))/60)
K87: =J87+$Y$4 -> 8600 | L87: 0 | M87: =IF($I87="","",IF($J87<$I87,($J87+86400)-$I87-$L87,$J87-$I87-$L87)) | N87: =IF(J87="","",IF(AND($U$4<=(J87-$T$4),(J87-$T$4)<=$V$4),(K87-$T$4),"00:00")+IF(AND($W$4<=(J87-$T$4),(J87-$T$4)<=$X$4),(J87-$T$4),"00:00")+IF(($S$4-I87)<0,"00:00",($S$4-I87))) | O87: =IF($C87="","",(HOUR($M87)*60+MINUTE($M87))/60) | P87: =IF(O87="","",O87-Q87) | Q87: =IF($C87="","",(HOUR($N87)*60+MINUTE($N87))/60)
A88: EST MOBILE 1 | I88: 0.77083333 | J88: 0.9375 | K88: =J88+$Y$4 -> 8600.9375 | L88: 0 | M88: =IF($I88="","",IF($J88<$I88,($J88+86400)-$I88-$L88,$J88-$I88-$L88)) -> 0.16666667 | N88: =IF(J88="","",IF(AND($U$4<=(J88-$T$4),(J88-$T$4)<=$V$4),(K88-$T$4),"00:00")+IF(AND($W$4<=(J88-$T$4),(J88-$T$4)<=$X$4),(J88-$T$4),"00:00")+IF(($S$4-I88)<0,"00:00",($S$4-I88))) -> 0 | O88: =IF($C88="","",(HOUR($M88)*60+MINUTE($M88))/60) | P88: =IF(O88="","",O88-Q88) | Q88: =IF($C88="","",(HOUR($N88)*60+MINUTE($N88))/60)
I89: 0.77083333 | J89: 0.89583333 | K89: =J89+$Y$4 -> 8600.8958 | L89: 0 | M89: =IF($I89="","",IF($J89<$I89,($J89+86400)-$I89-$L89,$J89-$I89-$L89)) -> 0.125 | N89: =IF(J89="","",IF(AND($U$4<=(J89-$T$4),(J89-$T$4)<=$V$4),(K89-$T$4),"00:00")+IF(AND($W$4<=(J89-$T$4),(J89-$T$4)<=$X$4),(J89-$T$4),"00:00")+IF(($S$4-I89)<0,"00:00",($S$4-I89))) -> 0 | O89: =IF($C89="","",(HOUR($M89)*60+MINUTE($M89))/60) | P89: =IF(O89="","",O89-Q89) | Q89: =IF($C89="","",(HOUR($N89)*60+MINUTE($N89))/60)
I90: 0.8125 | J90: 0.9375 | K90: =J90+$Y$4 -> 8600.9375 | L90: 0 | M90: =IF($I90="","",IF($J90<$I90,($J90+86400)-$I90-$L90,$J90-$I90-$L90)) -> 0.125 | N90: =IF(J90="","",IF(AND($U$4<=(J90-$T$4),(J90-$T$4)<=$V$4),(K90-$T$4),"00:00")+IF(AND($W$4<=(J90-$T$4),(J90-$T$4)<=$X$4),(J90-$T$4),"00:00")+IF(($S$4-I90)<0,"00:00",($S$4-I90))) -> 0 | O90: =IF($C90="","",(HOUR($M90)*60+MINUTE($M90))/60) | P90: =IF(O90="","",O90-Q90) | Q90: =IF($C90="","",(HOUR($N90)*60+MINUTE($N90))/60)
K91: =J91+$Y$4 -> 8600 | L91: 0 | M91: =IF($I91="","",IF($J91<$I91,($J91+86400)-$I91-$L91,$J91-$I91-$L91)) | N91: =IF(J91="","",IF(AND($U$4<=(J91-$T$4),(J91-$T$4)<=$V$4),(K91-$T$4),"00:00")+IF(AND($W$4<=(J91-$T$4),(J91-$T$4)<=$X$4),(J91-$T$4),"00:00")+IF(($S$4-I91)<0,"00:00",($S$4-I91))) | O91: =IF($C91="","",(HOUR($M91)*60+MINUTE($M91))/60) | P91: =IF(O91="","",O91-Q91) | Q91: =IF($C91="","",(HOUR($N91)*60+MINUTE($N91))/60)
K92: =J92+$Y$4 -> 8600 | L92: 0 | M92: =IF($I92="","",IF($J92<$I92,($J92+86400)-$I92-$L92,$J92-$I92-$L92)) | N92: =IF(J92="","",IF(AND($U$4<=(J92-$T$4),(J92-$T$4)<=$V$4),(K92-$T$4),"00:00")+IF(AND($W$4<=(J92-$T$4),(J92-$T$4)<=$X$4),(J92-$T$4),"00:00")+IF(($S$4-I92)<0,"00:00",($S$4-I92))) | O92: =IF($C92="","",(HOUR($M92)*60+MINUTE($M92))/60) | P92: =IF(O92="","",O92-Q92) | Q92: =IF($C92="","",(HOUR($N92)*60+MINUTE($N92))/60)
A93: EST MOBILE 2 | I93: 0.77083333 | J93: 0.9375 | K93: =J93+$Y$4 -> 8600.9375 | L93: 0 | M93: =IF($I93="","",IF($J93<$I93,($J93+86400)-$I93-$L93,$J93-$I93-$L93)) -> 0.16666667 | N93: =IF(J93="","",IF(AND($U$4<=(J93-$T$4),(J93-$T$4)<=$V$4),(K93-$T$4),"00:00")+IF(AND($W$4<=(J93-$T$4),(J93-$T$4)<=$X$4),(J93-$T$4),"00:00")+IF(($S$4-I93)<0,"00:00",($S$4-I93))) -> 0 | O93: =IF($C93="","",(HOUR($M93)*60+MINUTE($M93))/60) | P93: =IF(O93="","",O93-Q93) | Q93: =IF($C93="","",(HOUR($N93)*60+MINUTE($N93))/60)
I94: 0.77083333 | J94: 0.89583333 | K94: =J94+$Y$4 -> 8600.8958 | L94: 0 | M94: =IF($I94="","",IF($J94<$I94,($J94+86400)-$I94-$L94,$J94-$I94-$L94)) -> 0.125 | N94: =IF(J94="","",IF(AND($U$4<=(J94-$T$4),(J94-$T$4)<=$V$4),(K94-$T$4),"00:00")+IF(AND($W$4<=(J94-$T$4),(J94-$T$4)<=$X$4),(J94-$T$4),"00:00")+IF(($S$4-I94)<0,"00:00",($S$4-I94))) -> 0 | O94: =IF($C94="","",(HOUR($M94)*60+MINUTE($M94))/60) | P94: =IF(O94="","",O94-Q94) | Q94: =IF($C94="","",(HOUR($N94)*60+MINUTE($N94))/60)
I95: 0.8125 | J95: 0.9375 | K95: =J95+$Y$4 -> 8600.9375 | L95: 0 | M95: =IF($I95="","",IF($J95<$I95,($J95+86400)-$I95-$L95,$J95-$I95-$L95)) -> 0.125 | N95: =IF(J95="","",IF(AND($U$4<=(J95-$T$4),(J95-$T$4)<=$V$4),(K95-$T$4),"00:00")+IF(AND($W$4<=(J95-$T$4),(J95-$T$4)<=$X$4),(J95-$T$4),"00:00")+IF(($S$4-I95)<0,"00:00",($S$4-I95))) -> 0 | O95: =IF($C95="","",(HOUR($M95)*60+MINUTE($M95))/60) | P95: =IF(O95="","",O95-Q95) | Q95: =IF($C95="","",(HOUR($N95)*60+MINUTE($N95))/60)
K96: =J96+$Y$4 -> 8600 | L96: 0 | M96: =IF($I96="","",IF($J96<$I96,($J96+86400)-$I96-$L96,$J96-$I96-$L96)) | N96: =IF(J96="","",IF(AND($U$4<=(J96-$T$4),(J96-$T$4)<=$V$4),(K96-$T$4),"00:00")+IF(AND($W$4<=(J96-$T$4),(J96-$T$4)<=$X$4),(J96-$T$4),"00:00")+IF(($S$4-I96)<0,"00:00",($S$4-I96))) | O96: =IF($C96="","",(HOUR($M96)*60+MINUTE($M96))/60) | P96: =IF(O96="","",O96-Q96) | Q96: =IF($C96="","",(HOUR($N96)*60+MINUTE($N96))/60)
K97: =J97+$Y$4 -> 8600 | L97: 0 | M97: =IF($I97="","",IF($J97<$I97,($J97+86400)-$I97-$L97,$J97-$I97-$L97)) | N97: =IF(J97="","",IF(AND($U$4<=(J97-$T$4),(J97-$T$4)<=$V$4),(K97-$T$4),"00:00")+IF(AND($W$4<=(J97-$T$4),(J97-$T$4)<=$X$4),(J97-$T$4),"00:00")+IF(($S$4-I97)<0,"00:00",($S$4-I97))) | O97: =IF($C97="","",(HOUR($M97)*60+MINUTE($M97))/60) | P97: =IF(O97="","",O97-Q97) | Q97: =IF($C97="","",(HOUR($N97)*60+MINUTE($N97))/60)
A98: EST MOBILE 3 | I98: 0.77083333 | J98: 0.9375 | K98: =J98+$Y$4 -> 8600.9375 | L98: 0 | M98: =IF($I98="","",IF($J98<$I98,($J98+86400)-$I98-$L98,$J98-$I98-$L98)) -> 0.16666667 | N98: =IF(J98="","",IF(AND($U$4<=(J98-$T$4),(J98-$T$4)<=$V$4),(K98-$T$4),"00:00")+IF(AND($W$4<=(J98-$T$4),(J98-$T$4)<=$X$4),(J98-$T$4),"00:00")+IF(($S$4-I98)<0,"00:00",($S$4-I98))) -> 0 | O98: =IF($C98="","",(HOUR($M98)*60+MINUTE($M98))/60) | P98: =IF(O98="","",O98-Q98) | Q98: =IF($C98="","",(HOUR($N98)*60+MINUTE($N98))/60)
I99: 0.77083333 | J99: 0.89583333 | K99: =J99+$Y$4 -> 8600.8958 | L99: 0 | M99: =IF($I99="","",IF($J99<$I99,($J99+86400)-$I99-$L99,$J99-$I99-$L99)) -> 0.125 | N99: =IF(J99="","",IF(AND($U$4<=(J99-$T$4),(J99-$T$4)<=$V$4),(K99-$T$4),"00:00")+IF(AND($W$4<=(J99-$T$4),(J99-$T$4)<=$X$4),(J99-$T$4),"00:00")+IF(($S$4-I99)<0,"00:00",($S$4-I99))) -> 0 | O99: =IF($C99="","",(HOUR($M99)*60+MINUTE($M99))/60) | P99: =IF(O99="","",O99-Q99) | Q99: =IF($C99="","",(HOUR($N99)*60+MINUTE($N99))/60)
I100: 0.8125 | J100: 0.9375 | K100: =J100+$Y$4 -> 8600.9375 | L100: 0 | M100: =IF($I100="","",IF($J100<$I100,($J100+86400)-$I100-$L100,$J100-$I100-$L100)) -> 0.125 | N100: =IF(J100="","",IF(AND($U$4<=(J100-$T$4),(J100-$T$4)<=$V$4),(K100-$T$4),"00:00")+IF(AND($W$4<=(J100-$T$4),(J100-$T$4)<=$X$4),(J100-$T$4),"00:00")+IF(($S$4-I100)<0,"00:00",($S$4-I100))) -> 0 | O100: =IF($C100="","",(HOUR($M100)*60+MINUTE($M100))/60) | P100: =IF(O100="","",O100-Q100) | Q100: =IF($C100="","",(HOUR($N100)*60+MINUTE($N100))/60)
...

Sheet FEUILLES HEURES SFC
B2: ='COMMANDE GD-PUBLIC SFC'!$A$2 -> MATCH SFC X | C2: ='COMMANDE GD-PUBLIC SFC'!$C$2 -> FC THOUNE | E2: DATE | F2: ='COMMANDE GD-PUBLIC SFC'!$D$2 -> 45969
B4: HEURE DÉBUT MATCH | C4: ='COMMANDE GD-PUBLIC SFC'!$J$2 -> 0.85416667 | E4: LIEU | F4: STADE DE GENÈVE
B6: NOMBRE DE PERSONNE DEVANT SE TROUVER DANS LA BUVETTE | C6: =COUNTA('COMMANDE GD-PUBLIC SFC'!C5:C17) -> 0
B9: POINT DE VENTE | C9: FONCTION | D9: HORAIRES DE PRÉSENCE | H9: SIGNATURE
B10: ='COMMANDE GD-PUBLIC SFC'!A5 -> NORD 1 | D10: ARRIVÉE | E10: PAUSE | F10: DÉPART | G10: REMARQUE / APPRÉCIATION PAR LE RESPONSABLE
B11: =IF('COMMANDE GD-PUBLIC SFC'!D5="","",'COMMANDE GD-PUBLIC SFC'!D5) | C11: =IF('COMMANDE GD-PUBLIC SFC'!C5="","",'COMMANDE GD-PUBLIC SFC'!C5) | D11: =IF('COMMANDE GD-PUBLIC SFC'!I5="","",'COMMANDE GD-PUBLIC SFC'!I5) -> 0.75
B12: =IF('COMMANDE GD-PUBLIC SFC'!D6="","",'COMMANDE GD-PUBLIC SFC'!D6) | C12: =IF('COMMANDE GD-PUBLIC SFC'!C6="","",'COMMANDE GD-PUBLIC SFC'!C6) | D12: =IF('COMMANDE GD-PUBLIC SFC'!I6="","",'COMMANDE GD-PUBLIC SFC'!I6) -> 0.75
B13: =IF('COMMANDE GD-PUBLIC SFC'!D7="","",'COMMANDE GD-PUBLIC SFC'!D7) | C13: =IF('COMMANDE GD-PUBLIC SFC'!C7="","",'COMMANDE GD-PUBLIC SFC'!C7) | D13: =IF('COMMANDE GD-PUBLIC SFC'!I7="","",'COMMANDE GD-PUBLIC SFC'!I7) -> 0.77083333
B14: =IF('COMMANDE GD-PUBLIC SFC'!D8="","",'COMMANDE GD-PUBLIC SFC'!D8) | C14: =IF('COMMANDE GD-PUBLIC SFC'!C8="","",'COMMANDE GD-PUBLIC SFC'!C8) | D14: =IF('COMMANDE GD-PUBLIC SFC'!I8="","",'COMMANDE GD-PUBLIC SFC'!I8) -> 0.77083333
B15: =IF('COMMANDE GD-PUBLIC SFC'!D9="","",'COMMANDE GD-PUBLIC SFC'!D9) | C15: =IF('COMMANDE GD-PUBLIC SFC'!C9="","",'COMMANDE GD-PUBLIC SFC'!C9) | D15: =IF('COMMANDE GD-PUBLIC SFC'!I9="","",'COMMANDE GD-PUBLIC SFC'!I9) -> 0.79166667
B16: =IF('COMMANDE GD-PUBLIC SFC'!D10="","",'COMMANDE GD-PUBLIC SFC'!D10) | C16: =IF('COMMANDE GD-PUBLIC SFC'!C10="","",'COMMANDE GD-PUBLIC SFC'!C10) | D16: =IF('COMMANDE GD-PUBLIC SFC'!I10="","",'COMMANDE GD-PUBLIC SFC'!I10) -> 0.79166667
B17: =IF('COMMANDE GD-PUBLIC SFC'!D11="","",'COMMANDE GD-PUBLIC SFC'!D11) | C17: =IF('COMMANDE GD-PUBLIC SFC'!C11="","",'COMMANDE GD-PUBLIC SFC'!C11) | D17: =IF('COMMANDE GD-PUBLIC SFC'!I11="","",'COMMANDE GD-PUBLIC SFC'!I11) -> 0.79166667
B18: =IF('COMMANDE GD-PUBLIC SFC'!D12="","",'COMMANDE GD-PUBLIC SFC'!D12) | C18: =IF('COMMANDE GD-PUBLIC SFC'!C12="","",'COMMANDE GD-PUBLIC SFC'!C12) | D18: =IF('COMMANDE GD-PUBLIC SFC'!I12="","",'COMMANDE GD-PUBLIC SFC'!I12) -> 0.8125
B19: =IF('COMMANDE GD-PUBLIC SFC'!D13="","",'COMMANDE GD-PUBLIC SFC'!D13) | C19: =IF('COMMANDE GD-PUBLIC SFC'!C13="","",'COMMANDE GD-PUBLIC SFC'!C13) | D19: =IF('COMMANDE GD-PUBLIC SFC'!I13="","",'COMMANDE GD-PUBLIC SFC'!I13) -> 0.8125
B20: =IF('COMMANDE GD-PUBLIC SFC'!D14="","",'COMMANDE GD-PUBLIC SFC'!D14) | C20: =IF('COMMANDE GD-PUBLIC SFC'!C14="","",'COMMANDE GD-PUBLIC SFC'!C14) | D20: =IF('COMMANDE GD-PUBLIC SFC'!I14="","",'COMMANDE GD-PUBLIC SFC'!I14) -> 0.75
B21: =IF('COMMANDE GD-PUBLIC SFC'!D15="","",'COMMANDE GD-PUBLIC SFC'!D15) | C21: =IF('COMMANDE GD-PUBLIC SFC'!C15="","",'COMMANDE GD-PUBLIC SFC'!C15) | D21: =IF('COMMANDE GD-PUBLIC SFC'!I15="","",'COMMANDE GD-PUBLIC SFC'!I15) -> 0.75
B22: =IF('COMMANDE GD-PUBLIC SFC'!D16="","",'COMMANDE GD-PUBLIC SFC'!D16) | C22: =IF('COMMANDE GD-PUBLIC SFC'!C16="","",'COMMANDE GD-PUBLIC SFC'!C16) | D22: =IF('COMMANDE GD-PUBLIC SFC'!I16="","",'COMMANDE GD-PUBLIC SFC'!I16) -> 0.75
B23: =IF('COMMANDE GD-PUBLIC SFC'!D17="","",'COMMANDE GD-PUBLIC SFC'!D17) | C23: =IF('COMMANDE GD-PUBLIC SFC'!C17="","",'COMMANDE GD-PUBLIC SFC'!C17)
B28: ='COMMANDE GD-PUBLIC SFC'!$A$2 -> MATCH SFC X | C28: ='COMMANDE GD-PUBLIC SFC'!$C$2 -> FC THOUNE | E28: DATE | F28: ='COMMANDE GD-PUBLIC SFC'!$D$2 -> 45969
B30: HEURE DÉBUT MATCH | C30: ='COMMANDE GD-PUBLIC SFC'!$J$2 -> 0.85416667 | E30: LIEU | F30: STADE DE GENÈVE
B32: NOMBRE DE PERSONNE DEVANT SE TROUVER DANS LA BUVETTE | C32: =COUNTA('COMMANDE GD-PUBLIC SFC'!C18:C30) -> 0
B35: POINT DE VENTE | C35: FONCTION | D35: HORAIRES DE PRÉSENCE | H35: SIGNATURE
B36: ='COMMANDE GD-PUBLIC SFC'!A18 -> NORD 2 | D36: ARRIVÉE | E36: PAUSE | F36: DÉPART | G36: REMARQUE / APPRÉCIATION PAR LE RESPONSABLE
B37: =IF('COMMANDE GD-PUBLIC SFC'!D18="","",'COMMANDE GD-PUBLIC SFC'!D18) | C37: =IF('COMMANDE GD-PUBLIC SFC'!C18="","",'COMMANDE GD-PUBLIC SFC'!C18) | D37: =IF('COMMANDE GD-PUBLIC SFC'!I18="","",'COMMANDE GD-PUBLIC SFC'!I18) -> 0.75
B38: =IF('COMMANDE GD-PUBLIC SFC'!D19="","",'COMMANDE GD-PUBLIC SFC'!D19) | C38: =IF('COMMANDE GD-PUBLIC SFC'!C19="","",'COMMANDE GD-PUBLIC SFC'!C19) | D38: =IF('COMMANDE GD-PUBLIC SFC'!I19="","",'COMMANDE GD-PUBLIC SFC'!I19) -> 0.75
B39: =IF('COMMANDE GD-PUBLIC SFC'!D20="","",'COMMANDE GD-PUBLIC SFC'!D20) | C39: =IF('COMMANDE GD-PUBLIC SFC'!C20="","",'COMMANDE GD-PUBLIC SFC'!C20) | D39: =IF('COMMANDE GD-PUBLIC SFC'!I20="","",'COMMANDE GD-PUBLIC SFC'!I20) -> 0.77083333
B40: =IF('COMMANDE GD-PUBLIC SFC'!D21="","",'COMMANDE GD-PUBLIC SFC'!D21) | C40: =IF('COMMANDE GD-PUBLIC SFC'!C21="","",'COMMANDE GD-PUBLIC SFC'!C21) | D40: =IF('COMMANDE GD-PUBLIC SFC'!I21="","",'COMMANDE GD-PUBLIC SFC'!I21) -> 0.77083333
B41: =IF('COMMANDE GD-PUBLIC SFC'!D22="","",'COMMANDE GD-PUBLIC SFC'!D22) | C41: =IF('COMMANDE GD-PUBLIC SFC'!C22="","",'COMMANDE GD-PUBLIC SFC'!C22) | D41: =IF('COMMANDE GD-PUBLIC SFC'!I22="","",'COMMANDE GD-PUBLIC SFC'!I22) -> 0.79166667
B42: =IF('COMMANDE GD-PUBLIC SFC'!D23="","",'COMMANDE GD-PUBLIC SFC'!D23) | C42: =IF('COMMANDE GD-PUBLIC SFC'!C23="","",'COMMANDE GD-PUBLIC SFC'!C23) | D42: =IF('COMMANDE GD-PUBLIC SFC'!I23="","",'COMMANDE GD-PUBLIC SFC'!I23) -> 0.79166667
B43: =IF('COMMANDE GD-PUBLIC SFC'!D24="","",'COMMANDE GD-PUBLIC SFC'!D24) | C43: =IF('COMMANDE GD-PUBLIC SFC'!C24="","",'COMMANDE GD-PUBLIC SFC'!C24) | D43: =IF('COMMANDE GD-PUBLIC SFC'!I24="","",'COMMANDE GD-PUBLIC SFC'!I24) -> 0.79166667
B44: =IF('COMMANDE GD-PUBLIC SFC'!D25="","",'COMMANDE GD-PUBLIC SFC'!D25) | C44: =IF('COMMANDE GD-PUBLIC SFC'!C25="","",'COMMANDE GD-PUBLIC SFC'!C25) | D44: =IF('COMMANDE GD-PUBLIC SFC'!I25="","",'COMMANDE GD-PUBLIC SFC'!I25) -> 0.8125
B45: =IF('COMMANDE GD-PUBLIC SFC'!D26="","",'COMMANDE GD-PUBLIC SFC'!D26) | C45: =IF('COMMANDE GD-PUBLIC SFC'!C26="","",'COMMANDE GD-PUBLIC SFC'!C26) | D45: =IF('COMMANDE GD-PUBLIC SFC'!I26="","",'COMMANDE GD-PUBLIC SFC'!I26) -> 0.8125
B46: =IF('COMMANDE GD-PUBLIC SFC'!D27="","",'COMMANDE GD-PUBLIC SFC'!D27) | C46: =IF('COMMANDE GD-PUBLIC SFC'!C27="","",'COMMANDE GD-PUBLIC SFC'!C27) | D46: =IF('COMMANDE GD-PUBLIC SFC'!I27="","",'COMMANDE GD-PUBLIC SFC'!I27) -> 0.75
B47: =IF('COMMANDE GD-PUBLIC SFC'!D28="","",'COMMANDE GD-PUBLIC SFC'!D28) | C47: =IF('COMMANDE GD-PUBLIC SFC'!C28="","",'COMMANDE GD-PUBLIC SFC'!C28) | D47: =IF('COMMANDE GD-PUBLIC SFC'!I28="","",'COMMANDE GD-PUBLIC SFC'!I28) -> 0.75
B48: =IF('COMMANDE GD-PUBLIC SFC'!D29="","",'COMMANDE GD-PUBLIC SFC'!D29) | C48: =IF('COMMANDE GD-PUBLIC SFC'!C29="","",'COMMANDE GD-PUBLIC SFC'!C29) | D48: =IF('COMMANDE GD-PUBLIC SFC'!I29="","",'COMMANDE GD-PUBLIC SFC'!I29) -> 0.75
B49: =IF('COMMANDE GD-PUBLIC SFC'!D30="","",'COMMANDE GD-PUBLIC SFC'!D30) | C49: =IF('COMMANDE GD-PUBLIC SFC'!C30="","",'COMMANDE GD-PUBLIC SFC'!C30) | D49: =IF('COMMANDE GD-PUBLIC SFC'!I30="","",'COMMANDE GD-PUBLIC SFC'!I30)
B53: ='COMMANDE GD-PUBLIC SFC'!$A$2 -> MATCH SFC X | C53: ='COMMANDE GD-PUBLIC SFC'!$C$2 -> FC THOUNE | E53: DATE | F53: ='COMMANDE GD-PUBLIC SFC'!$D$2 -> 45969
B55: HEURE DÉBUT MATCH | C55: ='COMMANDE GD-PUBLIC SFC'!$J$2 -> 0.85416667 | E55: LIEU | F55: STADE DE GENÈVE
B57: NOMBRE DE PERSONNE DEVANT SE TROUVER DANS LA BUVETTE | C57: =COUNTA('COMMANDE GD-PUBLIC SFC'!C31:C39) -> 0
B60: POINT DE VENTE | C60: FONCTION | D60: HORAIRES DE PRÉSENCE | H60: SIGNATURE
B61: ='COMMANDE GD-PUBLIC SFC'!A31 -> NORD MOBILE 1 | D61: ARRIVÉE | E61: PAUSE | F61: DÉPART | G61: REMARQUE / APPRÉCIATION PAR LE RESPONSABLE
B62: =IF('COMMANDE GD-PUBLIC SFC'!D31="","",'COMMANDE GD-PUBLIC SFC'!D31) | C62: =IF('COMMANDE GD-PUBLIC SFC'!C31="","",'COMMANDE GD-PUBLIC SFC'!C31) | D62: =IF('COMMANDE GD-PUBLIC SFC'!I31="","",'COMMANDE GD-PUBLIC SFC'!I31) -> 0.75
B63: =IF('COMMANDE GD-PUBLIC SFC'!D32="","",'COMMANDE GD-PUBLIC SFC'!D32) | C63: =IF('COMMANDE GD-PUBLIC SFC'!C32="","",'COMMANDE GD-PUBLIC SFC'!C32) | D63: =IF('COMMANDE GD-PUBLIC SFC'!I32="","",'COMMANDE GD-PUBLIC SFC'!I32) -> 0.75
B64: =IF('COMMANDE GD-PUBLIC SFC'!D33="","",'COMMANDE GD-PUBLIC SFC'!D33) | C64: =IF('COMMANDE GD-PUBLIC SFC'!C33="","",'COMMANDE GD-PUBLIC SFC'!C33) | D64: =IF('COMMANDE GD-PUBLIC SFC'!I33="","",'COMMANDE GD-PUBLIC SFC'!I33) -> 0.77083333
B65: =IF('COMMANDE GD-PUBLIC SFC'!D34="","",'COMMANDE GD-PUBLIC SFC'!D34) | C65: =IF('COMMANDE GD-PUBLIC SFC'!C34="","",'COMMANDE GD-PUBLIC SFC'!C34) | D65: =IF('COMMANDE GD-PUBLIC SFC'!I34="","",'COMMANDE GD-PUBLIC SFC'!I34) -> 0.77083333
B66: =IF('COMMANDE GD-PUBLIC SFC'!D35="","",'COMMANDE GD-PUBLIC SFC'!D35) | C66: =IF('COMMANDE GD-PUBLIC SFC'!C35="","",'COMMANDE GD-PUBLIC SFC'!C35) | D66: =IF('COMMANDE GD-PUBLIC SFC'!I35="","",'COMMANDE GD-PUBLIC SFC'!I35) -> 0.8125
B67: =IF('COMMANDE GD-PUBLIC SFC'!D36="","",'COMMANDE GD-PUBLIC SFC'!D36) | C67: =IF('COMMANDE GD-PUBLIC SFC'!C36="","",'COMMANDE GD-PUBLIC SFC'!C36) | D67: =IF('COMMANDE GD-PUBLIC SFC'!I36="","",'COMMANDE GD-PUBLIC SFC'!I36) -> 0.8125
B68: =IF('COMMANDE GD-PUBLIC SFC'!D37="","",'COMMANDE GD-PUBLIC SFC'!D37) | C68: =IF('COMMANDE GD-PUBLIC SFC'!C37="","",'COMMANDE GD-PUBLIC SFC'!C37) | D68: =IF('COMMANDE GD-PUBLIC SFC'!I37="","",'COMMANDE GD-PUBLIC SFC'!I37) -> 0.8125
B69: =IF('COMMANDE GD-PUBLIC SFC'!D38="","",'COMMANDE GD-PUBLIC SFC'!D38) | C69: =IF('COMMANDE GD-PUBLIC SFC'!C38="","",'COMMANDE GD-PUBLIC SFC'!C38) | D69: =IF('COMMANDE GD-PUBLIC SFC'!I38="","",'COMMANDE GD-PUBLIC SFC'!I38)
B70: =IF('COMMANDE GD-PUBLIC SFC'!D39="","",'COMMANDE GD-PUBLIC SFC'!D39) | C70: =IF('COMMANDE GD-PUBLIC SFC'!C39="","",'COMMANDE GD-PUBLIC SFC'!C39) | D70: =IF('COMMANDE GD-PUBLIC SFC'!I39="","",'COMMANDE GD-PUBLIC SFC'!I39)
B74: ='COMMANDE GD-PUBLIC SFC'!$A$2 -> MATCH SFC X | C74: ='COMMANDE GD-PUBLIC SFC'!$C$2 -> FC THOUNE | E74: DATE | F74: ='COMMANDE GD-PUBLIC SFC'!$D$2 -> 45969
B76: HEURE DÉBUT MATCH | C76: ='COMMANDE GD-PUBLIC SFC'!$J$2 -> 0.85416667 | E76: LIEU | F76: STADE DE GENÈVE
B78: NOMBRE DE PERSONNE DEVANT SE TROUVER DANS LA BUVETTE | C78: =COUNTA('COMMANDE GD-PUBLIC SFC'!C40:C48) -> 0
B81: POINT DE VENTE | C81: FONCTION | D81: HORAIRES DE PRÉSENCE | H81: SIGNATURE
B82: ='COMMANDE GD-PUBLIC SFC'!A40 -> NORD MOBILE 2 | D82: ARRIVÉE | E82: PAUSE | F82: DÉPART | G82: REMARQUE / APPRÉCIATION PAR LE RESPONSABLE
B83: =IF('COMMANDE GD-PUBLIC SFC'!D40="","",'COMMANDE GD-PUBLIC SFC'!D40) | C83: =IF('COMMANDE GD-PUBLIC SFC'!C40="","",'COMMANDE GD-PUBLIC SFC'!C40) | D83: =IF('COMMANDE GD-PUBLIC SFC'!I40="","",'COMMANDE GD-PUBLIC SFC'!I40) -> 0.75
B84: =IF('COMMANDE GD-PUBLIC SFC'!D41="","",'COMMANDE GD-PUBLIC SFC'!D41) | C84: =IF('COMMANDE GD-PUBLIC SFC'!C41="","",'COMMANDE GD-PUBLIC SFC'!C41) | D84: =IF('COMMANDE GD-PUBLIC SFC'!I41="","",'COMMANDE GD-PUBLIC SFC'!I41) -> 0.75
B85: =IF('COMMANDE GD-PUBLIC SFC'!D42="","",'COMMANDE GD-PUBLIC SFC'!D42) | C85: =IF('COMMANDE GD-PUBLIC SFC'!C42="","",'COMMANDE GD-PUBLIC SFC'!C42) | D85: =IF('COMMANDE GD-PUBLIC SFC'!I42="","",'COMMANDE GD-PUBLIC SFC'!I42) -> 0.77083333
B86: =IF('COMMANDE GD-PUBLIC SFC'!D43="","",'COMMANDE GD-PUBLIC SFC'!D43) | C86: =IF('COMMANDE GD-PUBLIC SFC'!C43="","",'COMMANDE GD-PUBLIC SFC'!C43) | D86: =IF('COMMANDE GD-PUBLIC SFC'!I43="","",'COMMANDE GD-PUBLIC SFC'!I43) -> 0.77083333
B87: =IF('COMMANDE GD-PUBLIC SFC'!D44="","",'COMMANDE GD-PUBLIC SFC'!D44) | C87: =IF('COMMANDE GD-PUBLIC SFC'!C44="","",'COMMANDE GD-PUBLIC SFC'!C44) | D87: =IF('COMMANDE GD-PUBLIC SFC'!I44="","",'COMMANDE GD-PUBLIC SFC'!I44) -> 0.8125
B88: =IF('COMMANDE GD-PUBLIC SFC'!D45="","",'COMMANDE GD-PUBLIC SFC'!D45) | C88: =IF('COMMANDE GD-PUBLIC SFC'!C45="","",'COMMANDE GD-PUBLIC SFC'!C45) | D88: =IF('COMMANDE GD-PUBLIC SFC'!I45="","",'COMMANDE GD-PUBLIC SFC'!I45) -> 0.8125
B89: =IF('COMMANDE GD-PUBLIC SFC'!D46="","",'COMMANDE GD-PUBLIC SFC'!D46) | C89: =IF('COMMANDE GD-PUBLIC SFC'!C46="","",'COMMANDE GD-PUBLIC SFC'!C46) | D89: =IF('COMMANDE GD-PUBLIC SFC'!I46="","",'COMMANDE GD-PUBLIC SFC'!I46) -> 0.8125
B90: =IF('COMMANDE GD-PUBLIC SFC'!D47="","",'COMMANDE GD-PUBLIC SFC'!D47) | C90: =IF('COMMANDE GD-PUBLIC SFC'!C47="","",'COMMANDE GD-PUBLIC SFC'!C47) | D90: =IF('COMMANDE GD-PUBLIC SFC'!I47="","",'COMMANDE GD-PUBLIC SFC'!I47)
B91: =IF('COMMANDE GD-PUBLIC SFC'!D48="","",'COMMANDE GD-PUBLIC SFC'!D48) | C91: =IF('COMMANDE GD-PUBLIC SFC'!C48="","",'COMMANDE GD-PUBLIC SFC'!C48) | D91: =IF('COMMANDE GD-PUBLIC SFC'!I48="","",'COMMANDE GD-PUBLIC SFC'!I48)
B96: ='COMMANDE GD-PUBLIC SFC'!$A$2 -> MATCH SFC X | C96: ='COMMANDE GD-PUBLIC SFC'!$C$2 -> FC THOUNE | E96: DATE | F96: ='COMMANDE GD-PUBLIC SFC'!$D$2 -> 45969
B98: HEURE DÉBUT MATCH | C98: ='COMMANDE GD-PUBLIC SFC'!$J$2 -> 0.85416667 | E98: LIEU | F98: STADE DE GENÈVE
B100: NOMBRE DE PERSONNE DEVANT SE TROUVER DANS LA BUVETTE | C100: =COUNTA('COMMANDE GD-PUBLIC SFC'!C49:C57) -> 0
B103: POINT DE VENTE | C103: FONCTION | D103: HORAIRES DE PRÉSENCE | H103: SIGNATURE
B104: ='COMMANDE GD-PUBLIC SFC'!A49 -> ESPLANADE | D104: ARRIVÉE | E104: PAUSE | F104: DÉPART | G104: REMARQUE / APPRÉCIATION PAR LE RESPONSABLE
B105: =IF('COMMANDE GD-PUBLIC SFC'!D49="","",'COMMANDE GD-PUBLIC SFC'!D49) | C105: =IF('COMMANDE GD-PUBLIC SFC'!C49="","",'COMMANDE GD-PUBLIC SFC'!C49) | D105: =IF('COMMANDE GD-PUBLIC SFC'!I49="","",'COMMANDE GD-PUBLIC SFC'!I49) -> 0.75
B106: =IF('COMMANDE GD-PUBLIC SFC'!D50="","",'COMMANDE GD-PUBLIC SFC'!D50) | C106: =IF('COMMANDE GD-PUBLIC SFC'!C50="","",'COMMANDE GD-PUBLIC SFC'!C50) | D106: =IF('COMMANDE GD-PUBLIC SFC'!I50="","",'COMMANDE GD-PUBLIC SFC'!I50) -> 0.75
B107: =IF('COMMANDE GD-PUBLIC SFC'!D51="","",'COMMANDE GD-PUBLIC SFC'!D51) | C107: =IF('COMMANDE GD-PUBLIC SFC'!C51="","",'COMMANDE GD-PUBLIC SFC'!C51) | D107: =IF('COMMANDE GD-PUBLIC SFC'!I51="","",'COMMANDE GD-PUBLIC SFC'!I51) -> 0.77083333
B108: =IF('COMMANDE GD-PUBLIC SFC'!D52="","",'COMMANDE GD-PUBLIC SFC'!D52) | C108: =IF('COMMANDE GD-PUBLIC SFC'!C52="","",'COMMANDE GD-PUBLIC SFC'!C52) | D108: =IF('COMMANDE GD-PUBLIC SFC'!I52="","",'COMMANDE GD-PUBLIC SFC'!I52) -> 0.77083333
B109: =IF('COMMANDE GD-PUBLIC SFC'!D53="","",'COMMANDE GD-PUBLIC SFC'!D53) | C109: =IF('COMMANDE GD-PUBLIC SFC'!C53="","",'COMMANDE GD-PUBLIC SFC'!C53) | D109: =IF('COMMANDE GD-PUBLIC SFC'!I53="","",'COMMANDE GD-PUBLIC SFC'!I53) -> 0.77083333
B110: =IF('COMMANDE GD-PUBLIC SFC'!D54="","",'COMMANDE GD-PUBLIC SFC'!D54) | C110: =IF('COMMANDE GD-PUBLIC SFC'!C54="","",'COMMANDE GD-PUBLIC SFC'!C54) | D110: =IF('COMMANDE GD-PUBLIC SFC'!I54="","",'COMMANDE GD-PUBLIC SFC'!I54) -> 0.79166667
B111: =IF('COMMANDE GD-PUBLIC SFC'!D55="","",'COMMANDE GD-PUBLIC SFC'!D55) | C111: =IF('COMMANDE GD-PUBLIC SFC'!C55="","",'COMMANDE GD-PUBLIC SFC'!C55) | D111: =IF('COMMANDE GD-PUBLIC SFC'!I55="","",'COMMANDE GD-PUBLIC SFC'!I55) -> 0.79166667
B112: =IF('COMMANDE GD-PUBLIC SFC'!D56="","",'COMMANDE GD-PUBLIC SFC'!D56) | C112: =IF('COMMANDE GD-PUBLIC SFC'!C56="","",'COMMANDE GD-PUBLIC SFC'!C56) | D112: =IF('COMMANDE GD-PUBLIC SFC'!I56="","",'COMMANDE GD-PUBLIC SFC'!I56)
B113: =IF('COMMANDE GD-PUBLIC SFC'!D57="","",'COMMANDE GD-PUBLIC SFC'!D57) | C113: =IF('COMMANDE GD-PUBLIC SFC'!C57="","",'COMMANDE GD-PUBLIC SFC'!C57) | D113: =IF('COMMANDE GD-PUBLIC SFC'!I57="","",'COMMANDE GD-PUBLIC SFC'!I57)
B117: ='COMMANDE GD-PUBLIC SFC'!$A$2 -> MATCH SFC X | C117: ='COMMANDE GD-PUBLIC SFC'!$C$2 -> FC THOUNE | E117: DATE | F117: ='COMMANDE GD-PUBLIC SFC'!$D$2 -> 45969
B119: HEURE DÉBUT MATCH | C119: ='COMMANDE GD-PUBLIC SFC'!$J$2 -> 0.85416667 | E119: LIEU | F119: STADE DE GENÈVE
B121: NOMBRE DE PERSONNE DEVANT SE TROUVER DANS LA BUVETTE | C121: =COUNTA('COMMANDE GD-PUBLIC SFC'!C58:C61) -> 0
B124: POINT DE VENTE | C124: FONCTION | D124: HORAIRES DE PRÉSENCE | H124: SIGNATURE
B125: ='COMMANDE GD-PUBLIC SFC'!A58 -> FISH AND SHIPS | D125: ARRIVÉE | E125: PAUSE | F125: DÉPART | G125: REMARQUE / APPRÉCIATION PAR LE RESPONSABLE
B126: =IF('COMMANDE GD-PUBLIC SFC'!D58="","",'COMMANDE GD-PUBLIC SFC'!D58) | C126: =IF('COMMANDE GD-PUBLIC SFC'!C58="","",'COMMANDE GD-PUBLIC SFC'!C58) | D126: =IF('COMMANDE GD-PUBLIC SFC'!I58="","",'COMMANDE GD-PUBLIC SFC'!I58) -> 0.77083333
B127: =IF('COMMANDE GD-PUBLIC SFC'!D59="","",'COMMANDE GD-PUBLIC SFC'!D59) | C127: =IF('COMMANDE GD-PUBLIC SFC'!C59="","",'COMMANDE GD-PUBLIC SFC'!C59) | D127: =IF('COMMANDE GD-PUBLIC SFC'!I59="","",'COMMANDE GD-PUBLIC SFC'!I59) -> 0.79166667
B128: =IF('COMMANDE GD-PUBLIC SFC'!D60="","",'COMMANDE GD-PUBLIC SFC'!D60) | C128: =IF('COMMANDE GD-PUBLIC SFC'!C60="","",'COMMANDE GD-PUBLIC SFC'!C60) | D128: =IF('COMMANDE GD-PUBLIC SFC'!I60="","",'COMMANDE GD-PUBLIC SFC'!I60) -> 0.8125
B129: =IF('COMMANDE GD-PUBLIC SFC'!D61="","",'COMMANDE GD-PUBLIC SFC'!D61) | C129: =IF('COMMANDE GD-PUBLIC SFC'!C61="","",'COMMANDE GD-PUBLIC SFC'!C61) | D129: =IF('COMMANDE GD-PUBLIC SFC'!I61="","",'COMMANDE GD-PUBLIC SFC'!I61)
B133: ='COMMANDE GD-PUBLIC SFC'!$A$2 -> MATCH SFC X | C133: ='COMMANDE GD-PUBLIC SFC'!$C$2 -> FC THOUNE | E133: DATE | F133: ='COMMANDE GD-PUBLIC SFC'!$D$2 -> 45969
B135: HEURE DÉBUT MATCH | C135: ='COMMANDE GD-PUBLIC SFC'!$J$2 -> 0.85416667 | E135: LIEU | F135: STADE DE GENÈVE
B137: NOMBRE DE PERSONNE DEVANT SE TROUVER DANS LA BUVETTE | C137: =COUNTA('COMMANDE GD-PUBLIC SFC'!C62:C74) -> 0
B140: POINT DE VENTE | C140: FONCTION | D140: HORAIRES DE PRÉSENCE | H140: SIGNATURE
B141: ='COMMANDE GD-PUBLIC SFC'!A62 -> EST 1 | D141: ARRIVÉE | E141: PAUSE | F141: DÉPART | G141: REMARQUE / APPRÉCIATION PAR LE RESPONSABLE
B142: =IF('COMMANDE GD-PUBLIC SFC'!D62="","",'COMMANDE GD-PUBLIC SFC'!D62) | C142: =IF('COMMANDE GD-PUBLIC SFC'!C62="","",'COMMANDE GD-PUBLIC SFC'!C62) | D142: =IF('COMMANDE GD-PUBLIC SFC'!I62="","",'COMMANDE GD-PUBLIC SFC'!I62) -> 0.75
B143: =IF('COMMANDE GD-PUBLIC SFC'!D63="","",'COMMANDE GD-PUBLIC SFC'!D63) | C143: =IF('COMMANDE GD-PUBLIC SFC'!C63="","",'COMMANDE GD-PUBLIC SFC'!C63) | D143: =IF('COMMANDE GD-PUBLIC SFC'!I63="","",'COMMANDE GD-PUBLIC SFC'!I63) -> 0.75
B144: =IF('COMMANDE GD-PUBLIC SFC'!D64="","",'COMMANDE GD-PUBLIC SFC'!D64) | C144: =IF('COMMANDE GD-PUBLIC SFC'!C64="","",'COMMANDE GD-PUBLIC SFC'!C64) | D144: =IF('COMMANDE GD-PUBLIC SFC'!I64="","",'COMMANDE GD-PUBLIC SFC'!I64) -> 0.77083333
B145: =IF('COMMANDE GD-PUBLIC SFC'!D65="","",'COMMANDE GD-PUBLIC SFC'!D65) | C145: =IF('COMMANDE GD-PUBLIC SFC'!C65="","",'COMMANDE GD-PUBLIC SFC'!C65) | D145: =IF('COMMANDE GD-PUBLIC SFC'!I65="","",'COMMANDE GD-PUBLIC SFC'!I65) -> 0.77083333
B146: =IF('COMMANDE GD-PUBLIC SFC'!D66="","",'COMMANDE GD-PUBLIC SFC'!D66) | C146: =IF('COMMANDE GD-PUBLIC SFC'!C66="","",'COMMANDE GD-PUBLIC SFC'!C66) | D146: =IF('COMMANDE GD-PUBLIC SFC'!I66="","",'COMMANDE GD-PUBLIC SFC'!I66) -> 0.79166667
B147: =IF('COMMANDE GD-PUBLIC SFC'!D67="","",'COMMANDE GD-PUBLIC SFC'!D67) | C147: =IF('COMMANDE GD-PUBLIC SFC'!C67="","",'COMMANDE GD-PUBLIC SFC'!C67) | D147: =IF('COMMANDE GD-PUBLIC SFC'!I67="","",'COMMANDE GD-PUBLIC SFC'!I67) -> 0.79166667
B148: =IF('COMMANDE GD-PUBLIC SFC'!D68="","",'COMMANDE GD-PUBLIC SFC'!D68) | C148: =IF('COMMANDE GD-PUBLIC SFC'!C68="","",'COMMANDE GD-PUBLIC SFC'!C68) | D148: =IF('COMMANDE GD-PUBLIC SFC'!I68="","",'COMMANDE GD-PUBLIC SFC'!I68) -> 0.79166667
B149: =IF('COMMANDE GD-PUBLIC SFC'!D69="","",'COMMANDE GD-PUBLIC SFC'!D69) | C149: =IF('COMMANDE GD-PUBLIC SFC'!C69="","",'COMMANDE GD-PUBLIC SFC'!C69) | D149: =IF('COMMANDE GD-PUBLIC SFC'!I69="","",'COMMANDE GD-PUBLIC SFC'!I69) -> 0.8125
...
